"primary_key","parent","parent_tag","machine","machine_guid","machine_tag","component","component_tag","bearing","bearing_tag","point","point_tag","type","parameter","unit","alarm_type","dg_plus","al_plus","pal_plus","pal_minus","al_minus","dg_minus","date_list","date_meas","value","status","status_code","file_key","dw_date","area_sub_1","area_sub_2","area_sub_3","area_sub_4","area_sub_5","area_sub_6","area_sub_7","area_sub_8","area_sub_9","area_sub_10","wave_join_key","client","test_point_name"
"000ee19d4ba2352f4c0c3660533cf0f3","SOT & WWTP/Building 46/Level 1 south Ext",NULL,"2204673-65200","8f669413-f706-47d4-92c1-000af5b89657",NULL,"Pump1",NULL,"3PP-DE",NULL,"3-PP-Ax",NULL,"BandEnergyFromSpectrum","HF RMS Accel","g","AlarmTypeHigh","6.000","3.000","1.500",NULL,NULL,NULL,"2026-04-10 07:45:56","2026-04-10 07:45:56","0.014","Ok","2","J20260411070002B10E960","2026-04-11 07:15:31.403974+00","SOT & WWTP","Building 46","Level 1 south Ext","","","","","","","","B10E960","DSM"," Pump DE"
"009caa58731cb604f3b3b00eff245d53","SOT & WWTP/Building 46/Level 1 South Int",NULL,"2204674-12200","920f4ad8-e17b-4e95-bb07-fe8ccfbdeb6a",NULL,"ElectricMotor1",NULL,"1MT-NDE",NULL,"1-MT-RV",NULL,"BroadBand","Envelope Energy","g",NULL,NULL,NULL,NULL,NULL,NULL,NULL,"2026-04-10 07:59:41","2026-04-10 07:58:07","0.019","Unknown","1","J20260411070002B10E550","2026-04-11 07:15:15.907019+00","SOT & WWTP","Building 46","Level 1 South Int","","","","","","","","B10E550","DSM"," Motor NDE"
"015892c430a57e6d7e30ed1eabc1d4f9","SOT & WWTP/Building 46/Level 1 south Ext",NULL,"2204674-82200","03730490-e586-4775-9f7d-24435dd06cae",NULL,"Pump1",NULL,"4PP-NDE",NULL,"4-PP-RH",NULL,"Acceleration","Pk-Pk Accel","g","AlarmTypeHigh","9.000","6.000","3.000",NULL,NULL,NULL,"2026-04-10 08:36:06","2026-04-10 08:36:03","2.628","Ok","2","J20260411070002B10E542","2026-04-11 07:15:17.341809+00","SOT & WWTP","Building 46","Level 1 south Ext","","","","","","","","B10E542","DSM"," Pump NDE"
"0166f55d77bb2e42c2f7263bded10138","Calpan/Building 12/Level 2/Step 34",NULL,"100-12-34-442-01","10694b53-68ec-4cc5-ba70-011ea9cfc8cb",NULL,"ElectricMotor1",NULL,"1MT-NDE",NULL,"1-MT-Ax",NULL,"BandEnergyFromSpectrum","MF Velocity (~3-8X)","mm/s","AlarmTypeHigh","5.000","3.000","1.000",NULL,NULL,NULL,"2026-04-10 07:04:28","2026-04-10 07:04:28","0.342","Ok","2","J20260411070002B10E108","2026-04-11 07:15:30.283493+00","Calpan","Building 12","Level 2","Step 34","","","","","","","B10E108","DSM"," Motor NDE"
"0171b4ddcc9ad907a2a8278fc1c0c3df","Calpan/Building 12/Level 3/Step 34",NULL,"100-12-34-772-01","6b5b6534-5ed7-4bf6-959a-47e0f9d1edb4",NULL,"ElectricMotor1",NULL,"1MT-NDE",NULL,"1-MT-RV",NULL,"BandEnergyFromSpectrum","HF RMS Accel","g","AlarmTypeHigh","6.000","3.000","1.500",NULL,NULL,NULL,"2026-04-10 09:25:26","2026-04-10 09:25:26","0.004","Ok","2","J20260411070002B10E326","2026-04-11 07:15:18.100414+00","Calpan","Building 12","Level 3","Step 34","","","","","","","B10E326","DSM"," Motor NDE"
"0176831a5fe3f2ccd8362f65cb571880","Calpan/Building 12/Level 3/Step 34",NULL,"100-12-34-122-01","2f0c1896-955a-4c2b-b25f-c632bd837c5d",NULL,"ElectricMotor1",NULL,"1MT-NDE",NULL,"1-MT-RV",NULL,"BandEnergyFromSpectrum","HF RMS Accel","g","AlarmTypeHigh","6.000","3.000","1.500",NULL,NULL,NULL,"2026-04-10 09:11:47","2026-04-10 09:11:47","0.019","Ok","2","J20260411070002B10E320","2026-04-11 07:15:20.786773+00","Calpan","Building 12","Level 3","Step 34","","","","","","","B10E320","DSM"," Motor NDE"
"01a6ed3d5fe289c421c471813357ed06","SOT & WWTP/Building 46/Level 1 south Ext",NULL,"2204674-82200","03730490-e586-4775-9f7d-24435dd06cae",NULL,"Pump1",NULL,"3PP-DE",NULL,"3-PP-RV",NULL,"Acceleration","OV Accel","g","AlarmTypeHigh","6.000","3.000","2.000",NULL,NULL,NULL,"2026-04-10 08:36:06","2026-04-10 08:35:33","0.379","Ok","2","J20260411070002B10E542","2026-04-11 07:15:17.341809+00","SOT & WWTP","Building 46","Level 1 south Ext","","","","","","","","B10E542","DSM"," Pump DE"
"01adc3823a2d3086e9dfd18c13e0f006","SOT & WWTP/Building 46/Level 1 south Ext",NULL,"2204674-82200","03730490-e586-4775-9f7d-24435dd06cae",NULL,"ElectricMotor1",NULL,"1MT-NDE",NULL,"1-MT-RH",NULL,"Acceleration","OV Accel","g","AlarmTypeHigh","6.000","3.000","2.000",NULL,NULL,NULL,"2026-04-10 08:36:06","2026-04-10 08:34:36","0.152","Ok","2","J20260411070002B10E542","2026-04-11 07:15:17.341809+00","SOT & WWTP","Building 46","Level 1 south Ext","","","","","","","","B10E542","DSM"," Motor NDE"
"01c94dc86cafb34c759c96bd149e82b4","Calpan/Building 12/Level 3/Step 34",NULL,"100-12-34-112-01","6ede0422-81cb-4ec5-a1c5-1d25b11af911",NULL,"ElectricMotor1",NULL,"1MT-NDE",NULL,"1-MT-RH",NULL,"Acceleration","Pk-Pk Accel","g","AlarmTypeHigh","9.000","6.000","3.000",NULL,NULL,NULL,"2026-04-10 09:38:31","2026-04-10 09:37:01","0.600","Ok","2","J20260411070002B10E332","2026-04-11 07:16:22.283852+00","Calpan","Building 12","Level 3","Step 34","","","","","","","B10E332","DSM"," Motor NDE"
"01daac56090993ebf88203983d64a431","SOT & WWTP/Building 46/Level 1 South Int",NULL,"2204674-12200","920f4ad8-e17b-4e95-bb07-fe8ccfbdeb6a",NULL,"Pump1",NULL,"4PP-NDE",NULL,"4-PP-Ax",NULL,"BandEnergyFromSpectrum","LF RMS Accel","g","AlarmTypeHigh","0.800","0.400","0.200",NULL,NULL,NULL,"2026-04-10 07:59:41","2026-04-10 07:59:41","0.076","Ok","2","J20260411070002B10E550","2026-04-11 07:15:15.907019+00","SOT & WWTP","Building 46","Level 1 South Int","","","","","","","","B10E550","DSM"," Pump NDE"
"0223ba674a9258fb3dc9b7b9e7792538","SOT & WWTP/Building 46/Level 1 South Int",NULL,"2204674-12700","5a52a7bb-3ac4-4087-b2ae-b50b8ac5d619",NULL,"Pump1",NULL,"4PP-NDE",NULL,"4-PP-RV",NULL,"BandEnergyFromSpectrum","HF RMS Accel","g","AlarmTypeHigh","6.000","3.000","1.500",NULL,NULL,NULL,"2026-04-10 07:56:59","2026-04-10 07:56:59","0.016","Ok","2","J20260411070002B10E551","2026-04-11 07:16:18.755097+00","SOT & WWTP","Building 46","Level 1 South Int","","","","","","","","B10E551","DSM"," Pump NDE"
"022a87f366b9f239bac8fc69c822dd68","SOT & WWTP/Building 46/Level 1 South Int",NULL,"2204674-25200","8c097769-c06f-45ff-b124-b425f9a07faf",NULL,"LobulusCompressor1",NULL,"3LC-DE",NULL,"3-LC-Ax",NULL,"Acceleration","OV Accel","g","AlarmTypeHigh","6.000","3.000","2.000",NULL,NULL,NULL,"2026-04-10 08:05:54","2026-04-10 08:04:20","0.401","Ok","2","J20260411070002B10E556","2026-04-11 07:15:14.724536+00","SOT & WWTP","Building 46","Level 1 South Int","","","","","","","","B10E556","DSM",NULL
"029531a42f2be2f0f3a97cd07770f1ec","SOT & WWTP/Building 46/Level 1 south Ext",NULL,"2204673-64200","1183b785-83bc-4239-9fd1-4c4e5ad0d5f0",NULL,"Pump1",NULL,"4PP-NDE",NULL,"4-PP-RV",NULL,"BroadBand","Envelope Energy","g",NULL,NULL,NULL,NULL,NULL,NULL,NULL,"2026-04-10 07:43:24","2026-04-10 07:43:11","0.066","Unknown","1","J20260411070002B10E958","2026-04-11 07:15:31.367013+00","SOT & WWTP","Building 46","Level 1 south Ext","","","","","","","","B10E958","DSM"," Pump NDE"
"02ac993e5245f0cae2a4be0e0f171cd7","SOT & WWTP/Building 46/Level 1 south Ext",NULL,"2204674-80200","4a5f1f07-5d69-47ff-ad0c-51f038ca26f5",NULL,"ElectricMotor1",NULL,"1MT-NDE",NULL,"1-MT-Ax",NULL,"VibrationVelocity","OV Vel","mm/s","AlarmTypeHigh","7.100","4.500","2.300",NULL,NULL,NULL,"2026-04-10 08:33:22","2026-04-10 08:31:51","0.649","Ok","2","J20260411070002B10E540","2026-04-11 07:15:30.329764+00","SOT & WWTP","Building 46","Level 1 south Ext","","","","","","","","B10E540","DSM"," Motor NDE"
"030a0046538acdfda7f960cd93399ba1","SOT & WWTP/Building 46/Level 1 south Ext",NULL,"2204674-80200","4a5f1f07-5d69-47ff-ad0c-51f038ca26f5",NULL,"ElectricMotor1",NULL,"2MT-DE",NULL,"2-MT-Ax",NULL,"Acceleration","OV Accel","g","AlarmTypeHigh","6.000","3.000","2.000",NULL,NULL,NULL,"2026-04-10 08:33:22","2026-04-10 08:32:20","0.239","Ok","2","J20260411070002B10E540","2026-04-11 07:15:30.329764+00","SOT & WWTP","Building 46","Level 1 south Ext","","","","","","","","B10E540","DSM"," Motor DE"
"0323edfb605794bc69eafc8582a38144","SOT & WWTP/Building 32/Ground Level",NULL,"4003245-01030","43aad99e-1dbc-4d74-b061-e10b847dea3e",NULL,"Pump1",NULL,"3PP-DE",NULL,"3-PP-RH",NULL,"BandEnergyFromSpectrum","MF RMS Accel","g","AlarmTypeHigh","2.000","1.000","0.500",NULL,NULL,NULL,"2026-04-10 09:59:58","2026-04-10 09:59:58","0.252","Ok","2","J20260411070002B10E42","2026-04-11 07:15:44.831133+00","SOT & WWTP","Building 32","Ground Level","","","","","","","","B10E42","DSM"," Pump DE"
"032423d9c508a6649945ebf344095841","SOT & WWTP/Building 46/Level 1 south Ext",NULL,"2204673-64200","1183b785-83bc-4239-9fd1-4c4e5ad0d5f0",NULL,"ElectricMotor1",NULL,"1MT-NDE",NULL,"1-MT-RH",NULL,"VibrationVelocity","OV Vel","mm/s","AlarmTypeHigh","7.100","4.500","2.300",NULL,NULL,NULL,"2026-04-10 07:43:24","2026-04-10 07:41:18","0.744","Ok","2","J20260411070002B10E958","2026-04-11 07:15:31.367013+00","SOT & WWTP","Building 46","Level 1 south Ext","","","","","","","","B10E958","DSM"," Motor NDE"
"0366c67d77b8dd416154593f7ad44afa","SOT & WWTP/Building 46/Level 1 south Ext",NULL,"2204673-20200","971c1886-fae1-4e46-bdc2-fedaf770dc42",NULL,"Pump1",NULL,"3PP-DE",NULL,"3-PP-Ax",NULL,"BandEnergyFromSpectrum","LF RMS Accel","g","AlarmTypeHigh","0.800","0.400","0.200",NULL,NULL,NULL,"2026-04-10 08:11:00","2026-04-10 08:11:00","0.062","Ok","2","J20260411070002B10E986","2026-04-11 07:16:18.775238+00","SOT & WWTP","Building 46","Level 1 south Ext","","","","","","","","B10E986","DSM"," Pump DE"
"03767c1a51cf55ee6ab6eba170a10144","SOT & WWTP/Building 46/Level 1 South Int",NULL,"2204674-12200","920f4ad8-e17b-4e95-bb07-fe8ccfbdeb6a",NULL,"ElectricMotor1",NULL,"1MT-NDE",NULL,"1-MT-RH",NULL,"VibrationVelocity","OV Vel","mm/s","AlarmTypeHigh","7.100","4.500","2.300",NULL,NULL,NULL,"2026-04-10 07:59:41","2026-04-10 07:58:11","1.814","Ok","2","J20260411070002B10E550","2026-04-11 07:15:15.907019+00","SOT & WWTP","Building 46","Level 1 South Int","","","","","","","","B10E550","DSM"," Motor NDE"
"03b027188aba2254cf89103f9030b43c","SOT & WWTP/Building 46/Level 1 South Int",NULL,"2204674-25200","8c097769-c06f-45ff-b124-b425f9a07faf",NULL,"LobulusCompressor1",NULL,"3LC-DE",NULL,"3-LC-Ax",NULL,"VibrationVelocity","OV Vel","mm/s","AlarmTypeHigh","7.100","4.500","2.300",NULL,NULL,NULL,"2026-04-10 08:05:54","2026-04-10 08:04:21","1.216","Ok","2","J20260411070002B10E556","2026-04-11 07:15:14.724536+00","SOT & WWTP","Building 46","Level 1 South Int","","","","","","","","B10E556","DSM",NULL
"03e7a5c07c3fb0684e5b8f69d64438f1","SOT & WWTP/Building 28/Ground Level",NULL,"4002861-50500","4322796b-6387-4da8-b21c-a60391237dcb",NULL,"ElectricMotor1",NULL,"2MT-DE",NULL,"2-MT-RV",NULL,"BroadBand","Envelope Energy","g",NULL,NULL,NULL,NULL,NULL,NULL,NULL,"2026-04-10 09:45:06","2026-04-10 09:43:01","0.014","Unknown","1","J20260411070002B10E34","2026-04-11 07:15:46.515864+00","SOT & WWTP","Building 28","Ground Level","","","","","","","","B10E34","DSM"," Motor DE"
"03efd0021615da82baad15354539c6c1","SOT & WWTP/Building 46/Level 1 South Int",NULL,"2204674-18200","ddec0803-5671-4d5f-bcd2-6ad1ec7ba006",NULL,"Pump1",NULL,"3PP-DE",NULL,"3-PP-Ax",NULL,"BandEnergyFromSpectrum","MF Velocity (~3-8X)","mm/s","AlarmTypeHigh","5.000","3.000","1.000",NULL,NULL,NULL,"2026-04-10 07:53:51","2026-04-10 07:53:51","0.306","Ok","2","J20260411070002B10E552","2026-04-11 07:15:30.323513+00","SOT & WWTP","Building 46","Level 1 South Int","","","","","","","","B10E552","DSM"," Pump DE"
"03f40fab7700d56ce6bdc4466c838641","SOT & WWTP/Building 46/Level 1 south Ext",NULL,"2204674-86700","df615b42-35ae-4d9e-8440-ec02f423d24f",NULL,"Pump1",NULL,"3PP-DE",NULL,"3-PP-Ax",NULL,"BroadBand","Envelope Energy","g",NULL,NULL,NULL,NULL,NULL,NULL,NULL,"2026-04-10 08:24:26","2026-04-10 08:19:25","0.072","Unknown","1","J20260411070002B10E886","2026-04-11 07:15:18.11167+00","SOT & WWTP","Building 46","Level 1 south Ext","","","","","","","","B10E886","DSM"," Pump DE"
"03f74d7985c9d54be84b0c28de5a1566","SOT & WWTP/Building 46/Level 1 south Ext",NULL,"2204673-64200","1183b785-83bc-4239-9fd1-4c4e5ad0d5f0",NULL,"Pump1",NULL,"4PP-NDE",NULL,"4-PP-Ax",NULL,"Acceleration","Pk-Pk Accel","g","AlarmTypeHigh","9.000","6.000","3.000",NULL,NULL,NULL,"2026-04-10 07:43:24","2026-04-10 07:43:18","1.356","Ok","2","J20260411070002B10E958","2026-04-11 07:15:31.367013+00","SOT & WWTP","Building 46","Level 1 south Ext","","","","","","","","B10E958","DSM"," Pump NDE"
"0410509a7598cb25e8f16dcf5349789f","Calpan/Building 12/Level 2/Step 34",NULL,"100-12-34-442-01","10694b53-68ec-4cc5-ba70-011ea9cfc8cb",NULL,"Pump1",NULL,"4PP-NDE",NULL,"4-PP-RH",NULL,"Acceleration","Pk-Pk Accel","g","AlarmTypeHigh","9.000","6.000","3.000",NULL,NULL,NULL,"2026-04-10 07:04:28","2026-04-10 07:04:22","2.655","Ok","2","J20260411070002B10E108","2026-04-11 07:15:30.283493+00","Calpan","Building 12","Level 2","Step 34","","","","","","","B10E108","DSM"," Pump NDE"
"042399312039174b7310031b6f0592c0","Calpan/Building 12/Level 3/Step 34",NULL,"100-12-34-157-01","5d071c42-70ae-41ae-ab75-66543fc85f14",NULL,"ElectricMotor1",NULL,"1MT-NDE",NULL,"1-MT-RV",NULL,"BandEnergyFromSpectrum","HF RMS Accel","g","AlarmTypeHigh","6.000","3.000","1.500",NULL,NULL,NULL,"2026-04-10 09:02:29","2026-04-10 09:02:29","0.033","Ok","2","J20260411070002B10E319","2026-04-11 07:15:15.91658+00","Calpan","Building 12","Level 3","Step 34","","","","","","","B10E319","DSM"," Motor NDE"
"044223e81a9fc96aceb967e373b9c378","Calpan/Building 12/Level 3/Step 34",NULL,"100-12-34-162-01","1d898064-4876-4e5b-885f-a3ac174fa02b",NULL,"ElectricMotor1",NULL,"1MT-NDE",NULL,"1-MT-Ax",NULL,"BandEnergyFromSpectrum","LF RMS Accel","g","AlarmTypeHigh","0.800","0.400","0.200",NULL,NULL,NULL,"2026-04-10 09:18:57","2026-04-10 09:18:57","0.242","PreAlarm","3","J20260411070002B10E324","2026-04-11 07:15:20.786083+00","Calpan","Building 12","Level 3","Step 34","","","","","","","B10E324","DSM"," Motor NDE"
"04463c61aee53bbbe04cf0ec97f544ce","SOT & WWTP/Building 28/Ground Level",NULL,"4002861-50500","4322796b-6387-4da8-b21c-a60391237dcb",NULL,"ElectricMotor1",NULL,"2MT-DE",NULL,"2-MT-RV",NULL,"BandEnergyFromSpectrum","MF RMS Accel","g","AlarmTypeHigh","2.000","1.000","0.500",NULL,NULL,NULL,"2026-04-10 09:45:06","2026-04-10 09:45:06","0.115","Ok","2","J20260411070002B10E34","2026-04-11 07:15:46.515864+00","SOT & WWTP","Building 28","Ground Level","","","","","","","","B10E34","DSM"," Motor DE"
"044b958fefa993af487dba04ac6e95ed","SOT & WWTP/Building 46/Level 1 south Ext",NULL,"2204673-64200","1183b785-83bc-4239-9fd1-4c4e5ad0d5f0",NULL,"ElectricMotor1",NULL,"2MT-DE",NULL,"2-MT-RH",NULL,"VibrationVelocity","OV Vel","mm/s","AlarmTypeHigh","7.100","4.500","2.300",NULL,NULL,NULL,"2026-04-10 07:43:24","2026-04-10 07:41:46","3.113","PreAlarm","3","J20260411070002B10E958","2026-04-11 07:15:31.367013+00","SOT & WWTP","Building 46","Level 1 south Ext","","","","","","","","B10E958","DSM"," Motor DE"
"04c3b30e490704b3adff2e3443afae73","SOT & WWTP/Building 46/Level 1 south Ext",NULL,"2204673-64200","1183b785-83bc-4239-9fd1-4c4e5ad0d5f0",NULL,"ElectricMotor1",NULL,"1MT-NDE",NULL,"1-MT-Ax",NULL,"Acceleration","Pk-Pk Accel","g","AlarmTypeHigh","9.000","6.000","3.000",NULL,NULL,NULL,"2026-04-10 07:43:24","2026-04-10 07:41:20","0.772","Ok","2","J20260411070002B10E958","2026-04-11 07:15:31.367013+00","SOT & WWTP","Building 46","Level 1 south Ext","","","","","","","","B10E958","DSM"," Motor NDE"
"04f230c06e3f0a7dd4f7b76397c0b947","Calpan/Building 12/Level 3/Step 34",NULL,"100-12-34-510-11","551c74fc-55de-40ed-aafc-1e0e6781fdfd",NULL,"GearBox1",NULL,"3GB-InDE",NULL,"3-GB-Ax",NULL,"VibrationVelocity","OV Vel","mm/s","AlarmTypeHigh","7.100","4.500","2.300",NULL,NULL,NULL,"2026-04-10 08:39:42","2026-04-10 08:37:18","2.465","PreAlarm","3","J20260411070002B10E302","2026-04-11 07:15:16.45472+00","Calpan","Building 12","Level 3","Step 34","","","","","","","B10E302","DSM"," Gearbox InDE"
"04fa26bc0e59380d1e4a34be1d3bfd3f","Calpan/Building 12/Level 3/Step 34",NULL,"100-12-34-177-01","4418a4f0-5185-4ca9-8a85-a8ed7d6d8870",NULL,"GearBox1",NULL,"4GB-InNDE",NULL,"4-GB-RH",NULL,"BandEnergyFromSpectrum","MF RMS Accel","g","AlarmTypeHigh","2.000","1.000","0.500",NULL,NULL,NULL,"2026-04-10 09:27:57","2026-04-10 09:27:57","0.124","Ok","2","J20260411070002B10E325","2026-04-11 07:15:44.90977+00","Calpan","Building 12","Level 3","Step 34","","","","","","","B10E325","DSM"," Gearbox InNDE"
"0529435f0ab469e00b228d98bfb47048","Calpan/Building 12/Level 3/Step 34",NULL,"100-12-34-122-01","2f0c1896-955a-4c2b-b25f-c632bd837c5d",NULL,"ElectricMotor1",NULL,"2MT-DE",NULL,"2-MT-Ax",NULL,"BroadBand","Envelope Energy","g",NULL,NULL,NULL,NULL,NULL,NULL,NULL,"2026-04-10 09:11:47","2026-04-10 09:08:45","0.019","Unknown","1","J20260411070002B10E320","2026-04-11 07:15:20.786773+00","Calpan","Building 12","Level 3","Step 34","","","","","","","B10E320","DSM"," Motor DE"
"05a7a590e665b6b572ba44fd8301f20a","Calpan/Building 12/Level 3/Step 34",NULL,"100-12-34-137-01","6b60b0aa-ef09-4630-b0c3-9a82f9488b6f",NULL,"Shaft1",NULL,"7SH-DE",NULL,"7-SH-RV",NULL,"VibrationVelocity","OV Vel","mm/s","AlarmTypeHigh","7.100","4.500","2.300",NULL,NULL,NULL,"2026-04-10 09:16:58","2026-04-10 09:15:52","1.302","Ok","2","J20260411070002B10E322","2026-04-11 07:16:18.069423+00","Calpan","Building 12","Level 3","Step 34","","","","","","","B10E322","DSM",NULL
"05b1bd4576513e9b67a62d1a3cc3544c","Calpan/Building 12/Level 3/Step 34",NULL,"100-12-34-137-01","6b60b0aa-ef09-4630-b0c3-9a82f9488b6f",NULL,"Shaft1",NULL,"7SH-DE",NULL,"7-SH-RV",NULL,"BandEnergyFromSpectrum","MF Velocity (~3-8X)","mm/s","AlarmTypeHigh","3.000","1.000","0.500",NULL,NULL,NULL,"2026-04-10 09:16:58","2026-04-10 09:16:58","0.290","Ok","2","J20260411070002B10E322","2026-04-11 07:16:18.069423+00","Calpan","Building 12","Level 3","Step 34","","","","","","","B10E322","DSM",NULL
"05b618e3550271aa63b237308491ebc7","Calpan/Building 12/Level 3/Step 34",NULL,"100-12-34-052-01","4e95bfc9-5c27-4ef2-8f21-e1680ea3525a",NULL,"Pump1",NULL,"3PP-DE",NULL,"3-PP-RH",NULL,"BandEnergyFromSpectrum","MF Velocity (~3-8X)","mm/s","AlarmTypeHigh","5.000","3.000","1.000",NULL,NULL,NULL,"2026-04-10 09:35:03","2026-04-10 09:35:03","0.391","Ok","2","J20260411070002B10E329","2026-04-11 07:16:20.032019+00","Calpan","Building 12","Level 3","Step 34","","","","","","","B10E329","DSM"," Pump DE"
"05b6e78e99fd09c39de6952a8c79705f","SOT & WWTP/Building 46/Level 1 south Ext",NULL,"2204674-85200","44b72af3-d034-498f-8d9f-e5fe074eebbd",NULL,"Pump1",NULL,"4PP-NDE",NULL,"4-PP-RH",NULL,"BandEnergyFromSpectrum","MF RMS Accel","g","AlarmTypeHigh","2.000","1.000","0.500",NULL,NULL,NULL,"2026-04-10 08:17:06","2026-04-10 08:17:06","0.044","Ok","2","J20260411070002B10E546","2026-04-11 07:15:28.820148+00","SOT & WWTP","Building 46","Level 1 south Ext","","","","","","","","B10E546","DSM"," Pump NDE"
"05bbc25d274475466da790fe5b9c659b","Calpan/Building 12/Level 3/Step 34",NULL,"100-12-34-177-01","4418a4f0-5185-4ca9-8a85-a8ed7d6d8870",NULL,"GearBox1",NULL,"4GB-InNDE",NULL,"4-GB-RV",NULL,"Acceleration","Pk-Pk Accel","g","AlarmTypeHigh","9.000","6.000","3.000",NULL,NULL,NULL,"2026-04-10 09:27:57","2026-04-10 09:21:02","0.941","Ok","2","J20260411070002B10E325","2026-04-11 07:15:44.90977+00","Calpan","Building 12","Level 3","Step 34","","","","","","","B10E325","DSM"," Gearbox InNDE"
"05c9cd959896e58af98abb9a6047ba80","Calpan/Building 12/Level 3/Step 34",NULL,"100-12-34-157-01","5d071c42-70ae-41ae-ab75-66543fc85f14",NULL,"ElectricMotor1",NULL,"1MT-NDE",NULL,"1-MT-RV",NULL,"Acceleration","OV Accel","g","AlarmTypeHigh","6.000","3.000","2.000",NULL,NULL,NULL,"2026-04-10 09:02:29","2026-04-10 08:59:41","0.203","Ok","2","J20260411070002B10E319","2026-04-11 07:15:15.91658+00","Calpan","Building 12","Level 3","Step 34","","","","","","","B10E319","DSM"," Motor NDE"
"0600341c1319d4f20137d1ad12bccbc8","Calpan/Building 12/Level 3/Step 34",NULL,"100-12-34-162-01","1d898064-4876-4e5b-885f-a3ac174fa02b",NULL,"Pump1",NULL,"3PP-DE",NULL,"3-PP-Ax",NULL,"Acceleration","Pk-Pk Accel","g","AlarmTypeHigh","9.000","6.000","3.000",NULL,NULL,NULL,"2026-04-10 09:18:57","2026-04-10 09:18:51","1.856","Ok","2","J20260411070002B10E324","2026-04-11 07:15:20.786083+00","Calpan","Building 12","Level 3","Step 34","","","","","","","B10E324","DSM"," Pump DE"
"0615f254fd1fcdc930cb6659c0b9fb4b","SOT & WWTP/Building 46/Level 1 south Ext",NULL,"2204674-85200","44b72af3-d034-498f-8d9f-e5fe074eebbd",NULL,"Pump1",NULL,"3PP-DE",NULL,"3-PP-Ax",NULL,"BroadBand","Envelope Energy","g",NULL,NULL,NULL,NULL,NULL,NULL,NULL,"2026-04-10 08:17:06","2026-04-10 08:16:27","0.003","Unknown","1","J20260411070002B10E546","2026-04-11 07:15:28.820148+00","SOT & WWTP","Building 46","Level 1 south Ext","","","","","","","","B10E546","DSM"," Pump DE"
"063b08835e29a10a247d748b38532290","Calpan/Building 12/Level 3/Step 34",NULL,"100-12-34-510-21","61567fca-5d02-4da4-933d-d5959c33b06d",NULL,"ElectricMotor1",NULL,"1MT-NDE",NULL,"1-MT-Ax",NULL,"BroadBand","Envelope Energy","g",NULL,NULL,NULL,NULL,NULL,NULL,NULL,"2026-04-10 08:42:19","2026-04-10 08:40:11","0.075","Unknown","1","J20260411070002B10E303","2026-04-11 07:16:14.211894+00","Calpan","Building 12","Level 3","Step 34","","","","","","","B10E303","DSM"," Motor NDE"
"0679b17326bc613479cbb6dd118c74f6","SOT & WWTP/Building 46/Level 1 south Ext",NULL,"2204674-82200","03730490-e586-4775-9f7d-24435dd06cae",NULL,"ElectricMotor1",NULL,"1MT-NDE",NULL,"1-MT-RV",NULL,"Acceleration","Pk-Pk Accel","g","AlarmTypeHigh","9.000","6.000","3.000",NULL,NULL,NULL,"2026-04-10 08:36:06","2026-04-10 08:34:40","1.310","Ok","2","J20260411070002B10E542","2026-04-11 07:15:17.341809+00","SOT & WWTP","Building 46","Level 1 south Ext","","","","","","","","B10E542","DSM"," Motor NDE"
"06947791bade5c04db7907a24b6b17af","SOT & WWTP/Building 46/Level 1 south Ext",NULL,"2204674-91200","63f8e6fe-5f68-4171-9ca8-5bb946a1571d",NULL,"ElectricMotor1",NULL,"1MT-NDE",NULL,"1-MT-RV",NULL,"BandEnergyFromSpectrum","MF RMS Accel","g","AlarmTypeHigh","2.000","1.000","0.500",NULL,NULL,NULL,"2026-04-10 08:29:56","2026-04-10 08:29:56","0.314","Ok","2","J20260411070002B10E548","2026-04-11 07:16:21.067974+00","SOT & WWTP","Building 46","Level 1 south Ext","","","","","","","","B10E548","DSM"," Motor NDE"
"06a8c81d1d6c1c2af72d5ed39c356e53","SOT & WWTP/Building 46/Level 1 South Int",NULL,"2204674-12700","5a52a7bb-3ac4-4087-b2ae-b50b8ac5d619",NULL,"Pump1",NULL,"4PP-NDE",NULL,"4-PP-RV",NULL,"BandEnergyFromSpectrum","MF Velocity (~3-8X)","mm/s","AlarmTypeHigh","5.000","3.000","1.000",NULL,NULL,NULL,"2026-04-10 07:56:59","2026-04-10 07:56:59","0.651","Ok","2","J20260411070002B10E551","2026-04-11 07:16:18.755097+00","SOT & WWTP","Building 46","Level 1 South Int","","","","","","","","B10E551","DSM"," Pump NDE"
"0704c9322ff579f63b076eb8ec00f5c4","SOT & WWTP/Building 32/Ground Level",NULL,"4003245-01070","f0256864-92af-49d6-b5bb-fa91f04642f9",NULL,"Pump1",NULL,"3PP-DE",NULL,"3-PP-RV",NULL,"BandEnergyFromSpectrum","MF RMS Accel","g","AlarmTypeHigh","2.000","1.000","0.500",NULL,NULL,NULL,"2026-04-10 09:52:07","2026-04-10 09:52:07","4.509","Danger","5","J20260411070002B10E46","2026-04-11 07:15:22.091584+00","SOT & WWTP","Building 32","Ground Level","","","","","","","","B10E46","DSM"," Pump DE"
"070b62067d34e44e211c0b44907361d0","SOT & WWTP/Building 46/Level 1 south Ext",NULL,"2204673-20200","971c1886-fae1-4e46-bdc2-fedaf770dc42",NULL,"ElectricMotor1",NULL,"2MT-DE",NULL,"2-MT-RV",NULL,"BandEnergyFromSpectrum","MF RMS Accel","g","AlarmTypeHigh","2.000","1.000","0.500",NULL,NULL,NULL,"2026-04-10 08:11:00","2026-04-10 08:11:00","0.295","Ok","2","J20260411070002B10E986","2026-04-11 07:16:18.775238+00","SOT & WWTP","Building 46","Level 1 south Ext","","","","","","","","B10E986","DSM"," Motor DE"
"071968a72258581fd8da8344b47e4d26","SOT & WWTP/Building 46/Level 1 South Int",NULL,"2204674-12700","5a52a7bb-3ac4-4087-b2ae-b50b8ac5d619",NULL,"ElectricMotor1",NULL,"2MT-DE",NULL,"2-MT-RV",NULL,"VibrationVelocity","OV Vel","mm/s","AlarmTypeHigh","7.100","4.500","2.300",NULL,NULL,NULL,"2026-04-10 07:56:59","2026-04-10 07:55:59","1.016","Ok","2","J20260411070002B10E551","2026-04-11 07:16:18.755097+00","SOT & WWTP","Building 46","Level 1 South Int","","","","","","","","B10E551","DSM"," Motor DE"
"072e0b0fc730ba54b98f695d6849ad23","Calpan/Building 12/Level 3/Step 34",NULL,"100-12-34-452-01","95d59ee7-03e4-4a9e-b4c3-1eb0f2b52d18",NULL,"ElectricMotor1",NULL,"2MT-DE",NULL,"2-MT-RV",NULL,"Acceleration","OV Accel","g","AlarmTypeHigh","6.000","3.000","2.000",NULL,NULL,NULL,"2026-04-10 08:47:51","2026-04-10 08:46:47","0.146","Ok","2","J20260411070002B10E313","2026-04-11 07:15:22.026089+00","Calpan","Building 12","Level 3","Step 34","","","","","","","B10E313","DSM"," Motor DE"
"074297dc5139573916e00ae5aeb5511a","Calpan/Building 12/Level 3/Step 34",NULL,"100-12-34-032-01","dfd2a084-a9f2-4a9f-bd33-34b210d47d0e",NULL,"ElectricMotor1",NULL,"2MT-DE",NULL,"2-MT-Ax",NULL,"Acceleration","Pk-Pk Accel","g","AlarmTypeHigh","9.000","6.000","3.000",NULL,NULL,NULL,"2026-04-10 09:29:45","2026-04-10 09:29:39","0.299","Ok","2","J20260411070002B10E327","2026-04-11 07:15:47.921969+00","Calpan","Building 12","Level 3","Step 34","","","","","","","B10E327","DSM"," Motor DE"
"074e3e57d54c765d02900cd18d015b51","SOT & WWTP/Building 46/Level 1 south Ext",NULL,"2204673-64200","1183b785-83bc-4239-9fd1-4c4e5ad0d5f0",NULL,"ElectricMotor1",NULL,"2MT-DE",NULL,"2-MT-RV",NULL,"BroadBand","Envelope Energy","g",NULL,NULL,NULL,NULL,NULL,NULL,NULL,"2026-04-10 07:43:24","2026-04-10 07:41:42","0.014","Unknown","1","J20260411070002B10E958","2026-04-11 07:15:31.367013+00","SOT & WWTP","Building 46","Level 1 south Ext","","","","","","","","B10E958","DSM"," Motor DE"
"074fbda86009efb0e1bfb01921c89adc","SOT & WWTP/Building 32/Ground Level",NULL,"4003245-01030","43aad99e-1dbc-4d74-b061-e10b847dea3e",NULL,"Pump1",NULL,"4PP-NDE",NULL,"4-PP-Ax",NULL,"BroadBand","Envelope Energy","g",NULL,NULL,NULL,NULL,NULL,NULL,NULL,"2026-04-10 09:59:58","2026-04-10 09:59:48","0.018","Unknown","1","J20260411070002B10E42","2026-04-11 07:15:44.831133+00","SOT & WWTP","Building 32","Ground Level","","","","","","","","B10E42","DSM"," Pump NDE"
"07a334a7a2ab0e89e6b0aed8d2a881ce","Calpan/Building 12/Level 3/Step 34",NULL,"100-12-34-122-01","2f0c1896-955a-4c2b-b25f-c632bd837c5d",NULL,"ElectricMotor1",NULL,"2MT-DE",NULL,"2-MT-Ax",NULL,"Acceleration","OV Accel","g","AlarmTypeHigh","6.000","3.000","2.000",NULL,NULL,NULL,"2026-04-10 09:11:47","2026-04-10 09:08:48","0.175","Ok","2","J20260411070002B10E320","2026-04-11 07:15:20.786773+00","Calpan","Building 12","Level 3","Step 34","","","","","","","B10E320","DSM"," Motor DE"
"07c4b4bf5e479e2b6b476ad834698b13","Calpan/Building 12/Level 3/Step 34",NULL,"100-12-34-162-01","1d898064-4876-4e5b-885f-a3ac174fa02b",NULL,"ElectricMotor1",NULL,"2MT-DE",NULL,"2-MT-RH",NULL,"BandEnergyFromSpectrum","LF RMS Accel","g","AlarmTypeHigh","0.800","0.400","0.200",NULL,NULL,NULL,"2026-04-10 09:18:57","2026-04-10 09:18:57","0.072","Ok","2","J20260411070002B10E324","2026-04-11 07:15:20.786083+00","Calpan","Building 12","Level 3","Step 34","","","","","","","B10E324","DSM"," Motor DE"
"07c8583687002aff4126689c2f51e0e8","Calpan/Building 12/Level 3/Step 34",NULL,"100-12-34-157-01","5d071c42-70ae-41ae-ab75-66543fc85f14",NULL,"Pump1",NULL,"4PP-NDE",NULL,"4-PP-RV",NULL,"BandEnergyFromSpectrum","HF RMS Accel","g","AlarmTypeHigh","6.000","3.000","1.500",NULL,NULL,NULL,"2026-04-10 09:02:29","2026-04-10 09:02:29","0.076","Ok","2","J20260411070002B10E319","2026-04-11 07:15:15.91658+00","Calpan","Building 12","Level 3","Step 34","","","","","","","B10E319","DSM"," Pump NDE"
"07cf0b21cc485baf7552bb78ea05c7b9","Calpan/Building 12/Level 3/Step 34",NULL,"100-12-34-452-01","95d59ee7-03e4-4a9e-b4c3-1eb0f2b52d18",NULL,"Pump1",NULL,"4PP-NDE",NULL,"4-PP-RV",NULL,"VibrationVelocity","OV Vel","mm/s","AlarmTypeHigh","7.100","4.500","2.300",NULL,NULL,NULL,"2026-04-10 08:47:51","2026-04-10 08:47:42","2.606","PreAlarm","3","J20260411070002B10E313","2026-04-11 07:15:22.026089+00","Calpan","Building 12","Level 3","Step 34","","","","","","","B10E313","DSM"," Pump NDE"
"08009876a06111f0684686d3aa5bb796","Calpan/Building 12/Level 3/Step 34",NULL,"100-12-34-157-01","5d071c42-70ae-41ae-ab75-66543fc85f14",NULL,"ElectricMotor1",NULL,"1MT-NDE",NULL,"1-MT-Ax",NULL,"BandEnergyFromSpectrum","HF RMS Accel","g","AlarmTypeHigh","6.000","3.000","1.500",NULL,NULL,NULL,"2026-04-10 09:02:29","2026-04-10 09:02:29","0.046","Ok","2","J20260411070002B10E319","2026-04-11 07:15:15.91658+00","Calpan","Building 12","Level 3","Step 34","","","","","","","B10E319","DSM"," Motor NDE"
"082f879b3ff85eb7a607324eb720fa1b","SOT & WWTP/Building 46/Level 1 South Int",NULL,"2204674-18700","d02dc63f-663b-465c-8e99-133e530a34f3",NULL,"Pump1",NULL,"3PP-DE",NULL,"3-PP-RH",NULL,"BandEnergyFromSpectrum","MF Velocity (~3-8X)","mm/s","AlarmTypeHigh","5.000","3.000","1.000",NULL,NULL,NULL,"2026-04-10 07:49:54","2026-04-10 07:49:54","0.220","Ok","2","J20260411070002B10E553","2026-04-11 07:15:31.376368+00","SOT & WWTP","Building 46","Level 1 South Int","","","","","","","","B10E553","DSM"," Pump DE"
"08315ee74f92cdde1bbca55f3201dacb","SOT & WWTP/Building 32/Ground Level",NULL,"4003245-01050","c6e1ea8c-b0aa-4ab3-b1ab-4a7c92913666",NULL,"ElectricMotor1",NULL,"1MT-NDE",NULL,"1-MT-RV",NULL,"BandEnergyFromSpectrum","MF RMS Accel","g","AlarmTypeHigh","2.000","1.000","0.500",NULL,NULL,NULL,"2026-04-10 09:57:30","2026-04-10 09:57:30","0.206","Ok","2","J20260411070002B10E44","2026-04-11 07:16:20.260687+00","SOT & WWTP","Building 32","Ground Level","","","","","","","","B10E44","DSM"," Motor NDE"
"083c83afbff7c8c181658a172887afd9","SOT & WWTP/Building 32/Ground Level",NULL,"4003245-01070","f0256864-92af-49d6-b5bb-fa91f04642f9",NULL,"Pump1",NULL,"4PP-NDE",NULL,"4-PP-Ax",NULL,"BroadBand","Envelope Energy","g",NULL,NULL,NULL,NULL,NULL,NULL,NULL,"2026-04-10 09:52:07","2026-04-10 09:51:57","0.055","Unknown","1","J20260411070002B10E46","2026-04-11 07:15:22.091584+00","SOT & WWTP","Building 32","Ground Level","","","","","","","","B10E46","DSM"," Pump NDE"
"083e03c8b532026dc6c17ad67b70c451","Calpan/Building 12/Level 3/Step 34",NULL,"100-12-34-157-01","5d071c42-70ae-41ae-ab75-66543fc85f14",NULL,"Pump1",NULL,"4PP-NDE",NULL,"4-PP-RV",NULL,"BandEnergyFromSpectrum","MF Velocity (~3-8X)","mm/s","AlarmTypeHigh","5.000","3.000","1.000",NULL,NULL,NULL,"2026-04-10 09:02:29","2026-04-10 09:02:29","0.418","Ok","2","J20260411070002B10E319","2026-04-11 07:15:15.91658+00","Calpan","Building 12","Level 3","Step 34","","","","","","","B10E319","DSM"," Pump NDE"
"0860c961981e160913c80ea36519d58e","Calpan/Building 12/Level 2/Step 34",NULL,"100-12-34-442-01","10694b53-68ec-4cc5-ba70-011ea9cfc8cb",NULL,"ElectricMotor1",NULL,"1MT-NDE",NULL,"1-MT-RV",NULL,"BandEnergyFromSpectrum","HF RMS Accel","g","AlarmTypeHigh","6.000","3.000","1.500",NULL,NULL,NULL,"2026-04-10 07:04:28","2026-04-10 07:04:28","0.017","Ok","2","J20260411070002B10E108","2026-04-11 07:15:30.283493+00","Calpan","Building 12","Level 2","Step 34","","","","","","","B10E108","DSM"," Motor NDE"
"08618f6761cb3c40f10d15728cb5740d","SOT & WWTP/Building 46/Level 1 South Int",NULL,"2204674-18700","d02dc63f-663b-465c-8e99-133e530a34f3",NULL,"ElectricMotor1",NULL,"1MT-NDE",NULL,"1-MT-RH",NULL,"BandEnergyFromSpectrum","HF RMS Accel","g","AlarmTypeHigh","6.000","3.000","1.500",NULL,NULL,NULL,"2026-04-10 07:49:54","2026-04-10 07:49:54","0.229","Ok","2","J20260411070002B10E553","2026-04-11 07:15:31.376368+00","SOT & WWTP","Building 46","Level 1 South Int","","","","","","","","B10E553","DSM"," Motor NDE"
"08a465f2adf14e0a87f5bbc918b00659","Calpan/Building 12/Level 3/Step 34",NULL,"100-12-34-157-01","5d071c42-70ae-41ae-ab75-66543fc85f14",NULL,"Pump1",NULL,"3PP-DE",NULL,"3-PP-Ax",NULL,"BandEnergyFromSpectrum","MF Velocity (~3-8X)","mm/s","AlarmTypeHigh","5.000","3.000","1.000",NULL,NULL,NULL,"2026-04-10 09:02:29","2026-04-10 09:02:29","0.247","Ok","2","J20260411070002B10E319","2026-04-11 07:15:15.91658+00","Calpan","Building 12","Level 3","Step 34","","","","","","","B10E319","DSM"," Pump DE"
"08f9125723259295444a5b9746a2256f","SOT & WWTP/Building 46/Level 1 South Int",NULL,"2204674-18200","ddec0803-5671-4d5f-bcd2-6ad1ec7ba006",NULL,"ElectricMotor1",NULL,"2MT-DE",NULL,"2-MT-RV",NULL,"Acceleration","Pk-Pk Accel","g","AlarmTypeHigh","9.000","6.000","3.000",NULL,NULL,NULL,"2026-04-10 07:53:51","2026-04-10 07:52:50","1.122","Ok","2","J20260411070002B10E552","2026-04-11 07:15:30.323513+00","SOT & WWTP","Building 46","Level 1 South Int","","","","","","","","B10E552","DSM"," Motor DE"
"090ffd388988246b11a859b2824a9ef4","SOT & WWTP/Building 46/Level 1 south Ext",NULL,"2204673-20200","971c1886-fae1-4e46-bdc2-fedaf770dc42",NULL,"Pump1",NULL,"3PP-DE",NULL,"3-PP-RV",NULL,"Acceleration","OV Accel","g","AlarmTypeHigh","6.000","3.000","2.000",NULL,NULL,NULL,"2026-04-10 08:11:00","2026-04-10 08:10:19","0.390","Ok","2","J20260411070002B10E986","2026-04-11 07:16:18.775238+00","SOT & WWTP","Building 46","Level 1 south Ext","","","","","","","","B10E986","DSM"," Pump DE"
"0923971fe1726caab77f8a913cf4d85f","SOT & WWTP/Building 46/Level 1 south Ext",NULL,"2204674-82200","03730490-e586-4775-9f7d-24435dd06cae",NULL,"ElectricMotor1",NULL,"1MT-NDE",NULL,"1-MT-RV",NULL,"Acceleration","OV Accel","g","AlarmTypeHigh","6.000","3.000","2.000",NULL,NULL,NULL,"2026-04-10 08:36:06","2026-04-10 08:34:36","0.194","Ok","2","J20260411070002B10E542","2026-04-11 07:15:17.341809+00","SOT & WWTP","Building 46","Level 1 south Ext","","","","","","","","B10E542","DSM"," Motor NDE"
"0925beda1ae14360357bfe155c8b8515","SOT & WWTP/Building 46/Level 1 South Int",NULL,"2204674-12200","920f4ad8-e17b-4e95-bb07-fe8ccfbdeb6a",NULL,"ElectricMotor1",NULL,"1MT-NDE",NULL,"1-MT-RV",NULL,"BandEnergyFromSpectrum","MF RMS Accel","g","AlarmTypeHigh","2.000","1.000","0.500",NULL,NULL,NULL,"2026-04-10 07:59:41","2026-04-10 07:59:41","0.400","Ok","2","J20260411070002B10E550","2026-04-11 07:15:15.907019+00","SOT & WWTP","Building 46","Level 1 South Int","","","","","","","","B10E550","DSM"," Motor NDE"
"0956592374acbd84b89e914a8abcbabf","SOT & WWTP/Building 46/Level 1 south Ext",NULL,"2204674-84200","9cd3dcc6-d8f4-42a8-bfd4-4957a1c3d83b",NULL,"ElectricMotor1",NULL,"1MT-NDE",NULL,"1-MT-Ax",NULL,"Acceleration","Pk-Pk Accel","g","AlarmTypeHigh","9.000","6.000","3.000",NULL,NULL,NULL,"2026-04-10 08:14:32","2026-04-10 08:12:57","0.683","Ok","2","J20260411070002B10E544","2026-04-11 07:15:22.151709+00","SOT & WWTP","Building 46","Level 1 south Ext","","","","","","","","B10E544","DSM"," Motor NDE"
"0987b1d8689d40629053c72c4147bef0","SOT & WWTP/Building 46/Level 1 South Int",NULL,"2204674-25200","8c097769-c06f-45ff-b124-b425f9a07faf",NULL,"ElectricMotor1",NULL,"1MT-NDE",NULL,"1-MT-RV",NULL,"BroadBand","Envelope Energy","g",NULL,NULL,NULL,NULL,NULL,NULL,NULL,"2026-04-10 08:05:54","2026-04-10 08:03:16","0.055","Unknown","1","J20260411070002B10E556","2026-04-11 07:15:14.724536+00","SOT & WWTP","Building 46","Level 1 South Int","","","","","","","","B10E556","DSM"," Motor NDE"
"09c6216025c45b1cb853483454f80779","SOT & WWTP/Building 46/Level 1 south Ext",NULL,"2204673-65200","8f669413-f706-47d4-92c1-000af5b89657",NULL,"Pump1",NULL,"3PP-DE",NULL,"3-PP-Ax",NULL,"Acceleration","OV Accel","g","AlarmTypeHigh","6.000","3.000","2.000",NULL,NULL,NULL,"2026-04-10 07:45:56","2026-04-10 07:45:15","0.089","Ok","2","J20260411070002B10E960","2026-04-11 07:15:31.403974+00","SOT & WWTP","Building 46","Level 1 south Ext","","","","","","","","B10E960","DSM"," Pump DE"
"09e0c46b79c64e06d739565084e23a2e","SOT & WWTP/Building 46/Level 1 south Ext",NULL,"2204674-86700","df615b42-35ae-4d9e-8440-ec02f423d24f",NULL,"ElectricMotor1",NULL,"1MT-NDE",NULL,"1-MT-RH",NULL,"BandEnergyFromSpectrum","HF RMS Accel","g","AlarmTypeHigh","6.000","3.000","1.500",NULL,NULL,NULL,"2026-04-10 08:24:26","2026-04-10 08:24:26","1.151","Ok","2","J20260411070002B10E886","2026-04-11 07:15:18.11167+00","SOT & WWTP","Building 46","Level 1 south Ext","","","","","","","","B10E886","DSM"," Motor NDE"
"09e49800a75f54ad3253f40e62b73fc7","Calpan/Building 12/Level 3/Step 34",NULL,"100-12-34-052-01","4e95bfc9-5c27-4ef2-8f21-e1680ea3525a",NULL,"Pump1",NULL,"4PP-NDE",NULL,"4-PP-RH",NULL,"BroadBand","Envelope Energy","g",NULL,NULL,NULL,NULL,NULL,NULL,NULL,"2026-04-10 09:35:03","2026-04-10 09:33:46","0.007","Unknown","1","J20260411070002B10E329","2026-04-11 07:16:20.032019+00","Calpan","Building 12","Level 3","Step 34","","","","","","","B10E329","DSM"," Pump NDE"
"0a25b5c2edb4e44148472c1a0cd18c08","SOT & WWTP/Building 32/Ground Level",NULL,"4003245-01050","c6e1ea8c-b0aa-4ab3-b1ab-4a7c92913666",NULL,"Pump1",NULL,"3PP-DE",NULL,"3-PP-Ax",NULL,"VibrationVelocity","OV Vel","mm/s","AlarmTypeHigh","7.100","4.500","2.300",NULL,NULL,NULL,"2026-04-10 09:57:30","2026-04-10 09:56:40","2.250","Ok","2","J20260411070002B10E44","2026-04-11 07:16:20.260687+00","SOT & WWTP","Building 32","Ground Level","","","","","","","","B10E44","DSM"," Pump DE"
"0a5333a7d689a0c122179ed0d35615df","Calpan/Building 12/Level 3/Step 34",NULL,"100-12-34-452-01","95d59ee7-03e4-4a9e-b4c3-1eb0f2b52d18",NULL,"Pump1",NULL,"4PP-NDE",NULL,"4-PP-RH",NULL,"BandEnergyFromSpectrum","MF RMS Accel","g","AlarmTypeHigh","2.000","1.000","0.500",NULL,NULL,NULL,"2026-04-10 08:47:51","2026-04-10 08:47:51","0.234","Ok","2","J20260411070002B10E313","2026-04-11 07:15:22.026089+00","Calpan","Building 12","Level 3","Step 34","","","","","","","B10E313","DSM"," Pump NDE"
"0a6e03e5778c7a25e6d54b0175c3c0e2","Calpan/Building 12/Level 3/Step 34",NULL,"100-12-34-042-01","baa957f8-47b1-4422-b93b-9c0e9c3cf8a3",NULL,"Pump1",NULL,"3PP-DE",NULL,"3-PP-Ax",NULL,"VibrationVelocity","OV Vel","mm/s","AlarmTypeHigh","7.100","4.500","2.300",NULL,NULL,NULL,"2026-04-10 09:31:52","2026-04-10 09:31:17","0.484","Ok","2","J20260411070002B10E328","2026-04-11 07:15:17.347474+00","Calpan","Building 12","Level 3","Step 34","","","","","","","B10E328","DSM"," Pump DE"
"0a90f059d76e1c96f763f8647daa1915","Calpan/Building 12/Level 3/Step 34",NULL,"100-12-34-162-01","1d898064-4876-4e5b-885f-a3ac174fa02b",NULL,"ElectricMotor1",NULL,"2MT-DE",NULL,"2-MT-RH",NULL,"BandEnergyFromSpectrum","MF RMS Accel","g","AlarmTypeHigh","2.000","1.000","0.500",NULL,NULL,NULL,"2026-04-10 09:18:57","2026-04-10 09:18:57","0.110","Ok","2","J20260411070002B10E324","2026-04-11 07:15:20.786083+00","Calpan","Building 12","Level 3","Step 34","","","","","","","B10E324","DSM"," Motor DE"
"0b31e0ed14aa441639a27af2ca7341e4","Calpan/Building 12/Level 3/Step 34",NULL,"100-12-34-772-01","6b5b6534-5ed7-4bf6-959a-47e0f9d1edb4",NULL,"ElectricMotor1",NULL,"2MT-DE",NULL,"2-MT-Ax",NULL,"BandEnergyFromSpectrum","LF RMS Accel","g","AlarmTypeHigh","0.800","0.400","0.200",NULL,NULL,NULL,"2026-04-10 09:25:26","2026-04-10 09:25:26","0.073","Ok","2","J20260411070002B10E326","2026-04-11 07:15:18.100414+00","Calpan","Building 12","Level 3","Step 34","","","","","","","B10E326","DSM"," Motor DE"
"0b444252bd31c04d7180a8b500119750","SOT & WWTP/Building 46/Level 1 south Ext",NULL,"2204674-80200","4a5f1f07-5d69-47ff-ad0c-51f038ca26f5",NULL,"ElectricMotor1",NULL,"1MT-NDE",NULL,"1-MT-Ax",NULL,"BandEnergyFromSpectrum","LF RMS Accel","g","AlarmTypeHigh","0.800","0.400","0.200",NULL,NULL,NULL,"2026-04-10 08:33:22","2026-04-10 08:33:22","0.041","Ok","2","J20260411070002B10E540","2026-04-11 07:15:30.329764+00","SOT & WWTP","Building 46","Level 1 south Ext","","","","","","","","B10E540","DSM"," Motor NDE"
"0b46d5248c35ace42d6ece7dc6f33404","Calpan/Building 12/Level 3/Step 34",NULL,"100-12-34-510-21","61567fca-5d02-4da4-933d-d5959c33b06d",NULL,"ElectricMotor1",NULL,"2MT-DE",NULL,"2-MT-R=",NULL,"BandEnergyFromSpectrum","LF RMS Accel","g","AlarmTypeHigh","0.800","0.400","0.200",NULL,NULL,NULL,"2026-04-10 08:42:19","2026-04-10 08:42:19","0.158","Ok","2","J20260411070002B10E303","2026-04-11 07:16:14.211894+00","Calpan","Building 12","Level 3","Step 34","","","","","","","B10E303","DSM",NULL
"0b75c010258d72f870ad97f21241488e","Calpan/Building 12/Level 3/Step 34",NULL,"100-12-34-452-01","95d59ee7-03e4-4a9e-b4c3-1eb0f2b52d18",NULL,"ElectricMotor1",NULL,"1MT-NDE",NULL,"1-MT-Ax",NULL,"BandEnergyFromSpectrum","HF RMS Accel","g","AlarmTypeHigh","6.000","3.000","1.500",NULL,NULL,NULL,"2026-04-10 08:47:51","2026-04-10 08:47:51","0.002","Ok","2","J20260411070002B10E313","2026-04-11 07:15:22.026089+00","Calpan","Building 12","Level 3","Step 34","","","","","","","B10E313","DSM"," Motor NDE"
"0b88cb52b16a4d99e4caf5aa2e00a9a2","Calpan/Building 12/Level 3/Step 34",NULL,"100-12-34-157-01","5d071c42-70ae-41ae-ab75-66543fc85f14",NULL,"ElectricMotor1",NULL,"2MT-DE",NULL,"2-MT-RH",NULL,"Acceleration","OV Accel","g","AlarmTypeHigh","6.000","3.000","2.000",NULL,NULL,NULL,"2026-04-10 09:02:29","2026-04-10 09:00:08","0.179","Ok","2","J20260411070002B10E319","2026-04-11 07:15:15.91658+00","Calpan","Building 12","Level 3","Step 34","","","","","","","B10E319","DSM"," Motor DE"
"0c6bcbf661eea46c617c99a63e74e697","Calpan/Building 12/Level 3/Step 34",NULL,"100-12-34-510-21","61567fca-5d02-4da4-933d-d5959c33b06d",NULL,"ElectricMotor1",NULL,"2MT-DE",NULL,"2-MT-Ax",NULL,"BandEnergyFromSpectrum","MF Velocity (~3-8X)","mm/s","AlarmTypeHigh","5.000","3.000","1.000",NULL,NULL,NULL,"2026-04-10 08:42:19","2026-04-10 08:42:19","0.541","Ok","2","J20260411070002B10E303","2026-04-11 07:16:14.211894+00","Calpan","Building 12","Level 3","Step 34","","","","","","","B10E303","DSM"," Motor DE"
"17b460dcaa193cbed956f33a3a01320a","Derrick HPU",NULL,"Derrick HPU 3","d1113187-8408-4e39-b5a7-0de80441ef25",NULL,NULL,NULL,NULL,NULL,NULL,NULL,"RotationSpeed","Rotation Speed","Hz",NULL,NULL,NULL,NULL,NULL,NULL,NULL,"2024-07-15 15:30:37","2024-07-19 12:54:55","30.000","Unknown","1","J20240925000000B8E57","2025-10-20 13:10:11.406991+00","Derrick HPU","","","","","","","","","","B8E57","Helix Seawell",NULL
"0c8e6e07fccf7c867b318de1eddb6ca4","SOT & WWTP/Building 46/Level 1 south Ext",NULL,"2204674-91200","63f8e6fe-5f68-4171-9ca8-5bb946a1571d",NULL,"ElectricMotor1",NULL,"1MT-NDE",NULL,"1-MT-RV",NULL,"BandEnergyFromSpectrum","HF RMS Accel","g","AlarmTypeHigh","6.000","3.000","1.500",NULL,NULL,NULL,"2026-04-10 08:29:56","2026-04-10 08:29:56","0.011","Ok","2","J20260411070002B10E548","2026-04-11 07:16:21.067974+00","SOT & WWTP","Building 46","Level 1 south Ext","","","","","","","","B10E548","DSM"," Motor NDE"
"0caa59594cc45759a036181cc4ef196a","SOT & WWTP/Building 46/Level 1 south Ext",NULL,"2204673-20200","971c1886-fae1-4e46-bdc2-fedaf770dc42",NULL,"Pump1",NULL,"3PP-DE",NULL,"3-PP-Ax",NULL,"BandEnergyFromSpectrum","HF RMS Accel","g","AlarmTypeHigh","6.000","3.000","1.500",NULL,NULL,NULL,"2026-04-10 08:11:00","2026-04-10 08:11:00","0.010","Ok","2","J20260411070002B10E986","2026-04-11 07:16:18.775238+00","SOT & WWTP","Building 46","Level 1 south Ext","","","","","","","","B10E986","DSM"," Pump DE"
"0ceb901613269282c4eed61f0421a1d9","Calpan/Building 12/Level 3/Step 34",NULL,"100-12-34-599-01","ed08d57e-d030-4584-ba5c-b8e95227ae28",NULL,"ElectricMotor1",NULL,"1MT-NDE",NULL,"1-MT-RH",NULL,"BandEnergyFromSpectrum","MF RMS Accel","g","AlarmTypeHigh","2.000","1.000","0.500",NULL,NULL,NULL,"2026-04-10 08:44:35","2026-04-10 08:44:35","0.176","Ok","2","J20260411070002B10E305","2026-04-11 07:15:28.836543+00","Calpan","Building 12","Level 3","Step 34","","","","","","","B10E305","DSM"," Motor NDE"
"0d27077b239e0ca32bd89893493f1e2a","Calpan/Building 12/Level 2/Step 34",NULL,"100-12-34-442-01","10694b53-68ec-4cc5-ba70-011ea9cfc8cb",NULL,"Pump1",NULL,"4PP-NDE",NULL,"4-PP-Ax",NULL,"BandEnergyFromSpectrum","HF RMS Accel","g","AlarmTypeHigh","6.000","3.000","1.500",NULL,NULL,NULL,"2026-04-10 07:04:28","2026-04-10 07:04:28","0.060","Ok","2","J20260411070002B10E108","2026-04-11 07:15:30.283493+00","Calpan","Building 12","Level 2","Step 34","","","","","","","B10E108","DSM"," Pump NDE"
"0d8552858eefd337be37c3c5b4422f10","SOT & WWTP/Building 46/Level 1 south Ext",NULL,"2204674-80200","4a5f1f07-5d69-47ff-ad0c-51f038ca26f5",NULL,"Pump1",NULL,"3PP-DE",NULL,"3-PP-Ax",NULL,"BandEnergyFromSpectrum","LF RMS Accel","g","AlarmTypeHigh","0.800","0.400","0.200",NULL,NULL,NULL,"2026-04-10 08:33:22","2026-04-10 08:33:22","0.050","Ok","2","J20260411070002B10E540","2026-04-11 07:15:30.329764+00","SOT & WWTP","Building 46","Level 1 south Ext","","","","","","","","B10E540","DSM"," Pump DE"
"0daa8b26dd324aa54e685bbc289197f5","Calpan/Building 12/Level 3/Step 34",NULL,"100-12-34-052-01","4e95bfc9-5c27-4ef2-8f21-e1680ea3525a",NULL,"ElectricMotor1",NULL,"2MT-DE",NULL,"2-MT-Ax",NULL,"BandEnergyFromSpectrum","LF RMS Accel","g","AlarmTypeHigh","0.800","0.400","0.200",NULL,NULL,NULL,"2026-04-10 09:35:03","2026-04-10 09:35:03","0.060","Ok","2","J20260411070002B10E329","2026-04-11 07:16:20.032019+00","Calpan","Building 12","Level 3","Step 34","","","","","","","B10E329","DSM"," Motor DE"
"0dc0552d994ab5a63ab898e7b83afc45","Calpan/Building 12/Level 3/Step 34",NULL,"100-12-34-510-21","61567fca-5d02-4da4-933d-d5959c33b06d",NULL,"ElectricMotor1",NULL,"1MT-NDE",NULL,"1-MT-R=",NULL,"BandEnergyFromSpectrum","MF Velocity (~3-8X)","mm/s","AlarmTypeHigh","5.000","3.000","1.000",NULL,NULL,NULL,"2026-04-10 08:42:19","2026-04-10 08:42:19","0.970","Ok","2","J20260411070002B10E303","2026-04-11 07:16:14.211894+00","Calpan","Building 12","Level 3","Step 34","","","","","","","B10E303","DSM",NULL
"0dd8fcfa7460b0ccde338e44c6192296","Calpan/Building 12/Level 3/Step 34",NULL,"100-12-34-157-01","5d071c42-70ae-41ae-ab75-66543fc85f14",NULL,"ElectricMotor1",NULL,"2MT-DE",NULL,"2-MT-RH",NULL,"BandEnergyFromSpectrum","MF Velocity (~3-8X)","mm/s","AlarmTypeHigh","5.000","3.000","1.000",NULL,NULL,NULL,"2026-04-10 09:02:29","2026-04-10 09:02:29","0.111","Ok","2","J20260411070002B10E319","2026-04-11 07:15:15.91658+00","Calpan","Building 12","Level 3","Step 34","","","","","","","B10E319","DSM"," Motor DE"
"0ddc3f9a98b72279567f39430f1f3566","SOT & WWTP/Building 32/Ground Level",NULL,"4003245-01060 No.6","6b94553b-624d-41d6-ae32-d3ba7ca02dce",NULL,"ElectricMotor1",NULL,"1MT-NDE",NULL,"1-MT-RV",NULL,"Acceleration","Pk-Pk Accel","g","AlarmTypeHigh","9.000","6.000","3.000",NULL,NULL,NULL,"2026-04-10 09:54:40","2026-04-10 09:52:51","8.590","Alarm","4","J20260411070002B10E45","2026-04-11 07:15:28.823432+00","SOT & WWTP","Building 32","Ground Level","","","","","","","","B10E45","DSM"," Motor NDE"
"0ddef6d7845bec88354c5639c5043b3f","Calpan/Building 12/Level 3/Step 34",NULL,"100-12-34-137-01","6b60b0aa-ef09-4630-b0c3-9a82f9488b6f",NULL,"ElectricMotor1",NULL,"2MT-DE",NULL,"2-MT-RH",NULL,"Acceleration","Pk-Pk Accel","g","AlarmTypeHigh","9.000","6.000","3.000",NULL,NULL,NULL,"2026-04-10 09:16:58","2026-04-10 09:13:48","2.386","Ok","2","J20260411070002B10E322","2026-04-11 07:16:18.069423+00","Calpan","Building 12","Level 3","Step 34","","","","","","","B10E322","DSM"," Motor DE"
"0de024ccef3af735c4acee14f06e5c7c","Calpan/Building 12/Level 3/Step 34",NULL,"100-12-34-510-21","61567fca-5d02-4da4-933d-d5959c33b06d",NULL,"ElectricMotor1",NULL,"2MT-DE",NULL,"2-MT-RT",NULL,"PeakValueFromSpectrum","3X Vel","mm/s","AlarmTypeHigh","2.150","1.350","0.700",NULL,NULL,NULL,"2026-04-10 08:42:19","2026-04-10 08:42:19","0.081","Ok","2","J20260411070002B10E303","2026-04-11 07:16:14.211894+00","Calpan","Building 12","Level 3","Step 34","","","","","","","B10E303","DSM",NULL
"0de8505ef3f904c96166f8e480df7f13","SOT & WWTP/Building 46/Level 1 South Int",NULL,"2204674-12700","5a52a7bb-3ac4-4087-b2ae-b50b8ac5d619",NULL,"ElectricMotor1",NULL,"1MT-NDE",NULL,"1-MT-RH",NULL,"BroadBand","Envelope Energy","g",NULL,NULL,NULL,NULL,NULL,NULL,NULL,"2026-04-10 07:56:59","2026-04-10 07:55:23","0.003","Unknown","1","J20260411070002B10E551","2026-04-11 07:16:18.755097+00","SOT & WWTP","Building 46","Level 1 South Int","","","","","","","","B10E551","DSM"," Motor NDE"
"0dfca1a524491577b306805023223511","Calpan/Building 12/Level 3/Step 34",NULL,"100-12-34-122-01","2f0c1896-955a-4c2b-b25f-c632bd837c5d",NULL,"Pump1",NULL,"3PP-DE",NULL,"3-PP-RH",NULL,"VibrationVelocity","OV Vel","mm/s","AlarmTypeHigh","7.100","4.500","2.300",NULL,NULL,NULL,"2026-04-10 09:11:47","2026-04-10 09:11:42","2.711","PreAlarm","3","J20260411070002B10E320","2026-04-11 07:15:20.786773+00","Calpan","Building 12","Level 3","Step 34","","","","","","","B10E320","DSM"," Pump DE"
"0e07bfbdb1034f2112f449efcd1c4263","SOT & WWTP/Building 46/Level 1 south Ext",NULL,"2204673-20200","971c1886-fae1-4e46-bdc2-fedaf770dc42",NULL,"Pump1",NULL,"4PP-NDE",NULL,"4-PP-RH",NULL,"VibrationVelocity","OV Vel","mm/s","AlarmTypeHigh","7.100","4.500","2.300",NULL,NULL,NULL,"2026-04-10 08:11:00","2026-04-10 08:10:51","0.707","Ok","2","J20260411070002B10E986","2026-04-11 07:16:18.775238+00","SOT & WWTP","Building 46","Level 1 south Ext","","","","","","","","B10E986","DSM"," Pump NDE"
"0e0df084bbbd08ffba0c3a13bb4f54f7","Calpan/Building 12/Level 3/Step 34",NULL,"100-12-34-177-01","4418a4f0-5185-4ca9-8a85-a8ed7d6d8870",NULL,"Shaft1",NULL,"7SH-DE",NULL,"7-SH-Ax",NULL,"Acceleration","Pk-Pk Accel","g","AlarmTypeHigh","6.000","4.000","2.000",NULL,NULL,NULL,"2026-04-10 09:27:57","2026-04-10 09:21:33","1.977","Ok","2","J20260411070002B10E325","2026-04-11 07:15:44.90977+00","Calpan","Building 12","Level 3","Step 34","","","","","","","B10E325","DSM",NULL
"0e50abd55f8090b6f79bf9933576da79","Calpan/Building 12/Level 3/Step 34",NULL,"100-12-34-510-11","551c74fc-55de-40ed-aafc-1e0e6781fdfd",NULL,"ElectricMotor1",NULL,"2MT-DE",NULL,"2-MT-RH",NULL,"BandEnergyFromSpectrum","LF RMS Accel","g","AlarmTypeHigh","0.800","0.400","0.200",NULL,NULL,NULL,"2026-04-10 08:39:42","2026-04-10 08:39:42","0.092","Ok","2","J20260411070002B10E302","2026-04-11 07:15:16.45472+00","Calpan","Building 12","Level 3","Step 34","","","","","","","B10E302","DSM"," Motor DE"
"0e5876b6a69cf3b44e29629b4634926d","Calpan/Building 12/Level 3/Step 34",NULL,"100-12-34-042-01","baa957f8-47b1-4422-b93b-9c0e9c3cf8a3",NULL,"Pump1",NULL,"4PP-NDE",NULL,"4-PP-RV",NULL,"Acceleration","Pk-Pk Accel","g","AlarmTypeHigh","9.000","6.000","3.000",NULL,NULL,NULL,"2026-04-10 09:31:52","2026-04-10 09:31:46","0.350","Ok","2","J20260411070002B10E328","2026-04-11 07:15:17.347474+00","Calpan","Building 12","Level 3","Step 34","","","","","","","B10E328","DSM"," Pump NDE"
"0e75718f489c4ca0a00eda50657c8af5","Calpan/Building 12/Level 3/Step 34",NULL,"100-12-34-510-11","551c74fc-55de-40ed-aafc-1e0e6781fdfd",NULL,"ElectricMotor1",NULL,"2MT-DE",NULL,"2-MT-Ax",NULL,"BandEnergyFromSpectrum","MF RMS Accel","g","AlarmTypeHigh","2.000","1.000","0.500",NULL,NULL,NULL,"2026-04-10 08:39:42","2026-04-10 08:39:42","0.174","Ok","2","J20260411070002B10E302","2026-04-11 07:15:16.45472+00","Calpan","Building 12","Level 3","Step 34","","","","","","","B10E302","DSM"," Motor DE"
"0ea1ddaca7447d08d32ebbf33bbf99db","Calpan/Building 12/Level 3/Step 34",NULL,"100-12-34-772-01","6b5b6534-5ed7-4bf6-959a-47e0f9d1edb4",NULL,"Pump1",NULL,"3PP-DE",NULL,"3-PP-Ax",NULL,"BandEnergyFromSpectrum","MF Velocity (~3-8X)","mm/s","AlarmTypeHigh","5.000","3.000","1.000",NULL,NULL,NULL,"2026-04-10 09:25:26","2026-04-10 09:25:26","0.194","Ok","2","J20260411070002B10E326","2026-04-11 07:15:18.100414+00","Calpan","Building 12","Level 3","Step 34","","","","","","","B10E326","DSM"," Pump DE"
"0ea401dba4c5a695af2fa5dbb0bc2a0b","Calpan/Building 12/Level 3/Step 34",NULL,"100-12-34-452-01","95d59ee7-03e4-4a9e-b4c3-1eb0f2b52d18",NULL,"Pump1",NULL,"3PP-DE",NULL,"3-PP-Ax",NULL,"Acceleration","OV Accel","g","AlarmTypeHigh","6.000","3.000","2.000",NULL,NULL,NULL,"2026-04-10 08:47:51","2026-04-10 08:47:14","0.309","Ok","2","J20260411070002B10E313","2026-04-11 07:15:22.026089+00","Calpan","Building 12","Level 3","Step 34","","","","","","","B10E313","DSM"," Pump DE"
"0f60d0963b1348fdf928e3a6ce5e266f","SOT & WWTP/Building 46/Level 1 south Ext",NULL,"2204673-65200","8f669413-f706-47d4-92c1-000af5b89657",NULL,"Pump1",NULL,"4PP-NDE",NULL,"4-PP-Ax",NULL,"VibrationVelocity","OV Vel","mm/s","AlarmTypeHigh","7.100","4.500","2.300",NULL,NULL,NULL,"2026-04-10 07:45:56","2026-04-10 07:45:47","0.499","Ok","2","J20260411070002B10E960","2026-04-11 07:15:31.403974+00","SOT & WWTP","Building 46","Level 1 south Ext","","","","","","","","B10E960","DSM"," Pump NDE"
"0fb7e85f34607335e04dffb8301ba2c6","Calpan/Building 12/Level 3/Step 34",NULL,"100-12-34-032-01","dfd2a084-a9f2-4a9f-bd33-34b210d47d0e",NULL,"ElectricMotor1",NULL,"2MT-DE",NULL,"2-MT-Ax",NULL,"Acceleration","OV Accel","g","AlarmTypeHigh","6.000","3.000","2.000",NULL,NULL,NULL,"2026-04-10 09:29:45","2026-04-10 09:29:36","0.045","Ok","2","J20260411070002B10E327","2026-04-11 07:15:47.921969+00","Calpan","Building 12","Level 3","Step 34","","","","","","","B10E327","DSM"," Motor DE"
"10002a83e4cf6b86884f1a5ccc037a2f","Calpan/Building 12/Level 3/Step 34",NULL,"100-12-34-137-01","6b60b0aa-ef09-4630-b0c3-9a82f9488b6f",NULL,"Shaft1",NULL,"8SH-NDE",NULL,"8-SH-RV",NULL,"BandEnergyFromSpectrum","LF RMS Accel","g","AlarmTypeHigh","0.800","0.400","0.200",NULL,NULL,NULL,"2026-04-10 09:16:58","2026-04-10 09:16:58","0.012","Ok","2","J20260411070002B10E322","2026-04-11 07:16:18.069423+00","Calpan","Building 12","Level 3","Step 34","","","","","","","B10E322","DSM"," Shaft NDE"
"10365654c3681122e51b2ed4f6fc9577","SOT & WWTP/Building 32/Ground Level",NULL,"4003245-01060 No.6","6b94553b-624d-41d6-ae32-d3ba7ca02dce",NULL,"ElectricMotor1",NULL,"1MT-NDE",NULL,"1-MT-Ax",NULL,"Acceleration","OV Accel","g","AlarmTypeHigh","6.000","3.000","2.000",NULL,NULL,NULL,"2026-04-10 09:54:40","2026-04-10 09:52:48","0.200","Ok","2","J20260411070002B10E45","2026-04-11 07:15:28.823432+00","SOT & WWTP","Building 32","Ground Level","","","","","","","","B10E45","DSM"," Motor NDE"
"107607bf10119ec4799c05b392ce24b5","Calpan/Building 12/Level 2/Step 34",NULL,"100-12-34-442-01","10694b53-68ec-4cc5-ba70-011ea9cfc8cb",NULL,"Pump1",NULL,"4PP-NDE",NULL,"4-PP-Ax",NULL,"Acceleration","OV Accel","g","AlarmTypeHigh","6.000","3.000","2.000",NULL,NULL,NULL,"2026-04-10 07:04:28","2026-04-10 07:04:19","0.268","Ok","2","J20260411070002B10E108","2026-04-11 07:15:30.283493+00","Calpan","Building 12","Level 2","Step 34","","","","","","","B10E108","DSM"," Pump NDE"
"10b042042980540e454be8246dcc387e","SOT & WWTP/Building 46/Level 1 south Ext",NULL,"2204673-20200","971c1886-fae1-4e46-bdc2-fedaf770dc42",NULL,"ElectricMotor1",NULL,"2MT-DE",NULL,"2-MT-RH",NULL,"Acceleration","Pk-Pk Accel","g","AlarmTypeHigh","9.000","6.000","3.000",NULL,NULL,NULL,"2026-04-10 08:11:00","2026-04-10 08:09:49","0.995","Ok","2","J20260411070002B10E986","2026-04-11 07:16:18.775238+00","SOT & WWTP","Building 46","Level 1 south Ext","","","","","","","","B10E986","DSM"," Motor DE"
"10c5d4724277f5f38835296647d17ff4","SOT & WWTP/Building 32/Ground Level",NULL,"4003245-01070","f0256864-92af-49d6-b5bb-fa91f04642f9",NULL,"Pump1",NULL,"3PP-DE",NULL,"3-PP-RH",NULL,"BandEnergyFromSpectrum","LF RMS Accel","g","AlarmTypeHigh","0.800","0.400","0.200",NULL,NULL,NULL,"2026-04-10 09:52:07","2026-04-10 09:52:07","0.344","PreAlarm","3","J20260411070002B10E46","2026-04-11 07:15:22.091584+00","SOT & WWTP","Building 32","Ground Level","","","","","","","","B10E46","DSM"," Pump DE"
"10e71351b56e1f4479a8938a273ff654","Calpan/Building 12/Level 3/Step 34",NULL,"100-12-34-772-01","6b5b6534-5ed7-4bf6-959a-47e0f9d1edb4",NULL,"Pump1",NULL,"3PP-DE",NULL,"3-PP-RH",NULL,"BandEnergyFromSpectrum","HF RMS Accel","g","AlarmTypeHigh","6.000","3.000","1.500",NULL,NULL,NULL,"2026-04-10 09:25:26","2026-04-10 09:25:26","0.071","Ok","2","J20260411070002B10E326","2026-04-11 07:15:18.100414+00","Calpan","Building 12","Level 3","Step 34","","","","","","","B10E326","DSM"," Pump DE"
"1121e941883d8e3b66f1eb5ae5bd40c8","SOT & WWTP/Building 46/Level 1 South Int",NULL,"2204674-18200","ddec0803-5671-4d5f-bcd2-6ad1ec7ba006",NULL,"ElectricMotor1",NULL,"2MT-DE",NULL,"2-MT-RH",NULL,"VibrationVelocity","OV Vel","mm/s","AlarmTypeHigh","7.100","4.500","2.300",NULL,NULL,NULL,"2026-04-10 07:53:51","2026-04-10 07:52:48","0.689","Ok","2","J20260411070002B10E552","2026-04-11 07:15:30.323513+00","SOT & WWTP","Building 46","Level 1 South Int","","","","","","","","B10E552","DSM"," Motor DE"
"11b363b353d03a1c813f8d129c75f4cf","SOT & WWTP/Building 32/Ground Level",NULL,"4003245-01060 No.6","6b94553b-624d-41d6-ae32-d3ba7ca02dce",NULL,"ElectricMotor1",NULL,"2MT-DE",NULL,"2-MT-Ax",NULL,"BandEnergyFromSpectrum","MF RMS Accel","g","AlarmTypeHigh","2.000","1.000","0.500",NULL,NULL,NULL,"2026-04-10 09:54:40","2026-04-10 09:54:40","0.119","Ok","2","J20260411070002B10E45","2026-04-11 07:15:28.823432+00","SOT & WWTP","Building 32","Ground Level","","","","","","","","B10E45","DSM"," Motor DE"
"121d0bebda024b6ba32aa212e34d028c","Calpan/Building 12/Level 3/Step 34",NULL,"100-12-34-452-01","95d59ee7-03e4-4a9e-b4c3-1eb0f2b52d18",NULL,"ElectricMotor1",NULL,"2MT-DE",NULL,"2-MT-RV",NULL,"BandEnergyFromSpectrum","LF RMS Accel","g","AlarmTypeHigh","0.800","0.400","0.200",NULL,NULL,NULL,"2026-04-10 08:47:51","2026-04-10 08:47:51","0.110","Ok","2","J20260411070002B10E313","2026-04-11 07:15:22.026089+00","Calpan","Building 12","Level 3","Step 34","","","","","","","B10E313","DSM"," Motor DE"
"1220f686229423485ebd8e5d457155c5","SOT & WWTP/Building 46/Level 1 South Int",NULL,"2204674-18700","d02dc63f-663b-465c-8e99-133e530a34f3",NULL,"ElectricMotor1",NULL,"1MT-NDE",NULL,"1-MT-RV",NULL,"BandEnergyFromSpectrum","HF RMS Accel","g","AlarmTypeHigh","6.000","3.000","1.500",NULL,NULL,NULL,"2026-04-10 07:49:54","2026-04-10 07:49:54","0.047","Ok","2","J20260411070002B10E553","2026-04-11 07:15:31.376368+00","SOT & WWTP","Building 46","Level 1 South Int","","","","","","","","B10E553","DSM"," Motor NDE"
"1275ed7fccb9f82f9513c38dab975e24","SOT & WWTP/Building 46/Level 1 south Ext",NULL,"2204674-85200","44b72af3-d034-498f-8d9f-e5fe074eebbd",NULL,"ElectricMotor1",NULL,"1MT-NDE",NULL,"1-MT-RV",NULL,"VibrationVelocity","OV Vel","mm/s","AlarmTypeHigh","7.100","4.500","2.300",NULL,NULL,NULL,"2026-04-10 08:17:06","2026-04-10 08:15:37","0.676","Ok","2","J20260411070002B10E546","2026-04-11 07:15:28.820148+00","SOT & WWTP","Building 46","Level 1 south Ext","","","","","","","","B10E546","DSM"," Motor NDE"
"128ff6355b02633ac667a37f8a93df09","Calpan/Building 12/Level 3/Step 34",NULL,"100-12-34-157-01","5d071c42-70ae-41ae-ab75-66543fc85f14",NULL,"ElectricMotor1",NULL,"2MT-DE",NULL,"2-MT-RH",NULL,"BroadBand","Envelope Energy","g",NULL,NULL,NULL,NULL,NULL,NULL,NULL,"2026-04-10 09:02:29","2026-04-10 09:00:05","0.088","Unknown","1","J20260411070002B10E319","2026-04-11 07:15:15.91658+00","Calpan","Building 12","Level 3","Step 34","","","","","","","B10E319","DSM"," Motor DE"
"12a6ebaf80a5d2b3294bde064ec3fa5d","Calpan/Building 12/Level 3/Step 34",NULL,"100-12-34-162-01","1d898064-4876-4e5b-885f-a3ac174fa02b",NULL,"ElectricMotor1",NULL,"1MT-NDE",NULL,"1-MT-Ax",NULL,"Acceleration","OV Accel","g","AlarmTypeHigh","6.000","3.000","2.000",NULL,NULL,NULL,"2026-04-10 09:18:57","2026-04-10 09:17:34","0.255","Ok","2","J20260411070002B10E324","2026-04-11 07:15:20.786083+00","Calpan","Building 12","Level 3","Step 34","","","","","","","B10E324","DSM"," Motor NDE"
"12ec84bd0e06f3b928b6f7bfaba5b637","SOT & WWTP/Building 46/Level 1 South Int",NULL,"2204674-25200","8c097769-c06f-45ff-b124-b425f9a07faf",NULL,"LobulusCompressor1",NULL,"3LC-DE",NULL,"3-LC-RV",NULL,"BandEnergyFromSpectrum","MF RMS Accel","g","AlarmTypeHigh","2.000","1.000","0.500",NULL,NULL,NULL,"2026-04-10 08:05:54","2026-04-10 08:05:54","0.300","Ok","2","J20260411070002B10E556","2026-04-11 07:15:14.724536+00","SOT & WWTP","Building 46","Level 1 South Int","","","","","","","","B10E556","DSM",NULL
"1312214aba10702952940c4211c7203b","Calpan/Building 12/Level 3/Step 34",NULL,"100-12-34-162-01","1d898064-4876-4e5b-885f-a3ac174fa02b",NULL,"Pump1",NULL,"3PP-DE",NULL,"3-PP-RH",NULL,"BandEnergyFromSpectrum","MF Velocity (~3-8X)","mm/s","AlarmTypeHigh","5.000","3.000","1.000",NULL,NULL,NULL,"2026-04-10 09:18:57","2026-04-10 09:18:57","0.588","Ok","2","J20260411070002B10E324","2026-04-11 07:15:20.786083+00","Calpan","Building 12","Level 3","Step 34","","","","","","","B10E324","DSM"," Pump DE"
"1326a06d01b5d62a4974342b8f3e8970","Calpan/Building 12/Level 3/Step 34",NULL,"100-12-34-042-01","baa957f8-47b1-4422-b93b-9c0e9c3cf8a3",NULL,"ElectricMotor1",NULL,"1MT-NDE",NULL,"1-MT-RH",NULL,"BandEnergyFromSpectrum","HF RMS Accel","g","AlarmTypeHigh","6.000","3.000","1.500",NULL,NULL,NULL,"2026-04-10 09:31:52","2026-04-10 09:31:52","0.061","Ok","2","J20260411070002B10E328","2026-04-11 07:15:17.347474+00","Calpan","Building 12","Level 3","Step 34","","","","","","","B10E328","DSM"," Motor NDE"
"132929c3251543c6e40a19ef35c5b55f","SOT & WWTP/Building 46/Level 1 south Ext",NULL,"2204673-65200","8f669413-f706-47d4-92c1-000af5b89657",NULL,"ElectricMotor1",NULL,"2MT-DE",NULL,"2-MT-RH",NULL,"BandEnergyFromSpectrum","MF Velocity (~3-8X)","mm/s","AlarmTypeHigh","5.000","3.000","1.000",NULL,NULL,NULL,"2026-04-10 07:45:56","2026-04-10 07:45:56","0.539","Ok","2","J20260411070002B10E960","2026-04-11 07:15:31.403974+00","SOT & WWTP","Building 46","Level 1 south Ext","","","","","","","","B10E960","DSM"," Motor DE"
"1329c8001b85ff73bbd14723b72dc4fc","Calpan/Building 12/Level 3/Step 34",NULL,"100-12-34-182-01","cb82f5f4-a90f-417b-9120-982c9cc359e8",NULL,"Pump1",NULL,"3PP-DE",NULL,"3-PP-Ax",NULL,"BandEnergyFromSpectrum","MF Velocity (~3-8X)","mm/s","AlarmTypeHigh","5.000","3.000","1.000",NULL,NULL,NULL,"2026-04-10 08:58:11","2026-04-10 08:58:11","0.252","Ok","2","J20260411070002B10E775","2026-04-11 07:15:47.606089+00","Calpan","Building 12","Level 3","Step 34","","","","","","","B10E775","DSM"," Pump DE"
"1347bdffe6a47cd94ab0b78105edd33b","Calpan/Building 12/Level 3/Step 34",NULL,"100-12-34-052-01","4e95bfc9-5c27-4ef2-8f21-e1680ea3525a",NULL,"Pump1",NULL,"4PP-NDE",NULL,"4-PP-Ax",NULL,"Acceleration","OV Accel","g","AlarmTypeHigh","6.000","3.000","2.000",NULL,NULL,NULL,"2026-04-10 09:35:03","2026-04-10 09:33:49","0.084","Ok","2","J20260411070002B10E329","2026-04-11 07:16:20.032019+00","Calpan","Building 12","Level 3","Step 34","","","","","","","B10E329","DSM"," Pump NDE"
"137390ed9450555032b9b228a6ac4f0d","SOT & WWTP/Building 32/Ground Level",NULL,"4003245-01030","43aad99e-1dbc-4d74-b061-e10b847dea3e",NULL,"Pump1",NULL,"3PP-DE",NULL,"3-PP-RH",NULL,"BandEnergyFromSpectrum","LF RMS Accel","g","AlarmTypeHigh","0.800","0.400","0.200",NULL,NULL,NULL,"2026-04-10 09:59:58","2026-04-10 09:59:58","0.065","Ok","2","J20260411070002B10E42","2026-04-11 07:15:44.831133+00","SOT & WWTP","Building 32","Ground Level","","","","","","","","B10E42","DSM"," Pump DE"
"138c2b8a427cd949881c7569a195bd63","SOT & WWTP/Building 46/Level 1 south Ext",NULL,"2204673-65200","8f669413-f706-47d4-92c1-000af5b89657",NULL,"Pump1",NULL,"3PP-DE",NULL,"3-PP-RH",NULL,"BandEnergyFromSpectrum","LF RMS Accel","g","AlarmTypeHigh","0.800","0.400","0.200",NULL,NULL,NULL,"2026-04-10 07:45:56","2026-04-10 07:45:56","0.031","Ok","2","J20260411070002B10E960","2026-04-11 07:15:31.403974+00","SOT & WWTP","Building 46","Level 1 south Ext","","","","","","","","B10E960","DSM"," Pump DE"
"13c4c4afa3980f7e3a5d33ceb7449668","SOT & WWTP/Building 46/Level 1 south Ext",NULL,"2204674-85200","44b72af3-d034-498f-8d9f-e5fe074eebbd",NULL,"Pump1",NULL,"3PP-DE",NULL,"3-PP-RV",NULL,"BandEnergyFromSpectrum","LF RMS Accel","g","AlarmTypeHigh","0.800","0.400","0.200",NULL,NULL,NULL,"2026-04-10 08:17:06","2026-04-10 08:17:06","0.049","Ok","2","J20260411070002B10E546","2026-04-11 07:15:28.820148+00","SOT & WWTP","Building 46","Level 1 south Ext","","","","","","","","B10E546","DSM"," Pump DE"
"13d321dd490fec27c70f4dc612ea06ef","Calpan/Building 12/Level 3/Step 34",NULL,"100-12-34-112-01","6ede0422-81cb-4ec5-a1c5-1d25b11af911",NULL,"Pump1",NULL,"4PP-NDE",NULL,"4-PP-Ax",NULL,"Acceleration","Pk-Pk Accel","g","AlarmTypeHigh","9.000","6.000","3.000",NULL,NULL,NULL,"2026-04-10 09:38:31","2026-04-10 09:38:25","0.276","Ok","2","J20260411070002B10E332","2026-04-11 07:16:22.283852+00","Calpan","Building 12","Level 3","Step 34","","","","","","","B10E332","DSM"," Pump NDE"
"142aadcff240b60ed7714b2a444cefb2","SOT & WWTP/Building 32/Ground Level",NULL,"4003245-01060 No.6","6b94553b-624d-41d6-ae32-d3ba7ca02dce",NULL,"Pump1",NULL,"3PP-DE",NULL,"3-PP-RV",NULL,"BandEnergyFromSpectrum","MF Velocity (~3-8X)","mm/s","AlarmTypeHigh","5.000","3.000","1.000",NULL,NULL,NULL,"2026-04-10 09:54:40","2026-04-10 09:54:40","3.012","Alarm","4","J20260411070002B10E45","2026-04-11 07:15:28.823432+00","SOT & WWTP","Building 32","Ground Level","","","","","","","","B10E45","DSM"," Pump DE"
"144582b1a1b60c43614b09dfcd7a918b","Calpan/Building 12/Level 3/Step 34",NULL,"100-12-34-162-01","1d898064-4876-4e5b-885f-a3ac174fa02b",NULL,"ElectricMotor1",NULL,"1MT-NDE",NULL,"1-MT-RV",NULL,"BandEnergyFromSpectrum","LF RMS Accel","g","AlarmTypeHigh","0.800","0.400","0.200",NULL,NULL,NULL,"2026-04-10 09:18:57","2026-04-10 09:18:57","0.048","Ok","2","J20260411070002B10E324","2026-04-11 07:15:20.786083+00","Calpan","Building 12","Level 3","Step 34","","","","","","","B10E324","DSM"," Motor NDE"
"1452978829f87bc1a35dd76e6e6e9a65","Calpan/Building 12/Level 3/Step 34",NULL,"100-12-34-052-01","4e95bfc9-5c27-4ef2-8f21-e1680ea3525a",NULL,"ElectricMotor1",NULL,"2MT-DE",NULL,"2-MT-Ax",NULL,"BroadBand","Envelope Energy","g",NULL,NULL,NULL,NULL,NULL,NULL,NULL,"2026-04-10 09:35:03","2026-04-10 09:34:54","0.015","Unknown","1","J20260411070002B10E329","2026-04-11 07:16:20.032019+00","Calpan","Building 12","Level 3","Step 34","","","","","","","B10E329","DSM"," Motor DE"
"14ab878e21132618cb84809d66beea09","Calpan/Building 12/Level 2/Step 34",NULL,"100-12-34-442-01","10694b53-68ec-4cc5-ba70-011ea9cfc8cb",NULL,"ElectricMotor1",NULL,"2MT-DE",NULL,"2-MT-RV",NULL,"VibrationVelocity","OV Vel","mm/s","AlarmTypeHigh","7.100","4.500","2.300",NULL,NULL,NULL,"2026-04-10 07:04:28","2026-04-10 07:02:32","1.395","Ok","2","J20260411070002B10E108","2026-04-11 07:15:30.283493+00","Calpan","Building 12","Level 2","Step 34","","","","","","","B10E108","DSM"," Motor DE"
"14b6159f8c907d893840de590921c289","SOT & WWTP/Building 46/Level 1 South Int",NULL,"2204674-18200","ddec0803-5671-4d5f-bcd2-6ad1ec7ba006",NULL,"ElectricMotor1",NULL,"1MT-NDE",NULL,"1-MT-Ax",NULL,"BandEnergyFromSpectrum","MF Velocity (~3-8X)","mm/s","AlarmTypeHigh","5.000","3.000","1.000",NULL,NULL,NULL,"2026-04-10 07:53:51","2026-04-10 07:53:51","1.539","PreAlarm","3","J20260411070002B10E552","2026-04-11 07:15:30.323513+00","SOT & WWTP","Building 46","Level 1 South Int","","","","","","","","B10E552","DSM"," Motor NDE"
"153231bb65ecdeb8bf211205f5b23632","SOT & WWTP/Building 32/Ground Level",NULL,"4003245-01030","43aad99e-1dbc-4d74-b061-e10b847dea3e",NULL,"ElectricMotor1",NULL,"1MT-NDE",NULL,"1-MT-RV",NULL,"VibrationVelocity","OV Vel","mm/s","AlarmTypeHigh","7.100","4.500","2.300",NULL,NULL,NULL,"2026-04-10 09:59:58","2026-04-10 09:58:26","1.520","Ok","2","J20260411070002B10E42","2026-04-11 07:15:44.831133+00","SOT & WWTP","Building 32","Ground Level","","","","","","","","B10E42","DSM"," Motor NDE"
"153545a6b7c8d4f3a3ec403ddf1fe830","Calpan/Building 12/Level 3/Step 34",NULL,"100-12-34-599-01","ed08d57e-d030-4584-ba5c-b8e95227ae28",NULL,"ElectricMotor1",NULL,"2MT-DE",NULL,"2-MT-RV",NULL,"BandEnergyFromSpectrum","MF RMS Accel","g","AlarmTypeHigh","2.000","1.000","0.500",NULL,NULL,NULL,"2026-04-10 08:44:35","2026-04-10 08:44:35","0.083","Ok","2","J20260411070002B10E305","2026-04-11 07:15:28.836543+00","Calpan","Building 12","Level 3","Step 34","","","","","","","B10E305","DSM"," Motor DE"
"15477d8a8aff045033db45002b79426b","Calpan/Building 12/Level 3/Step 34",NULL,"100-12-34-452-01","95d59ee7-03e4-4a9e-b4c3-1eb0f2b52d18",NULL,"Pump1",NULL,"4PP-NDE",NULL,"4-PP-Ax",NULL,"BandEnergyFromSpectrum","MF RMS Accel","g","AlarmTypeHigh","2.000","1.000","0.500",NULL,NULL,NULL,"2026-04-10 08:47:51","2026-04-10 08:47:51","0.119","Ok","2","J20260411070002B10E313","2026-04-11 07:15:22.026089+00","Calpan","Building 12","Level 3","Step 34","","","","","","","B10E313","DSM"," Pump NDE"
"1568a751a6c1abcb643764ab9791b7b2","Calpan/Building 12/Level 3/Step 34",NULL,"100-12-34-137-01","6b60b0aa-ef09-4630-b0c3-9a82f9488b6f",NULL,"ElectricMotor1",NULL,"1MT-NDE",NULL,"1-MT-RH",NULL,"BandEnergyFromSpectrum","MF Velocity (~3-8X)","mm/s","AlarmTypeHigh","5.000","3.000","1.000",NULL,NULL,NULL,"2026-04-10 09:16:58","2026-04-10 09:16:58","0.551","Ok","2","J20260411070002B10E322","2026-04-11 07:16:18.069423+00","Calpan","Building 12","Level 3","Step 34","","","","","","","B10E322","DSM"," Motor NDE"
"15711a53360211959908c9bad0a4b606","Calpan/Building 12/Level 3/Step 34",NULL,"100-12-34-182-01","cb82f5f4-a90f-417b-9120-982c9cc359e8",NULL,"Pump1",NULL,"4PP-NDE",NULL,"4-PP-RH",NULL,"BandEnergyFromSpectrum","MF Velocity (~3-8X)","mm/s","AlarmTypeHigh","5.000","3.000","1.000",NULL,NULL,NULL,"2026-04-10 08:58:11","2026-04-10 08:58:11","0.556","Ok","2","J20260411070002B10E775","2026-04-11 07:15:47.606089+00","Calpan","Building 12","Level 3","Step 34","","","","","","","B10E775","DSM"," Pump NDE"
"15a31e3602d9f729bf482724821d896c","SOT & WWTP/Building 46/Level 1 South Int",NULL,"2204674-18700","d02dc63f-663b-465c-8e99-133e530a34f3",NULL,"Pump1",NULL,"3PP-DE",NULL,"3-PP-RH",NULL,"Acceleration","OV Accel","g","AlarmTypeHigh","6.000","3.000","2.000",NULL,NULL,NULL,"2026-04-10 07:49:54","2026-04-10 07:49:23","0.142","Ok","2","J20260411070002B10E553","2026-04-11 07:15:31.376368+00","SOT & WWTP","Building 46","Level 1 South Int","","","","","","","","B10E553","DSM"," Pump DE"
"15ad576d9b8598393982986a034d137b","SOT & WWTP/Building 46/Level 1 south Ext",NULL,"2204673-64200","1183b785-83bc-4239-9fd1-4c4e5ad0d5f0",NULL,"ElectricMotor1",NULL,"2MT-DE",NULL,"2-MT-RV",NULL,"Acceleration","Pk-Pk Accel","g","AlarmTypeHigh","9.000","6.000","3.000",NULL,NULL,NULL,"2026-04-10 07:43:24","2026-04-10 07:41:48","2.075","Ok","2","J20260411070002B10E958","2026-04-11 07:15:31.367013+00","SOT & WWTP","Building 46","Level 1 south Ext","","","","","","","","B10E958","DSM"," Motor DE"
"15cc7a5a94f61d2c5e93f892c2d9f6fa","Calpan/Building 12/Level 3/Step 34",NULL,"100-12-34-162-01","1d898064-4876-4e5b-885f-a3ac174fa02b",NULL,"ElectricMotor1",NULL,"1MT-NDE",NULL,"1-MT-Ax",NULL,"BandEnergyFromSpectrum","HF RMS Accel","g","AlarmTypeHigh","6.000","3.000","1.500",NULL,NULL,NULL,"2026-04-10 09:18:57","2026-04-10 09:18:57","0.002","Ok","2","J20260411070002B10E324","2026-04-11 07:15:20.786083+00","Calpan","Building 12","Level 3","Step 34","","","","","","","B10E324","DSM"," Motor NDE"
"1607e7d79c26a03405b6a73567a25ebb","SOT & WWTP/Building 28/Ground Level",NULL,"4002861-50500","4322796b-6387-4da8-b21c-a60391237dcb",NULL,"Pump1",NULL,"3PP-DE",NULL,"3-PP-RV",NULL,"Acceleration","Pk-Pk Accel","g","AlarmTypeHigh","9.000","6.000","3.000",NULL,NULL,NULL,"2026-04-10 09:45:06","2026-04-10 09:43:57","14.581","Danger","5","J20260411070002B10E34","2026-04-11 07:15:46.515864+00","SOT & WWTP","Building 28","Ground Level","","","","","","","","B10E34","DSM"," Pump DE"
"160df554b23da7e97c80b9dd8cdead4c","SOT & WWTP/Building 46/Level 1 south Ext",NULL,"2204674-84200","9cd3dcc6-d8f4-42a8-bfd4-4957a1c3d83b",NULL,"Pump1",NULL,"3PP-DE",NULL,"3-PP-RV",NULL,"VibrationVelocity","OV Vel","mm/s","AlarmTypeHigh","7.100","4.500","2.300",NULL,NULL,NULL,"2026-04-10 08:14:32","2026-04-10 08:14:02","0.870","Ok","2","J20260411070002B10E544","2026-04-11 07:15:22.151709+00","SOT & WWTP","Building 46","Level 1 south Ext","","","","","","","","B10E544","DSM"," Pump DE"
"16176971bce255b76370967d1a3d746a","SOT & WWTP/Building 32/Ground Level",NULL,"4003245-01050","c6e1ea8c-b0aa-4ab3-b1ab-4a7c92913666",NULL,"ElectricMotor1",NULL,"2MT-DE",NULL,"2-MT-RV",NULL,"Acceleration","OV Accel","g","AlarmTypeHigh","6.000","3.000","2.000",NULL,NULL,NULL,"2026-04-10 09:57:30","2026-04-10 09:56:11","0.942","Ok","2","J20260411070002B10E44","2026-04-11 07:16:20.260687+00","SOT & WWTP","Building 32","Ground Level","","","","","","","","B10E44","DSM"," Motor DE"
"161dd8ce0ffc9cc5de6010a4dfa297f1","Calpan/Building 12/Level 3/Step 34",NULL,"100-12-34-052-01","4e95bfc9-5c27-4ef2-8f21-e1680ea3525a",NULL,"Pump1",NULL,"4PP-NDE",NULL,"4-PP-RH",NULL,"Acceleration","Pk-Pk Accel","g","AlarmTypeHigh","9.000","6.000","3.000",NULL,NULL,NULL,"2026-04-10 09:35:03","2026-04-10 09:33:52","1.023","Ok","2","J20260411070002B10E329","2026-04-11 07:16:20.032019+00","Calpan","Building 12","Level 3","Step 34","","","","","","","B10E329","DSM"," Pump NDE"
"1663ed55d6b687bab6133d8df78444f7","Calpan/Building 12/Level 3/Step 34",NULL,"100-12-34-772-01","6b5b6534-5ed7-4bf6-959a-47e0f9d1edb4",NULL,"ElectricMotor1",NULL,"1MT-NDE",NULL,"1-MT-RV",NULL,"Acceleration","Pk-Pk Accel","g","AlarmTypeHigh","9.000","6.000","3.000",NULL,NULL,NULL,"2026-04-10 09:25:26","2026-04-10 09:23:11","0.428","Ok","2","J20260411070002B10E326","2026-04-11 07:15:18.100414+00","Calpan","Building 12","Level 3","Step 34","","","","","","","B10E326","DSM"," Motor NDE"
"166aa01c3754c9d6f25d9dc78537c79e","Calpan/Building 12/Level 3/Step 34",NULL,"100-12-34-157-01","5d071c42-70ae-41ae-ab75-66543fc85f14",NULL,"ElectricMotor1",NULL,"1MT-NDE",NULL,"1-MT-Ax",NULL,"BandEnergyFromSpectrum","MF Velocity (~3-8X)","mm/s","AlarmTypeHigh","5.000","3.000","1.000",NULL,NULL,NULL,"2026-04-10 09:02:29","2026-04-10 09:02:29","0.107","Ok","2","J20260411070002B10E319","2026-04-11 07:15:15.91658+00","Calpan","Building 12","Level 3","Step 34","","","","","","","B10E319","DSM"," Motor NDE"
"168b3de5e53ffe1acd961f3ff3bcb0be","SOT & WWTP/Building 32/Ground Level",NULL,"4003245-01050","c6e1ea8c-b0aa-4ab3-b1ab-4a7c92913666",NULL,"ElectricMotor1",NULL,"1MT-NDE",NULL,"1-MT-RH",NULL,"Acceleration","OV Accel","g","AlarmTypeHigh","6.000","3.000","2.000",NULL,NULL,NULL,"2026-04-10 09:57:30","2026-04-10 09:55:32","1.595","Ok","2","J20260411070002B10E44","2026-04-11 07:16:20.260687+00","SOT & WWTP","Building 32","Ground Level","","","","","","","","B10E44","DSM"," Motor NDE"
"16b116c2cc02174f9a17773f00c2c947","Calpan/Building 12/Level 3/Step 34",NULL,"100-12-34-042-01","baa957f8-47b1-4422-b93b-9c0e9c3cf8a3",NULL,"ElectricMotor1",NULL,"1MT-NDE",NULL,"1-MT-Ax",NULL,"BandEnergyFromSpectrum","LF RMS Accel","g","AlarmTypeHigh","0.800","0.400","0.200",NULL,NULL,NULL,"2026-04-10 09:31:52","2026-04-10 09:31:52","0.012","Ok","2","J20260411070002B10E328","2026-04-11 07:15:17.347474+00","Calpan","Building 12","Level 3","Step 34","","","","","","","B10E328","DSM"," Motor NDE"
"16ca4cf8d578486102fd44a05c0c73ef","SOT & WWTP/Building 46/Level 1 south Ext",NULL,"2204674-91200","63f8e6fe-5f68-4171-9ca8-5bb946a1571d",NULL,"ElectricMotor1",NULL,"2MT-DE",NULL,"2-MT-RV",NULL,"VibrationVelocity","OV Vel","mm/s","AlarmTypeHigh","7.100","4.500","2.300",NULL,NULL,NULL,"2026-04-10 08:29:56","2026-04-10 08:29:47","3.769","PreAlarm","3","J20260411070002B10E548","2026-04-11 07:16:21.067974+00","SOT & WWTP","Building 46","Level 1 south Ext","","","","","","","","B10E548","DSM"," Motor DE"
"16efded2bb17b9c068de4eb4e91628ea","SOT & WWTP/Building 32/Ground Level",NULL,"4003245-01030","43aad99e-1dbc-4d74-b061-e10b847dea3e",NULL,"Pump1",NULL,"4PP-NDE",NULL,"4-PP-Ax",NULL,"Acceleration","OV Accel","g","AlarmTypeHigh","6.000","3.000","2.000",NULL,NULL,NULL,"2026-04-10 09:59:58","2026-04-10 09:59:54","0.687","Ok","2","J20260411070002B10E42","2026-04-11 07:15:44.831133+00","SOT & WWTP","Building 32","Ground Level","","","","","","","","B10E42","DSM"," Pump NDE"
"1722157f3085fa3326c77c3bd77699c3","SOT & WWTP/Building 32/Ground Level",NULL,"4003245-01030","43aad99e-1dbc-4d74-b061-e10b847dea3e",NULL,"ElectricMotor1",NULL,"1MT-NDE",NULL,"1-MT-RV",NULL,"Acceleration","Pk-Pk Accel","g","AlarmTypeHigh","9.000","6.000","3.000",NULL,NULL,NULL,"2026-04-10 09:59:58","2026-04-10 09:58:26","1.152","Ok","2","J20260411070002B10E42","2026-04-11 07:15:44.831133+00","SOT & WWTP","Building 32","Ground Level","","","","","","","","B10E42","DSM"," Motor NDE"
"173d421332761ed6defe30977917fb3a","Calpan/Building 12/Level 3/Step 34",NULL,"100-12-34-052-01","4e95bfc9-5c27-4ef2-8f21-e1680ea3525a",NULL,"ElectricMotor1",NULL,"2MT-DE",NULL,"2-MT-RH",NULL,"Acceleration","Pk-Pk Accel","g","AlarmTypeHigh","9.000","6.000","3.000",NULL,NULL,NULL,"2026-04-10 09:35:03","2026-04-10 09:32:53","1.284","Ok","2","J20260411070002B10E329","2026-04-11 07:16:20.032019+00","Calpan","Building 12","Level 3","Step 34","","","","","","","B10E329","DSM"," Motor DE"
"179a026def876e24d10b82571716d5e4","SOT & WWTP/Building 46/Level 1 south Ext",NULL,"2204673-64200","1183b785-83bc-4239-9fd1-4c4e5ad0d5f0",NULL,"ElectricMotor1",NULL,"1MT-NDE",NULL,"1-MT-RV",NULL,"BandEnergyFromSpectrum","MF RMS Accel","g","AlarmTypeHigh","2.000","1.000","0.500",NULL,NULL,NULL,"2026-04-10 07:43:24","2026-04-10 07:43:24","0.206","Ok","2","J20260411070002B10E958","2026-04-11 07:15:31.367013+00","SOT & WWTP","Building 46","Level 1 south Ext","","","","","","","","B10E958","DSM"," Motor NDE"
"18014f76dd6fd32fba119c1573fdde58","Calpan/Building 12/Level 3/Step 34",NULL,"100-12-34-052-01","4e95bfc9-5c27-4ef2-8f21-e1680ea3525a",NULL,"ElectricMotor1",NULL,"2MT-DE",NULL,"2-MT-RH",NULL,"Acceleration","OV Accel","g","AlarmTypeHigh","6.000","3.000","2.000",NULL,NULL,NULL,"2026-04-10 09:35:03","2026-04-10 09:32:50","0.198","Ok","2","J20260411070002B10E329","2026-04-11 07:16:20.032019+00","Calpan","Building 12","Level 3","Step 34","","","","","","","B10E329","DSM"," Motor DE"
"185f5ff9c15251cda3fd5053edd07b02","Calpan/Building 12/Level 3/Step 34",NULL,"100-12-34-122-01","2f0c1896-955a-4c2b-b25f-c632bd837c5d",NULL,"Pump1",NULL,"4PP-NDE",NULL,"4-PP-Ax",NULL,"VibrationVelocity","OV Vel","mm/s","AlarmTypeHigh","7.100","4.500","2.300",NULL,NULL,NULL,"2026-04-10 09:11:47","2026-04-10 09:09:45","3.079","PreAlarm","3","J20260411070002B10E320","2026-04-11 07:15:20.786773+00","Calpan","Building 12","Level 3","Step 34","","","","","","","B10E320","DSM"," Pump NDE"
"18c2ecd9b61f96c4067fd81ab426a9fc","Calpan/Building 12/Level 3/Step 34",NULL,"100-12-34-042-01","baa957f8-47b1-4422-b93b-9c0e9c3cf8a3",NULL,"Pump1",NULL,"3PP-DE",NULL,"3-PP-RH",NULL,"BroadBand","Envelope Energy","g",NULL,NULL,NULL,NULL,NULL,NULL,NULL,"2026-04-10 09:31:52","2026-04-10 09:31:13","0.004","Unknown","1","J20260411070002B10E328","2026-04-11 07:15:17.347474+00","Calpan","Building 12","Level 3","Step 34","","","","","","","B10E328","DSM"," Pump DE"
"19320b7d34c4c6d879d49977c5e13964","SOT & WWTP/Building 46/Level 1 south Ext",NULL,"2204673-64200","1183b785-83bc-4239-9fd1-4c4e5ad0d5f0",NULL,"ElectricMotor1",NULL,"2MT-DE",NULL,"2-MT-RH",NULL,"BandEnergyFromSpectrum","MF RMS Accel","g","AlarmTypeHigh","2.000","1.000","0.500",NULL,NULL,NULL,"2026-04-10 07:43:24","2026-04-10 07:43:24","0.594","PreAlarm","3","J20260411070002B10E958","2026-04-11 07:15:31.367013+00","SOT & WWTP","Building 46","Level 1 south Ext","","","","","","","","B10E958","DSM"," Motor DE"
"1960f9ea42d07b03e34ee6300d0f7138","SOT & WWTP/Building 46/Level 1 south Ext",NULL,"2204674-82200","03730490-e586-4775-9f7d-24435dd06cae",NULL,"ElectricMotor1",NULL,"2MT-DE",NULL,"2-MT-RV",NULL,"BandEnergyFromSpectrum","MF Velocity (~3-8X)","mm/s","AlarmTypeHigh","5.000","3.000","1.000",NULL,NULL,NULL,"2026-04-10 08:36:06","2026-04-10 08:36:06","0.798","Ok","2","J20260411070002B10E542","2026-04-11 07:15:17.341809+00","SOT & WWTP","Building 46","Level 1 south Ext","","","","","","","","B10E542","DSM"," Motor DE"
"196e268b8d778f2cb5007b1061e17fe9","SOT & WWTP/Building 46/Level 1 South Int",NULL,"2204674-25200","8c097769-c06f-45ff-b124-b425f9a07faf",NULL,"LobulusCompressor1",NULL,"4LC-NDE",NULL,"4-LC-RH",NULL,"BroadBand","Envelope Energy","g",NULL,NULL,NULL,NULL,NULL,NULL,NULL,"2026-04-10 08:05:54","2026-04-10 08:04:49","1.751","Unknown","1","J20260411070002B10E556","2026-04-11 07:15:14.724536+00","SOT & WWTP","Building 46","Level 1 South Int","","","","","","","","B10E556","DSM",NULL
"198a9ce09642289605933517873d5ded","SOT & WWTP/Building 46/Level 1 south Ext",NULL,"2204674-91700","c5661652-b006-41ac-9678-a9f8cee30d2e",NULL,"ElectricMotor1",NULL,"2MT-DE",NULL,"2-MT-Ax",NULL,"BandEnergyFromSpectrum","MF Velocity (~3-8X)","mm/s","AlarmTypeHigh","5.000","3.000","1.000",NULL,NULL,NULL,"2026-04-10 08:28:29","2026-04-10 08:28:29","0.296","Ok","2","J20260411070002B10E549","2026-04-11 07:15:44.625996+00","SOT & WWTP","Building 46","Level 1 south Ext","","","","","","","","B10E549","DSM"," Motor DE"
"19a4807197312b04d6be7904bef0c6e3","SOT & WWTP/Building 46/Level 1 south Ext",NULL,"2204674-91200","63f8e6fe-5f68-4171-9ca8-5bb946a1571d",NULL,"ElectricMotor1",NULL,"1MT-NDE",NULL,"1-MT-RV",NULL,"Acceleration","OV Accel","g","AlarmTypeHigh","6.000","3.000","2.000",NULL,NULL,NULL,"2026-04-10 08:29:56","2026-04-10 08:29:11","0.347","Ok","2","J20260411070002B10E548","2026-04-11 07:16:21.067974+00","SOT & WWTP","Building 46","Level 1 south Ext","","","","","","","","B10E548","DSM"," Motor NDE"
"19df9ffbd975b2056a9d4cc5d336ee29","SOT & WWTP/Building 46/Level 1 South Int",NULL,"2204674-12700","5a52a7bb-3ac4-4087-b2ae-b50b8ac5d619",NULL,"Pump1",NULL,"3PP-DE",NULL,"3-PP-RV",NULL,"Acceleration","OV Accel","g","AlarmTypeHigh","6.000","3.000","2.000",NULL,NULL,NULL,"2026-04-10 07:56:59","2026-04-10 07:56:26","0.241","Ok","2","J20260411070002B10E551","2026-04-11 07:16:18.755097+00","SOT & WWTP","Building 46","Level 1 South Int","","","","","","","","B10E551","DSM"," Pump DE"
"1a2ef5ac1a455de13161adf61cfc1133","Calpan/Building 12/Level 3/Step 34",NULL,"100-12-34-452-01","95d59ee7-03e4-4a9e-b4c3-1eb0f2b52d18",NULL,"ElectricMotor1",NULL,"2MT-DE",NULL,"2-MT-Ax",NULL,"VibrationVelocity","OV Vel","mm/s","AlarmTypeHigh","7.100","4.500","2.300",NULL,NULL,NULL,"2026-04-10 08:47:51","2026-04-10 08:46:48","2.857","PreAlarm","3","J20260411070002B10E313","2026-04-11 07:15:22.026089+00","Calpan","Building 12","Level 3","Step 34","","","","","","","B10E313","DSM"," Motor DE"
"1a42208d8834032b97d5db22872323ce","SOT & WWTP/Building 46/Level 1 South Int",NULL,"2204674-18200","ddec0803-5671-4d5f-bcd2-6ad1ec7ba006",NULL,"Pump1",NULL,"3PP-DE",NULL,"3-PP-RV",NULL,"BandEnergyFromSpectrum","MF RMS Accel","g","AlarmTypeHigh","2.000","1.000","0.500",NULL,NULL,NULL,"2026-04-10 07:53:51","2026-04-10 07:53:51","0.321","Ok","2","J20260411070002B10E552","2026-04-11 07:15:30.323513+00","SOT & WWTP","Building 46","Level 1 South Int","","","","","","","","B10E552","DSM"," Pump DE"
"1a4d4685379be8ce707cfe77d76f2289","SOT & WWTP/Building 46/Level 1 south Ext",NULL,"2204674-82200","03730490-e586-4775-9f7d-24435dd06cae",NULL,"Pump1",NULL,"4PP-NDE",NULL,"4-PP-Ax",NULL,"Acceleration","Pk-Pk Accel","g","AlarmTypeHigh","9.000","6.000","3.000",NULL,NULL,NULL,"2026-04-10 08:36:06","2026-04-10 08:36:03","2.147","Ok","2","J20260411070002B10E542","2026-04-11 07:15:17.341809+00","SOT & WWTP","Building 46","Level 1 south Ext","","","","","","","","B10E542","DSM"," Pump NDE"
"1a67119d980e748fa632ed530402612f","SOT & WWTP/Building 28/Ground Level",NULL,"4002861-50500","4322796b-6387-4da8-b21c-a60391237dcb",NULL,"ElectricMotor1",NULL,"1MT-NDE",NULL,"1-MT-RV",NULL,"VibrationVelocity","OV Vel","mm/s","AlarmTypeHigh","7.100","4.500","2.300",NULL,NULL,NULL,"2026-04-10 09:45:06","2026-04-10 09:42:37","0.732","Ok","2","J20260411070002B10E34","2026-04-11 07:15:46.515864+00","SOT & WWTP","Building 28","Ground Level","","","","","","","","B10E34","DSM"," Motor NDE"
"1a8cefabbbfb53bb278884d4790c829b","Calpan/Building 12/Level 3/Step 34",NULL,"100-12-34-052-01","4e95bfc9-5c27-4ef2-8f21-e1680ea3525a",NULL,"Pump1",NULL,"3PP-DE",NULL,"3-PP-RV",NULL,"VibrationVelocity","OV Vel","mm/s","AlarmTypeHigh","7.100","4.500","2.300",NULL,NULL,NULL,"2026-04-10 09:35:03","2026-04-10 09:33:22","1.276","Ok","2","J20260411070002B10E329","2026-04-11 07:16:20.032019+00","Calpan","Building 12","Level 3","Step 34","","","","","","","B10E329","DSM"," Pump DE"
"1b02b1dd17338483b2a81aa9060b7962","Calpan/Building 12/Level 3/Step 34",NULL,"100-12-34-177-01","4418a4f0-5185-4ca9-8a85-a8ed7d6d8870",NULL,"ElectricMotor1",NULL,"2MT-DE",NULL,"2-MT-RV",NULL,"VibrationVelocity","OV Vel","mm/s","AlarmTypeHigh","7.100","4.500","2.300",NULL,NULL,NULL,"2026-04-10 09:27:57","2026-04-10 09:20:20","1.193","Ok","2","J20260411070002B10E325","2026-04-11 07:15:44.90977+00","Calpan","Building 12","Level 3","Step 34","","","","","","","B10E325","DSM"," Motor DE"
"1beb2bb01e3ab97e5a4f805618100e84","Calpan/Building 12/Level 3/Step 34",NULL,"100-12-34-122-01","2f0c1896-955a-4c2b-b25f-c632bd837c5d",NULL,"ElectricMotor1",NULL,"2MT-DE",NULL,"2-MT-Ax",NULL,"BandEnergyFromSpectrum","MF RMS Accel","g","AlarmTypeHigh","2.000","1.000","0.500",NULL,NULL,NULL,"2026-04-10 09:11:47","2026-04-10 09:11:47","0.110","Ok","2","J20260411070002B10E320","2026-04-11 07:15:20.786773+00","Calpan","Building 12","Level 3","Step 34","","","","","","","B10E320","DSM"," Motor DE"
"1c18aa1e5008339c2ee3331bf6ec0cca","SOT & WWTP/Building 32/Ground Level",NULL,"4003245-01070","f0256864-92af-49d6-b5bb-fa91f04642f9",NULL,"Pump1",NULL,"4PP-NDE",NULL,"4-PP-RH",NULL,"Acceleration","Pk-Pk Accel","g","AlarmTypeHigh","9.000","6.000","3.000",NULL,NULL,NULL,"2026-04-10 09:52:07","2026-04-10 09:52:04","9.339","Danger","5","J20260411070002B10E46","2026-04-11 07:15:22.091584+00","SOT & WWTP","Building 32","Ground Level","","","","","","","","B10E46","DSM"," Pump NDE"
"1c48154e0ed91da5d16c68c3f9c1f169","SOT & WWTP/Building 32/Ground Level",NULL,"4003245-01030","43aad99e-1dbc-4d74-b061-e10b847dea3e",NULL,"ElectricMotor1",NULL,"2MT-DE",NULL,"2-MT-RV",NULL,"BroadBand","Envelope Energy","g",NULL,NULL,NULL,NULL,NULL,NULL,NULL,"2026-04-10 09:59:58","2026-04-10 09:58:45","0.193","Unknown","1","J20260411070002B10E42","2026-04-11 07:15:44.831133+00","SOT & WWTP","Building 32","Ground Level","","","","","","","","B10E42","DSM"," Motor DE"
"1c508d01f74fc280503a7e2a194961dd","Calpan/Building 12/Level 3/Step 34",NULL,"100-12-34-032-01","dfd2a084-a9f2-4a9f-bd33-34b210d47d0e",NULL,"ElectricMotor1",NULL,"1MT-NDE",NULL,"1-MT-Ax",NULL,"Acceleration","Pk-Pk Accel","g","AlarmTypeHigh","9.000","6.000","3.000",NULL,NULL,NULL,"2026-04-10 09:29:45","2026-04-10 09:29:14","0.213","Ok","2","J20260411070002B10E327","2026-04-11 07:15:47.921969+00","Calpan","Building 12","Level 3","Step 34","","","","","","","B10E327","DSM"," Motor NDE"
"1c57ea8ccc9179ac6bec2e1a7ba630e5","Calpan/Building 12/Level 3/Step 34",NULL,"100-12-34-510-11","551c74fc-55de-40ed-aafc-1e0e6781fdfd",NULL,"ElectricMotor1",NULL,"2MT-DE",NULL,"2-MT-Ax",NULL,"Acceleration","OV Accel","g","AlarmTypeHigh","6.000","3.000","2.000",NULL,NULL,NULL,"2026-04-10 08:39:42","2026-04-10 08:36:53","0.248","Ok","2","J20260411070002B10E302","2026-04-11 07:15:16.45472+00","Calpan","Building 12","Level 3","Step 34","","","","","","","B10E302","DSM"," Motor DE"
"1ca209cbd5313f947ea232c67fe1c31f","SOT & WWTP/Building 46/Level 1 south Ext",NULL,"2204673-64200","1183b785-83bc-4239-9fd1-4c4e5ad0d5f0",NULL,"ElectricMotor1",NULL,"1MT-NDE",NULL,"1-MT-RV",NULL,"BandEnergyFromSpectrum","HF RMS Accel","g","AlarmTypeHigh","6.000","3.000","1.500",NULL,NULL,NULL,"2026-04-10 07:43:24","2026-04-10 07:43:24","0.030","Ok","2","J20260411070002B10E958","2026-04-11 07:15:31.367013+00","SOT & WWTP","Building 46","Level 1 south Ext","","","","","","","","B10E958","DSM"," Motor NDE"
"1ca56a53225b96572531d76bb426ad96","SOT & WWTP/Building 46/Level 1 South Int",NULL,"2204674-25200","8c097769-c06f-45ff-b124-b425f9a07faf",NULL,"LobulusCompressor1",NULL,"5LC-DE",NULL,"5-LC-RV",NULL,"VibrationVelocity","OV Vel","mm/s","AlarmTypeHigh","7.100","4.500","2.300",NULL,NULL,NULL,"2026-04-10 08:05:54","2026-04-10 08:05:25","1.617","Ok","2","J20260411070002B10E556","2026-04-11 07:15:14.724536+00","SOT & WWTP","Building 46","Level 1 South Int","","","","","","","","B10E556","DSM",NULL
"1cc0d2163ecc698368db33357d7cdb12","SOT & WWTP/Building 46/Level 1 South Int",NULL,"2204674-12200","920f4ad8-e17b-4e95-bb07-fe8ccfbdeb6a",NULL,"Pump1",NULL,"4PP-NDE",NULL,"4-PP-Ax",NULL,"BandEnergyFromSpectrum","MF Velocity (~3-8X)","mm/s","AlarmTypeHigh","5.000","3.000","1.000",NULL,NULL,NULL,"2026-04-10 07:59:41","2026-04-10 07:59:41","0.864","Ok","2","J20260411070002B10E550","2026-04-11 07:15:15.907019+00","SOT & WWTP","Building 46","Level 1 South Int","","","","","","","","B10E550","DSM"," Pump NDE"
"1cc41ef9d98b2fbd081e367374a04c41","SOT & WWTP/Building 28/Ground Level",NULL,"4002861-50500","4322796b-6387-4da8-b21c-a60391237dcb",NULL,"ElectricMotor1",NULL,"1MT-NDE",NULL,"1-MT-Ax",NULL,"BandEnergyFromSpectrum","MF Velocity (~3-8X)","mm/s","AlarmTypeHigh","5.000","3.000","1.000",NULL,NULL,NULL,"2026-04-10 09:45:06","2026-04-10 09:45:06","1.234","PreAlarm","3","J20260411070002B10E34","2026-04-11 07:15:46.515864+00","SOT & WWTP","Building 28","Ground Level","","","","","","","","B10E34","DSM"," Motor NDE"
"1cf3e42288c639450f4e4655494695ba","Calpan/Building 12/Level 3/Step 34",NULL,"100-12-34-112-01","6ede0422-81cb-4ec5-a1c5-1d25b11af911",NULL,"Pump1",NULL,"4PP-NDE",NULL,"4-PP-Ax",NULL,"Acceleration","OV Accel","g","AlarmTypeHigh","6.000","3.000","2.000",NULL,NULL,NULL,"2026-04-10 09:38:31","2026-04-10 09:38:22","0.037","Ok","2","J20260411070002B10E332","2026-04-11 07:16:22.283852+00","Calpan","Building 12","Level 3","Step 34","","","","","","","B10E332","DSM"," Pump NDE"
"1cfa835f1973fdcb00e725cf6ceacffd","SOT & WWTP/Building 46/Level 1 South Int",NULL,"2204674-18200","ddec0803-5671-4d5f-bcd2-6ad1ec7ba006",NULL,"Pump1",NULL,"3PP-DE",NULL,"3-PP-RH",NULL,"BandEnergyFromSpectrum","MF Velocity (~3-8X)","mm/s","AlarmTypeHigh","5.000","3.000","1.000",NULL,NULL,NULL,"2026-04-10 07:53:51","2026-04-10 07:53:51","0.179","Ok","2","J20260411070002B10E552","2026-04-11 07:15:30.323513+00","SOT & WWTP","Building 46","Level 1 South Int","","","","","","","","B10E552","DSM"," Pump DE"
"1d31151de4da2f01ef3d90e1ea9a7a77","Calpan/Building 12/Level 3/Step 34",NULL,"100-12-34-177-01","4418a4f0-5185-4ca9-8a85-a8ed7d6d8870",NULL,"GearBox1",NULL,"4GB-InNDE",NULL,"4-GB-Ax",NULL,"Acceleration","Pk-Pk Accel","g","AlarmTypeHigh","9.000","6.000","3.000",NULL,NULL,NULL,"2026-04-10 09:27:57","2026-04-10 09:21:02","0.535","Ok","2","J20260411070002B10E325","2026-04-11 07:15:44.90977+00","Calpan","Building 12","Level 3","Step 34","","","","","","","B10E325","DSM"," Gearbox InNDE"
"1d51367c61f8d11e92c2989b272d0618","SOT & WWTP/Building 46/Level 1 South Int",NULL,"2204674-18200","ddec0803-5671-4d5f-bcd2-6ad1ec7ba006",NULL,"ElectricMotor1",NULL,"1MT-NDE",NULL,"1-MT-RH",NULL,"Acceleration","Pk-Pk Accel","g","AlarmTypeHigh","9.000","6.000","3.000",NULL,NULL,NULL,"2026-04-10 07:53:51","2026-04-10 07:52:15","3.616","PreAlarm","3","J20260411070002B10E552","2026-04-11 07:15:30.323513+00","SOT & WWTP","Building 46","Level 1 South Int","","","","","","","","B10E552","DSM"," Motor NDE"
"1d7b87431c97f5326dae026c1ce637a9","SOT & WWTP/Building 46/Level 1 south Ext",NULL,"2204674-91700","c5661652-b006-41ac-9678-a9f8cee30d2e",NULL,"ElectricMotor1",NULL,"1MT-NDE",NULL,"1-MT-RH",NULL,"BandEnergyFromSpectrum","MF RMS Accel","g","AlarmTypeHigh","2.000","1.000","0.500",NULL,NULL,NULL,"2026-04-10 08:28:29","2026-04-10 08:28:29","0.244","Ok","2","J20260411070002B10E549","2026-04-11 07:15:44.625996+00","SOT & WWTP","Building 46","Level 1 south Ext","","","","","","","","B10E549","DSM"," Motor NDE"
"1dd33c491b4c1f4c76f8e162c4956cb2","Calpan/Building 12/Level 3/Step 34",NULL,"100-12-34-137-01","6b60b0aa-ef09-4630-b0c3-9a82f9488b6f",NULL,"ElectricMotor1",NULL,"1MT-NDE",NULL,"1-MT-RV",NULL,"BroadBand","Envelope Energy","g",NULL,NULL,NULL,NULL,NULL,NULL,NULL,"2026-04-10 09:16:58","2026-04-10 09:13:17","0.035","Unknown","1","J20260411070002B10E322","2026-04-11 07:16:18.069423+00","Calpan","Building 12","Level 3","Step 34","","","","","","","B10E322","DSM"," Motor NDE"
"1de6e44481e6283127b332dea4097fea","SOT & WWTP/Building 32/Ground Level",NULL,"4003245-01060 No.6","6b94553b-624d-41d6-ae32-d3ba7ca02dce",NULL,"Pump1",NULL,"4PP-NDE",NULL,"4-PP-RH",NULL,"BandEnergyFromSpectrum","MF Velocity (~3-8X)","mm/s","AlarmTypeHigh","5.000","3.000","1.000",NULL,NULL,NULL,"2026-04-10 09:54:40","2026-04-10 09:54:40","0.986","Ok","2","J20260411070002B10E45","2026-04-11 07:15:28.823432+00","SOT & WWTP","Building 32","Ground Level","","","","","","","","B10E45","DSM"," Pump NDE"
"1e08528b7ab04ba6cded60e7df054c92","SOT & WWTP/Building 32/Ground Level",NULL,"4003245-01050","c6e1ea8c-b0aa-4ab3-b1ab-4a7c92913666",NULL,"Pump1",NULL,"3PP-DE",NULL,"3-PP-RV",NULL,"BandEnergyFromSpectrum","LF RMS Accel","g","AlarmTypeHigh","0.800","0.400","0.200",NULL,NULL,NULL,"2026-04-10 09:57:30","2026-04-10 09:57:30","0.165","Ok","2","J20260411070002B10E44","2026-04-11 07:16:20.260687+00","SOT & WWTP","Building 32","Ground Level","","","","","","","","B10E44","DSM"," Pump DE"
"1e518f7c027dbfbc9aefd567ed18e3ec","Calpan/Building 12/Level 3/Step 34",NULL,"100-12-34-042-01","baa957f8-47b1-4422-b93b-9c0e9c3cf8a3",NULL,"ElectricMotor1",NULL,"1MT-NDE",NULL,"1-MT-RV",NULL,"BandEnergyFromSpectrum","LF RMS Accel","g","AlarmTypeHigh","0.800","0.400","0.200",NULL,NULL,NULL,"2026-04-10 09:31:52","2026-04-10 09:31:52","0.033","Ok","2","J20260411070002B10E328","2026-04-11 07:15:17.347474+00","Calpan","Building 12","Level 3","Step 34","","","","","","","B10E328","DSM"," Motor NDE"
"1e63611d011e767639c583811c0d47cc","SOT & WWTP/Building 46/Level 1 South Int",NULL,"2204674-12700","5a52a7bb-3ac4-4087-b2ae-b50b8ac5d619",NULL,"ElectricMotor1",NULL,"1MT-NDE",NULL,"1-MT-Ax",NULL,"VibrationVelocity","OV Vel","mm/s","AlarmTypeHigh","7.100","4.500","2.300",NULL,NULL,NULL,"2026-04-10 07:56:59","2026-04-10 07:55:26","1.624","Ok","2","J20260411070002B10E551","2026-04-11 07:16:18.755097+00","SOT & WWTP","Building 46","Level 1 South Int","","","","","","","","B10E551","DSM"," Motor NDE"
"bde7d901cd8c143843c2138ef4f6ff8d","SOT & WWTP/Building 32/Ground Level",NULL,"4003245-01050","c6e1ea8c-b0aa-4ab3-b1ab-4a7c92913666",NULL,"ElectricMotor1",NULL,"1MT-NDE",NULL,"1-MT-RV",NULL,"BroadBand","Envelope Energy","g",NULL,NULL,NULL,NULL,NULL,NULL,NULL,"2026-04-10 09:57:30","2026-04-10 09:55:26","0.180","Unknown","1","J20260411070002B10E44","2026-04-11 07:16:20.260687+00","SOT & WWTP","Building 32","Ground Level","","","","","","","","B10E44","DSM"," Motor NDE"
"1e7fc4a8a69ef192467a79225b0b79de","Calpan/Building 12/Level 3/Step 34",NULL,"100-12-34-510-21","61567fca-5d02-4da4-933d-d5959c33b06d",NULL,"ElectricMotor1",NULL,"1MT-NDE",NULL,"1-MT-Ax",NULL,"PeakValueFromSpectrum","2X Vel","mm/s","AlarmTypeHigh","2.800","1.800","0.900",NULL,NULL,NULL,"2026-04-10 08:42:19","2026-04-10 08:42:19","0.406","Ok","2","J20260411070002B10E303","2026-04-11 07:16:14.211894+00","Calpan","Building 12","Level 3","Step 34","","","","","","","B10E303","DSM"," Motor NDE"
"1e8b8329c04fbe2b083b4f9aaaa6350b","SOT & WWTP/Building 46/Level 1 south Ext",NULL,"2204673-20200","971c1886-fae1-4e46-bdc2-fedaf770dc42",NULL,"Pump1",NULL,"4PP-NDE",NULL,"4-PP-Ax",NULL,"Acceleration","OV Accel","g","AlarmTypeHigh","6.000","3.000","2.000",NULL,NULL,NULL,"2026-04-10 08:11:00","2026-04-10 08:10:50","0.293","Ok","2","J20260411070002B10E986","2026-04-11 07:16:18.775238+00","SOT & WWTP","Building 46","Level 1 south Ext","","","","","","","","B10E986","DSM"," Pump NDE"
"1edd85ccb20a84282ac32193d772a24d","SOT & WWTP/Building 46/Level 1 South Int",NULL,"2204674-18200","ddec0803-5671-4d5f-bcd2-6ad1ec7ba006",NULL,"Pump1",NULL,"4PP-NDE",NULL,"4-PP-RV",NULL,"VibrationVelocity","OV Vel","mm/s","AlarmTypeHigh","7.100","4.500","2.300",NULL,NULL,NULL,"2026-04-10 07:53:51","2026-04-10 07:53:47","0.502","Ok","2","J20260411070002B10E552","2026-04-11 07:15:30.323513+00","SOT & WWTP","Building 46","Level 1 South Int","","","","","","","","B10E552","DSM"," Pump NDE"
"1f210bf5ba4d00bec96dc24fbfd78cfb","SOT & WWTP/Building 46/Level 1 South Int",NULL,"2204674-25200","8c097769-c06f-45ff-b124-b425f9a07faf",NULL,"ElectricMotor1",NULL,"1MT-NDE",NULL,"1-MT-RH",NULL,"VibrationVelocity","OV Vel","mm/s","AlarmTypeHigh","7.100","4.500","2.300",NULL,NULL,NULL,"2026-04-10 08:05:54","2026-04-10 08:03:19","1.256","Ok","2","J20260411070002B10E556","2026-04-11 07:15:14.724536+00","SOT & WWTP","Building 46","Level 1 South Int","","","","","","","","B10E556","DSM"," Motor NDE"
"1f5953aa02343111b899d9fc56377780","Calpan/Building 12/Level 3/Step 34",NULL,"100-12-34-510-11","551c74fc-55de-40ed-aafc-1e0e6781fdfd",NULL,"ElectricMotor1",NULL,"1MT-NDE",NULL,"1-MT-RH",NULL,"Acceleration","Pk-Pk Accel","g","AlarmTypeHigh","9.000","6.000","3.000",NULL,NULL,NULL,"2026-04-10 08:39:42","2026-04-10 08:36:22","3.378","PreAlarm","3","J20260411070002B10E302","2026-04-11 07:15:16.45472+00","Calpan","Building 12","Level 3","Step 34","","","","","","","B10E302","DSM"," Motor NDE"
"1f70d7bd01ad28ab525115300f495d94","Calpan/Building 12/Level 3/Step 34",NULL,"100-12-34-510-11","551c74fc-55de-40ed-aafc-1e0e6781fdfd",NULL,"ElectricMotor1",NULL,"1MT-NDE",NULL,"1-MT-Ax",NULL,"BroadBand","Envelope Energy","g",NULL,NULL,NULL,NULL,NULL,NULL,NULL,"2026-04-10 08:39:42","2026-04-10 08:38:39","0.070","Unknown","1","J20260411070002B10E302","2026-04-11 07:15:16.45472+00","Calpan","Building 12","Level 3","Step 34","","","","","","","B10E302","DSM"," Motor NDE"
"1f728d923d0fc4c007267debe085ab49","SOT & WWTP/Building 32/Ground Level",NULL,"4003245-01050","c6e1ea8c-b0aa-4ab3-b1ab-4a7c92913666",NULL,"ElectricMotor1",NULL,"1MT-NDE",NULL,"1-MT-Ax",NULL,"BroadBand","Envelope Energy","g",NULL,NULL,NULL,NULL,NULL,NULL,NULL,"2026-04-10 09:57:30","2026-04-10 09:55:26","0.043","Unknown","1","J20260411070002B10E44","2026-04-11 07:16:20.260687+00","SOT & WWTP","Building 32","Ground Level","","","","","","","","B10E44","DSM"," Motor NDE"
"1f7c24481539f5307383d82170af1960","Calpan/Building 12/Level 3/Step 34",NULL,"100-12-34-182-01","cb82f5f4-a90f-417b-9120-982c9cc359e8",NULL,"Pump1",NULL,"3PP-DE",NULL,"3-PP-Ax",NULL,"Acceleration","Pk-Pk Accel","g","AlarmTypeHigh","9.000","6.000","3.000",NULL,NULL,NULL,"2026-04-10 08:58:11","2026-04-10 08:51:06","4.501","PreAlarm","3","J20260411070002B10E775","2026-04-11 07:15:47.606089+00","Calpan","Building 12","Level 3","Step 34","","","","","","","B10E775","DSM"," Pump DE"
"1fce272cde67555134800c1b7e97acd9","Calpan/Building 12/Level 3/Step 34",NULL,"100-12-34-042-01","baa957f8-47b1-4422-b93b-9c0e9c3cf8a3",NULL,"Pump1",NULL,"3PP-DE",NULL,"3-PP-RV",NULL,"BandEnergyFromSpectrum","MF RMS Accel","g","AlarmTypeHigh","2.000","1.000","0.500",NULL,NULL,NULL,"2026-04-10 09:31:52","2026-04-10 09:31:52","0.069","Ok","2","J20260411070002B10E328","2026-04-11 07:15:17.347474+00","Calpan","Building 12","Level 3","Step 34","","","","","","","B10E328","DSM"," Pump DE"
"1fd24bed369a8912a3ee0dac398c8743","Calpan/Building 12/Level 3/Step 34",NULL,"100-12-34-032-01","dfd2a084-a9f2-4a9f-bd33-34b210d47d0e",NULL,"ElectricMotor1",NULL,"2MT-DE",NULL,"2-MT-Ax",NULL,"BandEnergyFromSpectrum","HF RMS Accel","g","AlarmTypeHigh","6.000","3.000","1.500",NULL,NULL,NULL,"2026-04-10 09:29:45","2026-04-10 09:29:45","0.005","Ok","2","J20260411070002B10E327","2026-04-11 07:15:47.921969+00","Calpan","Building 12","Level 3","Step 34","","","","","","","B10E327","DSM"," Motor DE"
"1fe299ef314e3c9d93127fb3b04b09ab","SOT & WWTP/Building 46/Level 1 south Ext",NULL,"2204673-20200","971c1886-fae1-4e46-bdc2-fedaf770dc42",NULL,"Pump1",NULL,"3PP-DE",NULL,"3-PP-RH",NULL,"BroadBand","Envelope Energy","g",NULL,NULL,NULL,NULL,NULL,NULL,NULL,"2026-04-10 08:11:00","2026-04-10 08:10:16","0.054","Unknown","1","J20260411070002B10E986","2026-04-11 07:16:18.775238+00","SOT & WWTP","Building 46","Level 1 south Ext","","","","","","","","B10E986","DSM"," Pump DE"
"1fe67e5656447cc9a5de0f4466ffcd5e","SOT & WWTP/Building 32/Ground Level",NULL,"4003245-01050","c6e1ea8c-b0aa-4ab3-b1ab-4a7c92913666",NULL,"ElectricMotor1",NULL,"2MT-DE",NULL,"2-MT-RV",NULL,"BroadBand","Envelope Energy","g",NULL,NULL,NULL,NULL,NULL,NULL,NULL,"2026-04-10 09:57:30","2026-04-10 09:56:05","0.233","Unknown","1","J20260411070002B10E44","2026-04-11 07:16:20.260687+00","SOT & WWTP","Building 32","Ground Level","","","","","","","","B10E44","DSM"," Motor DE"
"202c0527acbe24ed1327f5bda97ce54c","SOT & WWTP/Building 46/Level 1 south Ext",NULL,"2204674-85200","44b72af3-d034-498f-8d9f-e5fe074eebbd",NULL,"ElectricMotor1",NULL,"2MT-DE",NULL,"2-MT-RV",NULL,"Acceleration","OV Accel","g","AlarmTypeHigh","6.000","3.000","2.000",NULL,NULL,NULL,"2026-04-10 08:17:06","2026-04-10 08:16:03","0.183","Ok","2","J20260411070002B10E546","2026-04-11 07:15:28.820148+00","SOT & WWTP","Building 46","Level 1 south Ext","","","","","","","","B10E546","DSM"," Motor DE"
"203f2625fed564dbbc7aa7e02fd9bc8e","SOT & WWTP/Building 46/Level 1 South Int",NULL,"2204674-25200","8c097769-c06f-45ff-b124-b425f9a07faf",NULL,"LobulusCompressor1",NULL,"5LC-DE",NULL,"5-LC-RH",NULL,"BandEnergyFromSpectrum","MF RMS Accel","g","AlarmTypeHigh","2.000","1.000","0.500",NULL,NULL,NULL,"2026-04-10 08:05:54","2026-04-10 08:05:54","0.460","Ok","2","J20260411070002B10E556","2026-04-11 07:15:14.724536+00","SOT & WWTP","Building 46","Level 1 South Int","","","","","","","","B10E556","DSM",NULL
"20a5276ad36ba885faa5b08b0310d828","SOT & WWTP/Building 46/Level 1 South Int",NULL,"2204674-18200","ddec0803-5671-4d5f-bcd2-6ad1ec7ba006",NULL,"ElectricMotor1",NULL,"1MT-NDE",NULL,"1-MT-RH",NULL,"BandEnergyFromSpectrum","MF RMS Accel","g","AlarmTypeHigh","2.000","1.000","0.500",NULL,NULL,NULL,"2026-04-10 07:53:51","2026-04-10 07:53:51","0.835","PreAlarm","3","J20260411070002B10E552","2026-04-11 07:15:30.323513+00","SOT & WWTP","Building 46","Level 1 South Int","","","","","","","","B10E552","DSM"," Motor NDE"
"20cecd2d30ced59841ff9c281f3433b1","SOT & WWTP/Building 46/Level 1 South Int",NULL,"2204674-25200","8c097769-c06f-45ff-b124-b425f9a07faf",NULL,"LobulusCompressor1",NULL,"5LC-DE",NULL,"5-LC-RH",NULL,"BandEnergyFromSpectrum","HF RMS Accel","g","AlarmTypeHigh","6.000","3.000","1.500",NULL,NULL,NULL,"2026-04-10 08:05:54","2026-04-10 08:05:54","11.216","Danger","5","J20260411070002B10E556","2026-04-11 07:15:14.724536+00","SOT & WWTP","Building 46","Level 1 South Int","","","","","","","","B10E556","DSM",NULL
"2130cd9351db23eff9e0230775e54a0e","Calpan/Building 12/Level 3/Step 34",NULL,"100-12-34-177-01","4418a4f0-5185-4ca9-8a85-a8ed7d6d8870",NULL,"ElectricMotor1",NULL,"1MT-NDE",NULL,"1-MT-Ax",NULL,"BroadBand","Envelope Energy","g",NULL,NULL,NULL,NULL,NULL,NULL,NULL,"2026-04-10 09:27:57","2026-04-10 09:19:52","0.020","Unknown","1","J20260411070002B10E325","2026-04-11 07:15:44.90977+00","Calpan","Building 12","Level 3","Step 34","","","","","","","B10E325","DSM"," Motor NDE"
"216b809c88c90b3370964a280e4e1ad9","SOT & WWTP/Building 46/Level 1 south Ext",NULL,"2204674-85200","44b72af3-d034-498f-8d9f-e5fe074eebbd",NULL,"Pump1",NULL,"3PP-DE",NULL,"3-PP-Ax",NULL,"BandEnergyFromSpectrum","MF Velocity (~3-8X)","mm/s","AlarmTypeHigh","5.000","3.000","1.000",NULL,NULL,NULL,"2026-04-10 08:17:06","2026-04-10 08:17:06","0.168","Ok","2","J20260411070002B10E546","2026-04-11 07:15:28.820148+00","SOT & WWTP","Building 46","Level 1 south Ext","","","","","","","","B10E546","DSM"," Pump DE"
"2188cb8d4362d23521615ae29532db77","SOT & WWTP/Building 46/Level 1 South Int",NULL,"2204674-18700","d02dc63f-663b-465c-8e99-133e530a34f3",NULL,"Pump1",NULL,"3PP-DE",NULL,"3-PP-Ax",NULL,"BandEnergyFromSpectrum","MF RMS Accel","g","AlarmTypeHigh","2.000","1.000","0.500",NULL,NULL,NULL,"2026-04-10 07:49:54","2026-04-10 07:49:54","0.124","Ok","2","J20260411070002B10E553","2026-04-11 07:15:31.376368+00","SOT & WWTP","Building 46","Level 1 South Int","","","","","","","","B10E553","DSM"," Pump DE"
"21916b0e8db31a872198d396daaa2e09","Calpan/Building 12/Level 3/Step 34",NULL,"100-12-34-052-01","4e95bfc9-5c27-4ef2-8f21-e1680ea3525a",NULL,"ElectricMotor1",NULL,"2MT-DE",NULL,"2-MT-RH",NULL,"BroadBand","Envelope Energy","g",NULL,NULL,NULL,NULL,NULL,NULL,NULL,"2026-04-10 09:35:03","2026-04-10 09:32:47","0.012","Unknown","1","J20260411070002B10E329","2026-04-11 07:16:20.032019+00","Calpan","Building 12","Level 3","Step 34","","","","","","","B10E329","DSM"," Motor DE"
"21b9b314d06b3f8ca26037a9e0159fbb","SOT & WWTP/Building 46/Level 1 south Ext",NULL,"2204674-85200","44b72af3-d034-498f-8d9f-e5fe074eebbd",NULL,"ElectricMotor1",NULL,"2MT-DE",NULL,"2-MT-RV",NULL,"BandEnergyFromSpectrum","MF RMS Accel","g","AlarmTypeHigh","2.000","1.000","0.500",NULL,NULL,NULL,"2026-04-10 08:17:06","2026-04-10 08:17:06","0.072","Ok","2","J20260411070002B10E546","2026-04-11 07:15:28.820148+00","SOT & WWTP","Building 46","Level 1 south Ext","","","","","","","","B10E546","DSM"," Motor DE"
"21ba7a559bfd1f73cfddfa41522314a7","Calpan/Building 12/Level 3/Step 34",NULL,"100-12-34-452-01","95d59ee7-03e4-4a9e-b4c3-1eb0f2b52d18",NULL,"Pump1",NULL,"4PP-NDE",NULL,"4-PP-Ax",NULL,"BroadBand","Envelope Energy","g",NULL,NULL,NULL,NULL,NULL,NULL,NULL,"2026-04-10 08:47:51","2026-04-10 08:47:38","0.003","Unknown","1","J20260411070002B10E313","2026-04-11 07:15:22.026089+00","Calpan","Building 12","Level 3","Step 34","","","","","","","B10E313","DSM"," Pump NDE"
"21fa021e415a248e52e08cc503d52d14","SOT & WWTP/Building 46/Level 1 South Int",NULL,"2204674-25200","8c097769-c06f-45ff-b124-b425f9a07faf",NULL,"ElectricMotor1",NULL,"1MT-NDE",NULL,"1-MT-Ax",NULL,"Acceleration","OV Accel","g","AlarmTypeHigh","6.000","3.000","2.000",NULL,NULL,NULL,"2026-04-10 08:05:54","2026-04-10 08:03:19","0.181","Ok","2","J20260411070002B10E556","2026-04-11 07:15:14.724536+00","SOT & WWTP","Building 46","Level 1 South Int","","","","","","","","B10E556","DSM"," Motor NDE"
"21fd2bdc6120a3270cad320ebcf0b38d","Calpan/Building 12/Level 3/Step 34",NULL,"100-12-34-510-21","61567fca-5d02-4da4-933d-d5959c33b06d",NULL,"ElectricMotor1",NULL,"1MT-NDE",NULL,"1-MT-RT",NULL,"PeakValueFromSpectrum","1X Vel","mm/s","AlarmTypeHigh","6.400","4.000","2.000",NULL,NULL,NULL,"2026-04-10 08:42:19","2026-04-10 08:42:19","3.102","PreAlarm","3","J20260411070002B10E303","2026-04-11 07:16:14.211894+00","Calpan","Building 12","Level 3","Step 34","","","","","","","B10E303","DSM",NULL
"2226263784dd16636e983838333091af","SOT & WWTP/Building 46/Level 1 South Int",NULL,"2204674-25200","8c097769-c06f-45ff-b124-b425f9a07faf",NULL,"LobulusCompressor1",NULL,"5LC-DE",NULL,"5-LC-Ax",NULL,"Acceleration","OV Accel","g","AlarmTypeHigh","6.000","3.000","2.000",NULL,NULL,NULL,"2026-04-10 08:05:54","2026-04-10 08:05:25","0.374","Ok","2","J20260411070002B10E556","2026-04-11 07:15:14.724536+00","SOT & WWTP","Building 46","Level 1 South Int","","","","","","","","B10E556","DSM",NULL
"2268b526196d9fcfcc7195e242f4af75","SOT & WWTP/Building 46/Level 1 south Ext",NULL,"2204674-84200","9cd3dcc6-d8f4-42a8-bfd4-4957a1c3d83b",NULL,"ElectricMotor1",NULL,"1MT-NDE",NULL,"1-MT-RH",NULL,"BroadBand","Envelope Energy","g",NULL,NULL,NULL,NULL,NULL,NULL,NULL,"2026-04-10 08:14:32","2026-04-10 08:12:50","0.191","Unknown","1","J20260411070002B10E544","2026-04-11 07:15:22.151709+00","SOT & WWTP","Building 46","Level 1 south Ext","","","","","","","","B10E544","DSM"," Motor NDE"
"22cc9c8ddeeb0825971bd99459b4677f","SOT & WWTP/Building 46/Level 1 south Ext",NULL,"2204673-65200","8f669413-f706-47d4-92c1-000af5b89657",NULL,"ElectricMotor1",NULL,"1MT-NDE",NULL,"1-MT-RV",NULL,"BandEnergyFromSpectrum","LF RMS Accel","g","AlarmTypeHigh","0.800","0.400","0.200",NULL,NULL,NULL,"2026-04-10 07:45:56","2026-04-10 07:45:56","0.048","Ok","2","J20260411070002B10E960","2026-04-11 07:15:31.403974+00","SOT & WWTP","Building 46","Level 1 south Ext","","","","","","","","B10E960","DSM"," Motor NDE"
"23b6a8520da4966775479b976a078b73","Calpan/Building 12/Level 3/Step 34",NULL,"100-12-34-177-01","4418a4f0-5185-4ca9-8a85-a8ed7d6d8870",NULL,"Shaft1",NULL,"8SH-NDE",NULL,"8-SH-RH",NULL,"Acceleration","OV Accel","g","AlarmTypeHigh","6.000","3.000","2.000",NULL,NULL,NULL,"2026-04-10 09:27:57","2026-04-10 09:27:39","0.530","Ok","2","J20260411070002B10E325","2026-04-11 07:15:44.90977+00","Calpan","Building 12","Level 3","Step 34","","","","","","","B10E325","DSM"," Shaft NDE"
"23d9d9c079a275d01cfb33ce96843cbc","SOT & WWTP/Building 46/Level 1 south Ext",NULL,"2204674-82200","03730490-e586-4775-9f7d-24435dd06cae",NULL,"ElectricMotor1",NULL,"1MT-NDE",NULL,"1-MT-RV",NULL,"VibrationVelocity","OV Vel","mm/s","AlarmTypeHigh","7.100","4.500","2.300",NULL,NULL,NULL,"2026-04-10 08:36:06","2026-04-10 08:34:37","1.088","Ok","2","J20260411070002B10E542","2026-04-11 07:15:17.341809+00","SOT & WWTP","Building 46","Level 1 south Ext","","","","","","","","B10E542","DSM"," Motor NDE"
"23f69aa28c490b6b482de3551cf67cbd","SOT & WWTP/Building 32/Ground Level",NULL,"4003245-01050","c6e1ea8c-b0aa-4ab3-b1ab-4a7c92913666",NULL,"ElectricMotor1",NULL,"1MT-NDE",NULL,"1-MT-RV",NULL,"VibrationVelocity","OV Vel","mm/s","AlarmTypeHigh","7.100","4.500","2.300",NULL,NULL,NULL,"2026-04-10 09:57:30","2026-04-10 09:55:33","1.898","Ok","2","J20260411070002B10E44","2026-04-11 07:16:20.260687+00","SOT & WWTP","Building 32","Ground Level","","","","","","","","B10E44","DSM"," Motor NDE"
"2443e73d5359f656ceb24d697e069622","Calpan/Building 12/Level 3/Step 34",NULL,"100-12-34-177-01","4418a4f0-5185-4ca9-8a85-a8ed7d6d8870",NULL,"Shaft1",NULL,"8SH-NDE",NULL,"8-SH-RV",NULL,"BandEnergyFromSpectrum","MF RMS Accel","g","AlarmTypeHigh","2.000","1.000","0.500",NULL,NULL,NULL,"2026-04-10 09:27:57","2026-04-10 09:27:57","0.032","Ok","2","J20260411070002B10E325","2026-04-11 07:15:44.90977+00","Calpan","Building 12","Level 3","Step 34","","","","","","","B10E325","DSM"," Shaft NDE"
"244cbe0de367568ae27d0e3ddc8c054a","Calpan/Building 12/Level 3/Step 34",NULL,"100-12-34-772-01","6b5b6534-5ed7-4bf6-959a-47e0f9d1edb4",NULL,"ElectricMotor1",NULL,"2MT-DE",NULL,"2-MT-RV",NULL,"Acceleration","OV Accel","g","AlarmTypeHigh","6.000","3.000","2.000",NULL,NULL,NULL,"2026-04-10 09:25:26","2026-04-10 09:23:33","0.083","Ok","2","J20260411070002B10E326","2026-04-11 07:15:18.100414+00","Calpan","Building 12","Level 3","Step 34","","","","","","","B10E326","DSM"," Motor DE"
"2452f97a58444e44a19bf8d139509f8e","Calpan/Building 12/Level 3/Step 34",NULL,"100-12-34-452-01","95d59ee7-03e4-4a9e-b4c3-1eb0f2b52d18",NULL,"Pump1",NULL,"3PP-DE",NULL,"3-PP-RV",NULL,"BroadBand","Envelope Energy","g",NULL,NULL,NULL,NULL,NULL,NULL,NULL,"2026-04-10 08:47:51","2026-04-10 08:47:11","0.011","Unknown","1","J20260411070002B10E313","2026-04-11 07:15:22.026089+00","Calpan","Building 12","Level 3","Step 34","","","","","","","B10E313","DSM"," Pump DE"
"24855aa3032d1a52ab770572c53f51f2","SOT & WWTP/Building 28/Ground Level",NULL,"4002861-50500","4322796b-6387-4da8-b21c-a60391237dcb",NULL,"Pump1",NULL,"3PP-DE",NULL,"3-PP-RH",NULL,"BandEnergyFromSpectrum","LF RMS Accel","g","AlarmTypeHigh","0.800","0.400","0.200",NULL,NULL,NULL,"2026-04-10 09:45:06","2026-04-10 09:45:06","0.064","Ok","2","J20260411070002B10E34","2026-04-11 07:15:46.515864+00","SOT & WWTP","Building 28","Ground Level","","","","","","","","B10E34","DSM"," Pump DE"
"24eaefea1622eb764dffe0f1d10da287","SOT & WWTP/Building 46/Level 1 South Int",NULL,"2204674-25200","8c097769-c06f-45ff-b124-b425f9a07faf",NULL,"ElectricMotor1",NULL,"1MT-NDE",NULL,"1-MT-Ax",NULL,"Acceleration","Pk-Pk Accel","g","AlarmTypeHigh","9.000","6.000","3.000",NULL,NULL,NULL,"2026-04-10 08:05:54","2026-04-10 08:03:21","1.085","Ok","2","J20260411070002B10E556","2026-04-11 07:15:14.724536+00","SOT & WWTP","Building 46","Level 1 South Int","","","","","","","","B10E556","DSM"," Motor NDE"
"24f951bacc7b329cf7a23f1942df7d96","Calpan/Building 12/Level 3/Step 34",NULL,"100-12-34-510-21","61567fca-5d02-4da4-933d-d5959c33b06d",NULL,"ElectricMotor1",NULL,"2MT-DE",NULL,"2-MT-R=",NULL,"Acceleration","OV Accel","g","AlarmTypeHigh","6.000","3.000","2.000",NULL,NULL,NULL,"2026-04-10 08:42:19","2026-04-10 08:41:49","0.499","Ok","2","J20260411070002B10E303","2026-04-11 07:16:14.211894+00","Calpan","Building 12","Level 3","Step 34","","","","","","","B10E303","DSM",NULL
"250a5b3956c30d3f3b1e214655f714e6","Calpan/Building 12/Level 3/Step 34",NULL,"100-12-34-157-01","5d071c42-70ae-41ae-ab75-66543fc85f14",NULL,"ElectricMotor1",NULL,"2MT-DE",NULL,"2-MT-Ax",NULL,"VibrationVelocity","OV Vel","mm/s","AlarmTypeHigh","7.100","4.500","2.300",NULL,NULL,NULL,"2026-04-10 09:02:29","2026-04-10 09:01:54","5.158","Alarm","4","J20260411070002B10E319","2026-04-11 07:15:15.91658+00","Calpan","Building 12","Level 3","Step 34","","","","","","","B10E319","DSM"," Motor DE"
"2556374c030b43ef9ee39364ef88e15b","SOT & WWTP/Building 46/Level 1 South Int",NULL,"2204674-18700","d02dc63f-663b-465c-8e99-133e530a34f3",NULL,"ElectricMotor1",NULL,"2MT-DE",NULL,"2-MT-RH",NULL,"BroadBand","Envelope Energy","g",NULL,NULL,NULL,NULL,NULL,NULL,NULL,"2026-04-10 07:49:54","2026-04-10 07:48:48","0.072","Unknown","1","J20260411070002B10E553","2026-04-11 07:15:31.376368+00","SOT & WWTP","Building 46","Level 1 South Int","","","","","","","","B10E553","DSM"," Motor DE"
"25b0ea95837aa0719e386a806e25f93d","Calpan/Building 12/Level 3/Step 34",NULL,"100-12-34-052-01","4e95bfc9-5c27-4ef2-8f21-e1680ea3525a",NULL,"Pump1",NULL,"3PP-DE",NULL,"3-PP-RV",NULL,"BroadBand","Envelope Energy","g",NULL,NULL,NULL,NULL,NULL,NULL,NULL,"2026-04-10 09:35:03","2026-04-10 09:33:19","0.002","Unknown","1","J20260411070002B10E329","2026-04-11 07:16:20.032019+00","Calpan","Building 12","Level 3","Step 34","","","","","","","B10E329","DSM"," Pump DE"
"25b4524e9392d96aa73ca4a69031c1de","Calpan/Building 12/Level 3/Step 34",NULL,"100-12-34-137-01","6b60b0aa-ef09-4630-b0c3-9a82f9488b6f",NULL,"ElectricMotor1",NULL,"1MT-NDE",NULL,"1-MT-RV",NULL,"Acceleration","Pk-Pk Accel","g","AlarmTypeHigh","9.000","6.000","3.000",NULL,NULL,NULL,"2026-04-10 09:16:58","2026-04-10 09:13:23","1.147","Ok","2","J20260411070002B10E322","2026-04-11 07:16:18.069423+00","Calpan","Building 12","Level 3","Step 34","","","","","","","B10E322","DSM"," Motor NDE"
"25c1a53dcd9228cb9e76c2edbd7775e8","Calpan/Building 12/Level 3/Step 34",NULL,"100-12-34-599-01","ed08d57e-d030-4584-ba5c-b8e95227ae28",NULL,"ElectricMotor1",NULL,"2MT-DE",NULL,"2-MT-RV",NULL,"VibrationVelocity","OV Vel","mm/s","AlarmTypeHigh","7.100","4.500","2.300",NULL,NULL,NULL,"2026-04-10 08:44:35","2026-04-10 08:44:26","0.495","Ok","2","J20260411070002B10E305","2026-04-11 07:15:28.836543+00","Calpan","Building 12","Level 3","Step 34","","","","","","","B10E305","DSM"," Motor DE"
"25cb55ca102d917ea82d7a539a0629f7","Calpan/Building 12/Level 3/Step 34",NULL,"100-12-34-510-11","551c74fc-55de-40ed-aafc-1e0e6781fdfd",NULL,"ElectricMotor1",NULL,"2MT-DE",NULL,"2-MT-Ax",NULL,"Acceleration","Pk-Pk Accel","g","AlarmTypeHigh","9.000","6.000","3.000",NULL,NULL,NULL,"2026-04-10 08:39:42","2026-04-10 08:36:56","1.387","Ok","2","J20260411070002B10E302","2026-04-11 07:15:16.45472+00","Calpan","Building 12","Level 3","Step 34","","","","","","","B10E302","DSM"," Motor DE"
"261d2480481a421aa65a55126f120fad","Calpan/Building 12/Level 3/Step 34",NULL,"100-12-34-772-01","6b5b6534-5ed7-4bf6-959a-47e0f9d1edb4",NULL,"Pump1",NULL,"4PP-NDE",NULL,"4-PP-RV",NULL,"Acceleration","OV Accel","g","AlarmTypeHigh","6.000","3.000","2.000",NULL,NULL,NULL,"2026-04-10 09:25:26","2026-04-10 09:24:27","0.074","Ok","2","J20260411070002B10E326","2026-04-11 07:15:18.100414+00","Calpan","Building 12","Level 3","Step 34","","","","","","","B10E326","DSM"," Pump NDE"
"262a56f0739235b0fb78df218552c529","Calpan/Building 12/Level 3/Step 34",NULL,"100-12-34-182-01","cb82f5f4-a90f-417b-9120-982c9cc359e8",NULL,"ElectricMotor1",NULL,"2MT-DE",NULL,"2-MT-Ax",NULL,"Acceleration","OV Accel","g","AlarmTypeHigh","6.000","3.000","2.000",NULL,NULL,NULL,"2026-04-10 08:58:11","2026-04-10 08:49:05","0.169","Ok","2","J20260411070002B10E775","2026-04-11 07:15:47.606089+00","Calpan","Building 12","Level 3","Step 34","","","","","","","B10E775","DSM"," Motor DE"
"262cc031cada0e9a7b2dc3a9030a27e8","SOT & WWTP/Building 46/Level 1 south Ext",NULL,"2204673-20200","971c1886-fae1-4e46-bdc2-fedaf770dc42",NULL,"ElectricMotor1",NULL,"1MT-NDE",NULL,"1-MT-RH",NULL,"BroadBand","Envelope Energy","g",NULL,NULL,NULL,NULL,NULL,NULL,NULL,"2026-04-10 08:11:00","2026-04-10 08:09:11","0.014","Unknown","1","J20260411070002B10E986","2026-04-11 07:16:18.775238+00","SOT & WWTP","Building 46","Level 1 south Ext","","","","","","","","B10E986","DSM"," Motor NDE"
"265efa16b454912d0821abc487661ae0","SOT & WWTP/Building 32/Ground Level",NULL,"4003245-01070","f0256864-92af-49d6-b5bb-fa91f04642f9",NULL,"ElectricMotor1",NULL,"1MT-NDE",NULL,"1-MT-RH",NULL,"Acceleration","Pk-Pk Accel","g","AlarmTypeHigh","9.000","6.000","3.000",NULL,NULL,NULL,"2026-04-10 09:52:07","2026-04-10 09:50:31","5.250","PreAlarm","3","J20260411070002B10E46","2026-04-11 07:15:22.091584+00","SOT & WWTP","Building 32","Ground Level","","","","","","","","B10E46","DSM"," Motor NDE"
"2687d4e50d2a842474af5744291c3736","Calpan/Building 12/Level 2/Step 34",NULL,"100-12-34-442-01","10694b53-68ec-4cc5-ba70-011ea9cfc8cb",NULL,"Pump1",NULL,"3PP-DE",NULL,"3-PP-RV",NULL,"VibrationVelocity","OV Vel","mm/s","AlarmTypeHigh","7.100","4.500","2.300",NULL,NULL,NULL,"2026-04-10 07:04:28","2026-04-10 07:03:08","3.660","PreAlarm","3","J20260411070002B10E108","2026-04-11 07:15:30.283493+00","Calpan","Building 12","Level 2","Step 34","","","","","","","B10E108","DSM"," Pump DE"
"269ae77999751f76ec548f481fecad61","SOT & WWTP/Building 32/Ground Level",NULL,"4003245-01050","c6e1ea8c-b0aa-4ab3-b1ab-4a7c92913666",NULL,"ElectricMotor1",NULL,"2MT-DE",NULL,"2-MT-RH",NULL,"Acceleration","OV Accel","g","AlarmTypeHigh","6.000","3.000","2.000",NULL,NULL,NULL,"2026-04-10 09:57:30","2026-04-10 09:56:11","1.711","Ok","2","J20260411070002B10E44","2026-04-11 07:16:20.260687+00","SOT & WWTP","Building 32","Ground Level","","","","","","","","B10E44","DSM"," Motor DE"
"26e1cee3116a54da4f2c9e6915b9dfde","SOT & WWTP/Building 32/Ground Level",NULL,"4003245-01050","c6e1ea8c-b0aa-4ab3-b1ab-4a7c92913666",NULL,"Pump1",NULL,"3PP-DE",NULL,"3-PP-RH",NULL,"BandEnergyFromSpectrum","MF Velocity (~3-8X)","mm/s","AlarmTypeHigh","5.000","3.000","1.000",NULL,NULL,NULL,"2026-04-10 09:57:30","2026-04-10 09:57:30","7.908","Danger","5","J20260411070002B10E44","2026-04-11 07:16:20.260687+00","SOT & WWTP","Building 32","Ground Level","","","","","","","","B10E44","DSM"," Pump DE"
"26fabf59f38a95d9fdacccef76bd2078","SOT & WWTP/Building 32/Ground Level",NULL,"4003245-01030","43aad99e-1dbc-4d74-b061-e10b847dea3e",NULL,"Pump1",NULL,"3PP-DE",NULL,"3-PP-RH",NULL,"BroadBand","Envelope Energy","g",NULL,NULL,NULL,NULL,NULL,NULL,NULL,"2026-04-10 09:59:58","2026-04-10 09:59:13","0.330","Unknown","1","J20260411070002B10E42","2026-04-11 07:15:44.831133+00","SOT & WWTP","Building 32","Ground Level","","","","","","","","B10E42","DSM"," Pump DE"
"2709f85c54c26e5c40bc2fc436a716a4","Calpan/Building 12/Level 2/Step 34",NULL,"100-12-34-442-01","10694b53-68ec-4cc5-ba70-011ea9cfc8cb",NULL,"Pump1",NULL,"3PP-DE",NULL,"3-PP-Ax",NULL,"BandEnergyFromSpectrum","MF Velocity (~3-8X)","mm/s","AlarmTypeHigh","5.000","3.000","1.000",NULL,NULL,NULL,"2026-04-10 07:04:28","2026-04-10 07:04:28","0.395","Ok","2","J20260411070002B10E108","2026-04-11 07:15:30.283493+00","Calpan","Building 12","Level 2","Step 34","","","","","","","B10E108","DSM"," Pump DE"
"276722425d00d6fdfb6eac9914a40a64","Calpan/Building 12/Level 3/Step 34",NULL,"100-12-34-137-01","6b60b0aa-ef09-4630-b0c3-9a82f9488b6f",NULL,"Shaft1",NULL,"8SH-NDE",NULL,"8-SH-Ax",NULL,"BandEnergyFromSpectrum","MF RMS Accel","g","AlarmTypeHigh","2.000","1.000","0.500",NULL,NULL,NULL,"2026-04-10 09:16:58","2026-04-10 09:16:58","0.018","Ok","2","J20260411070002B10E322","2026-04-11 07:16:18.069423+00","Calpan","Building 12","Level 3","Step 34","","","","","","","B10E322","DSM"," Shaft NDE"
"277cc7742fdb609d3776787e41e29b10","Calpan/Building 12/Level 3/Step 34",NULL,"100-12-34-137-01","6b60b0aa-ef09-4630-b0c3-9a82f9488b6f",NULL,"ElectricMotor1",NULL,"2MT-DE",NULL,"2-MT-RH",NULL,"BandEnergyFromSpectrum","LF RMS Accel","g","AlarmTypeHigh","0.800","0.400","0.200",NULL,NULL,NULL,"2026-04-10 09:16:58","2026-04-10 09:16:58","0.008","Ok","2","J20260411070002B10E322","2026-04-11 07:16:18.069423+00","Calpan","Building 12","Level 3","Step 34","","","","","","","B10E322","DSM"," Motor DE"
"2788f4f3d90feb7dce57a85c93d4e848","SOT & WWTP/Building 32/Ground Level",NULL,"4003245-01050","c6e1ea8c-b0aa-4ab3-b1ab-4a7c92913666",NULL,"Pump1",NULL,"4PP-NDE",NULL,"4-PP-Ax",NULL,"BandEnergyFromSpectrum","MF Velocity (~3-8X)","mm/s","AlarmTypeHigh","5.000","3.000","1.000",NULL,NULL,NULL,"2026-04-10 09:57:30","2026-04-10 09:57:30","1.461","PreAlarm","3","J20260411070002B10E44","2026-04-11 07:16:20.260687+00","SOT & WWTP","Building 32","Ground Level","","","","","","","","B10E44","DSM"," Pump NDE"
"27abea986dd4ca20737cb8d3bf76e1e3","Calpan/Building 12/Level 3/Step 34",NULL,"100-12-34-052-01","4e95bfc9-5c27-4ef2-8f21-e1680ea3525a",NULL,"ElectricMotor1",NULL,"1MT-NDE",NULL,"1-MT-RV",NULL,"BandEnergyFromSpectrum","HF RMS Accel","g","AlarmTypeHigh","6.000","3.000","1.500",NULL,NULL,NULL,"2026-04-10 09:35:03","2026-04-10 09:35:03","0.012","Ok","2","J20260411070002B10E329","2026-04-11 07:16:20.032019+00","Calpan","Building 12","Level 3","Step 34","","","","","","","B10E329","DSM"," Motor NDE"
"27c6bba7bc588f913aac76ca01a39077","Calpan/Building 12/Level 3/Step 34",NULL,"100-12-34-122-01","2f0c1896-955a-4c2b-b25f-c632bd837c5d",NULL,"Pump1",NULL,"3PP-DE",NULL,"3-PP-RV",NULL,"Acceleration","Pk-Pk Accel","g","AlarmTypeHigh","9.000","6.000","3.000",NULL,NULL,NULL,"2026-04-10 09:11:47","2026-04-10 09:11:17","6.704","Alarm","4","J20260411070002B10E320","2026-04-11 07:15:20.786773+00","Calpan","Building 12","Level 3","Step 34","","","","","","","B10E320","DSM"," Pump DE"
"27ec40a3974a1daa70389508cddfac2d","SOT & WWTP/Building 32/Ground Level",NULL,"4003245-01030","43aad99e-1dbc-4d74-b061-e10b847dea3e",NULL,"Pump1",NULL,"3PP-DE",NULL,"3-PP-RH",NULL,"BandEnergyFromSpectrum","HF RMS Accel","g","AlarmTypeHigh","6.000","3.000","1.500",NULL,NULL,NULL,"2026-04-10 09:59:58","2026-04-10 09:59:58","0.614","Ok","2","J20260411070002B10E42","2026-04-11 07:15:44.831133+00","SOT & WWTP","Building 32","Ground Level","","","","","","","","B10E42","DSM"," Pump DE"
"27f3fc009dbf6060591dde6dbee14d66","Calpan/Building 12/Level 3/Step 34",NULL,"100-12-34-182-01","cb82f5f4-a90f-417b-9120-982c9cc359e8",NULL,"Pump1",NULL,"4PP-NDE",NULL,"4-PP-RV",NULL,"BandEnergyFromSpectrum","HF RMS Accel","g","AlarmTypeHigh","6.000","3.000","1.500",NULL,NULL,NULL,"2026-04-10 08:58:11","2026-04-10 08:58:11","0.555","Ok","2","J20260411070002B10E775","2026-04-11 07:15:47.606089+00","Calpan","Building 12","Level 3","Step 34","","","","","","","B10E775","DSM"," Pump NDE"
"27f55f4a44392ce8aae674cb7dd60a58","SOT & WWTP/Building 46/Level 1 south Ext",NULL,"2204674-84200","9cd3dcc6-d8f4-42a8-bfd4-4957a1c3d83b",NULL,"Pump1",NULL,"3PP-DE",NULL,"3-PP-Ax",NULL,"BandEnergyFromSpectrum","LF RMS Accel","g","AlarmTypeHigh","0.800","0.400","0.200",NULL,NULL,NULL,"2026-04-10 08:14:32","2026-04-10 08:14:32","0.055","Ok","2","J20260411070002B10E544","2026-04-11 07:15:22.151709+00","SOT & WWTP","Building 46","Level 1 south Ext","","","","","","","","B10E544","DSM"," Pump DE"
"28f5ca4b5692a5e021a84af90b8bd7e9","Calpan/Building 12/Level 3/Step 34",NULL,"100-12-34-042-01","baa957f8-47b1-4422-b93b-9c0e9c3cf8a3",NULL,"Pump1",NULL,"3PP-DE",NULL,"3-PP-RV",NULL,"BandEnergyFromSpectrum","HF RMS Accel","g","AlarmTypeHigh","6.000","3.000","1.500",NULL,NULL,NULL,"2026-04-10 09:31:52","2026-04-10 09:31:52","0.005","Ok","2","J20260411070002B10E328","2026-04-11 07:15:17.347474+00","Calpan","Building 12","Level 3","Step 34","","","","","","","B10E328","DSM"," Pump DE"
"2947bf2e068adcb31d9d0e5b8fa35a5f","SOT & WWTP/Building 46/Level 1 South Int",NULL,"2204674-12700","5a52a7bb-3ac4-4087-b2ae-b50b8ac5d619",NULL,"ElectricMotor1",NULL,"1MT-NDE",NULL,"1-MT-Ax",NULL,"Acceleration","Pk-Pk Accel","g","AlarmTypeHigh","9.000","6.000","3.000",NULL,NULL,NULL,"2026-04-10 07:56:59","2026-04-10 07:55:28","1.224","Ok","2","J20260411070002B10E551","2026-04-11 07:16:18.755097+00","SOT & WWTP","Building 46","Level 1 South Int","","","","","","","","B10E551","DSM"," Motor NDE"
"295550bd37bd43d4c8945e6fc61d78f9","SOT & WWTP/Building 32/Ground Level",NULL,"4003245-01070","f0256864-92af-49d6-b5bb-fa91f04642f9",NULL,"ElectricMotor1",NULL,"1MT-NDE",NULL,"1-MT-RV",NULL,"BandEnergyFromSpectrum","MF RMS Accel","g","AlarmTypeHigh","2.000","1.000","0.500",NULL,NULL,NULL,"2026-04-10 09:52:07","2026-04-10 09:52:07","0.226","Ok","2","J20260411070002B10E46","2026-04-11 07:15:22.091584+00","SOT & WWTP","Building 32","Ground Level","","","","","","","","B10E46","DSM"," Motor NDE"
"2a03ad53a5d2f537e33e823475729e8c","SOT & WWTP/Building 46/Level 1 south Ext",NULL,"2204674-80200","4a5f1f07-5d69-47ff-ad0c-51f038ca26f5",NULL,"ElectricMotor1",NULL,"2MT-DE",NULL,"2-MT-RV",NULL,"Acceleration","OV Accel","g","AlarmTypeHigh","6.000","3.000","2.000",NULL,NULL,NULL,"2026-04-10 08:33:22","2026-04-10 08:32:20","0.300","Ok","2","J20260411070002B10E540","2026-04-11 07:15:30.329764+00","SOT & WWTP","Building 46","Level 1 south Ext","","","","","","","","B10E540","DSM"," Motor DE"
"2a165463a36ccc5822eeda0db58043f7","Calpan/Building 12/Level 3/Step 34",NULL,"100-12-34-157-01","5d071c42-70ae-41ae-ab75-66543fc85f14",NULL,"Pump1",NULL,"4PP-NDE",NULL,"4-PP-Ax",NULL,"Acceleration","Pk-Pk Accel","g","AlarmTypeHigh","9.000","6.000","3.000",NULL,NULL,NULL,"2026-04-10 09:02:29","2026-04-10 09:01:01","0.954","Ok","2","J20260411070002B10E319","2026-04-11 07:15:15.91658+00","Calpan","Building 12","Level 3","Step 34","","","","","","","B10E319","DSM"," Pump NDE"
"2a1907e255184586f8608b9f143557c5","Calpan/Building 12/Level 3/Step 34",NULL,"100-12-34-177-01","4418a4f0-5185-4ca9-8a85-a8ed7d6d8870",NULL,"ElectricMotor1",NULL,"2MT-DE",NULL,"2-MT-RV",NULL,"BandEnergyFromSpectrum","HF RMS Accel","g","AlarmTypeHigh","6.000","3.000","1.500",NULL,NULL,NULL,"2026-04-10 09:27:57","2026-04-10 09:27:57","0.100","Ok","2","J20260411070002B10E325","2026-04-11 07:15:44.90977+00","Calpan","Building 12","Level 3","Step 34","","","","","","","B10E325","DSM"," Motor DE"
"2a6fac29920a5746085ec03bde871904","SOT & WWTP/Building 46/Level 1 south Ext",NULL,"2204673-65200","8f669413-f706-47d4-92c1-000af5b89657",NULL,"Pump1",NULL,"4PP-NDE",NULL,"4-PP-RH",NULL,"BandEnergyFromSpectrum","HF RMS Accel","g","AlarmTypeHigh","6.000","3.000","1.500",NULL,NULL,NULL,"2026-04-10 07:45:56","2026-04-10 07:45:56","0.200","Ok","2","J20260411070002B10E960","2026-04-11 07:15:31.403974+00","SOT & WWTP","Building 46","Level 1 south Ext","","","","","","","","B10E960","DSM"," Pump NDE"
"2af14835a297068b38c7bd016f975480","Calpan/Building 12/Level 3/Step 34",NULL,"100-12-34-177-01","4418a4f0-5185-4ca9-8a85-a8ed7d6d8870",NULL,"GearBox1",NULL,"4GB-InNDE",NULL,"4-GB-RV",NULL,"VibrationVelocity","OV Vel","mm/s","AlarmTypeHigh","7.100","4.500","2.300",NULL,NULL,NULL,"2026-04-10 09:27:57","2026-04-10 09:21:01","1.018","Ok","2","J20260411070002B10E325","2026-04-11 07:15:44.90977+00","Calpan","Building 12","Level 3","Step 34","","","","","","","B10E325","DSM"," Gearbox InNDE"
"2b509ca693116387ec882b51aad7f13b","Calpan/Building 12/Level 3/Step 34",NULL,"100-12-34-182-01","cb82f5f4-a90f-417b-9120-982c9cc359e8",NULL,"ElectricMotor1",NULL,"1MT-NDE",NULL,"1-MT-RV",NULL,"BandEnergyFromSpectrum","HF RMS Accel","g","AlarmTypeHigh","6.000","3.000","1.500",NULL,NULL,NULL,"2026-04-10 08:58:11","2026-04-10 08:58:11","0.013","Ok","2","J20260411070002B10E775","2026-04-11 07:15:47.606089+00","Calpan","Building 12","Level 3","Step 34","","","","","","","B10E775","DSM"," Motor NDE"
"2b69e2e064cf414dfa7c2d30ac73ea1e","Calpan/Building 12/Level 3/Step 34",NULL,"100-12-34-042-01","baa957f8-47b1-4422-b93b-9c0e9c3cf8a3",NULL,"Pump1",NULL,"4PP-NDE",NULL,"4-PP-RV",NULL,"BandEnergyFromSpectrum","HF RMS Accel","g","AlarmTypeHigh","6.000","3.000","1.500",NULL,NULL,NULL,"2026-04-10 09:31:52","2026-04-10 09:31:52","0.009","Ok","2","J20260411070002B10E328","2026-04-11 07:15:17.347474+00","Calpan","Building 12","Level 3","Step 34","","","","","","","B10E328","DSM"," Pump NDE"
"2b973d743c182734a50944757e95f98c","Calpan/Building 12/Level 3/Step 34",NULL,"100-12-34-162-01","1d898064-4876-4e5b-885f-a3ac174fa02b",NULL,"Pump1",NULL,"3PP-DE",NULL,"3-PP-RV",NULL,"Acceleration","Pk-Pk Accel","g","AlarmTypeHigh","9.000","6.000","3.000",NULL,NULL,NULL,"2026-04-10 09:18:57","2026-04-10 09:18:51","2.319","Ok","2","J20260411070002B10E324","2026-04-11 07:15:20.786083+00","Calpan","Building 12","Level 3","Step 34","","","","","","","B10E324","DSM"," Pump DE"
"2bc7d3d4218f5889055043e4109d5a4e","Calpan/Building 12/Level 3/Step 34",NULL,"100-12-34-177-01","4418a4f0-5185-4ca9-8a85-a8ed7d6d8870",NULL,"GearBox1",NULL,"3GB-InDE",NULL,"3-GB-RH",NULL,"Acceleration","Pk-Pk Accel","g","AlarmTypeHigh","9.000","6.000","3.000",NULL,NULL,NULL,"2026-04-10 09:27:57","2026-04-10 09:20:44","2.379","Ok","2","J20260411070002B10E325","2026-04-11 07:15:44.90977+00","Calpan","Building 12","Level 3","Step 34","","","","","","","B10E325","DSM"," Gearbox InDE"
"2c1cda7980d70e5ab59b907bbe5fe41f","Calpan/Building 12/Level 3/Step 34",NULL,"100-12-34-177-01","4418a4f0-5185-4ca9-8a85-a8ed7d6d8870",NULL,"GearBox1",NULL,"4GB-InNDE",NULL,"4-GB-Ax",NULL,"BandEnergyFromSpectrum","HF RMS Accel","g","AlarmTypeHigh","6.000","3.000","1.500",NULL,NULL,NULL,"2026-04-10 09:27:57","2026-04-10 09:27:57","0.028","Ok","2","J20260411070002B10E325","2026-04-11 07:15:44.90977+00","Calpan","Building 12","Level 3","Step 34","","","","","","","B10E325","DSM"," Gearbox InNDE"
"2c391e29fa0919700331e02560e687e6","Calpan/Building 12/Level 3/Step 34",NULL,"100-12-34-052-01","4e95bfc9-5c27-4ef2-8f21-e1680ea3525a",NULL,"Pump1",NULL,"3PP-DE",NULL,"3-PP-RV",NULL,"BandEnergyFromSpectrum","MF Velocity (~3-8X)","mm/s","AlarmTypeHigh","5.000","3.000","1.000",NULL,NULL,NULL,"2026-04-10 09:35:03","2026-04-10 09:35:03","0.128","Ok","2","J20260411070002B10E329","2026-04-11 07:16:20.032019+00","Calpan","Building 12","Level 3","Step 34","","","","","","","B10E329","DSM"," Pump DE"
"2cb8e5a56d24935f0078c64b1f7fac03","Calpan/Building 12/Level 2/Step 34",NULL,"100-12-34-442-01","10694b53-68ec-4cc5-ba70-011ea9cfc8cb",NULL,"Pump1",NULL,"4PP-NDE",NULL,"4-PP-RV",NULL,"BandEnergyFromSpectrum","MF RMS Accel","g","AlarmTypeHigh","2.000","1.000","0.500",NULL,NULL,NULL,"2026-04-10 07:04:28","2026-04-10 07:04:28","0.416","Ok","2","J20260411070002B10E108","2026-04-11 07:15:30.283493+00","Calpan","Building 12","Level 2","Step 34","","","","","","","B10E108","DSM"," Pump NDE"
"2cdfae8b7ff4b306dcde6e614daced50","Calpan/Building 12/Level 3/Step 34",NULL,"100-12-34-182-01","cb82f5f4-a90f-417b-9120-982c9cc359e8",NULL,"Pump1",NULL,"3PP-DE",NULL,"3-PP-RV",NULL,"BandEnergyFromSpectrum","LF RMS Accel","g","AlarmTypeHigh","0.800","0.400","0.200",NULL,NULL,NULL,"2026-04-10 08:58:11","2026-04-10 08:58:11","0.069","Ok","2","J20260411070002B10E775","2026-04-11 07:15:47.606089+00","Calpan","Building 12","Level 3","Step 34","","","","","","","B10E775","DSM"," Pump DE"
"2ce9af528691151aea2fd1a386abc781","SOT & WWTP/Building 46/Level 1 south Ext",NULL,"2204673-64200","1183b785-83bc-4239-9fd1-4c4e5ad0d5f0",NULL,"Pump1",NULL,"4PP-NDE",NULL,"4-PP-Ax",NULL,"BandEnergyFromSpectrum","HF RMS Accel","g","AlarmTypeHigh","6.000","3.000","1.500",NULL,NULL,NULL,"2026-04-10 07:43:24","2026-04-10 07:43:24","0.036","Ok","2","J20260411070002B10E958","2026-04-11 07:15:31.367013+00","SOT & WWTP","Building 46","Level 1 south Ext","","","","","","","","B10E958","DSM"," Pump NDE"
"2d2e7c4dec4358ab9999db3564d7acdd","SOT & WWTP/Building 46/Level 1 south Ext",NULL,"2204674-86700","df615b42-35ae-4d9e-8440-ec02f423d24f",NULL,"ElectricMotor1",NULL,"2MT-DE",NULL,"2-MT-Ax",NULL,"Acceleration","Pk-Pk Accel","g","AlarmTypeHigh","9.000","6.000","3.000",NULL,NULL,NULL,"2026-04-10 08:24:26","2026-04-10 08:23:06","5.259","PreAlarm","3","J20260411070002B10E886","2026-04-11 07:15:18.11167+00","SOT & WWTP","Building 46","Level 1 south Ext","","","","","","","","B10E886","DSM"," Motor DE"
"2d3480724cefd456a2fe84b5933a0518","SOT & WWTP/Building 46/Level 1 south Ext",NULL,"2204674-86700","df615b42-35ae-4d9e-8440-ec02f423d24f",NULL,"Pump1",NULL,"4PP-NDE",NULL,"4-PP-RV",NULL,"Acceleration","OV Accel","g","AlarmTypeHigh","6.000","3.000","2.000",NULL,NULL,NULL,"2026-04-10 08:24:26","2026-04-10 08:19:55","1.068","Ok","2","J20260411070002B10E886","2026-04-11 07:15:18.11167+00","SOT & WWTP","Building 46","Level 1 south Ext","","","","","","","","B10E886","DSM"," Pump NDE"
"2d37bd917efddb7f14778b5e79a40c79","SOT & WWTP/Building 46/Level 1 south Ext",NULL,"2204674-84200","9cd3dcc6-d8f4-42a8-bfd4-4957a1c3d83b",NULL,"ElectricMotor1",NULL,"1MT-NDE",NULL,"1-MT-RV",NULL,"BandEnergyFromSpectrum","LF RMS Accel","g","AlarmTypeHigh","0.800","0.400","0.200",NULL,NULL,NULL,"2026-04-10 08:14:32","2026-04-10 08:14:32","0.009","Ok","2","J20260411070002B10E544","2026-04-11 07:15:22.151709+00","SOT & WWTP","Building 46","Level 1 south Ext","","","","","","","","B10E544","DSM"," Motor NDE"
"2d54ddef5f5322da4addec461ec742dd","Calpan/Building 12/Level 3/Step 34",NULL,"100-12-34-122-01","2f0c1896-955a-4c2b-b25f-c632bd837c5d",NULL,"ElectricMotor1",NULL,"2MT-DE",NULL,"2-MT-RH",NULL,"VibrationVelocity","OV Vel","mm/s","AlarmTypeHigh","7.100","4.500","2.300",NULL,NULL,NULL,"2026-04-10 09:11:47","2026-04-10 09:08:49","3.410","PreAlarm","3","J20260411070002B10E320","2026-04-11 07:15:20.786773+00","Calpan","Building 12","Level 3","Step 34","","","","","","","B10E320","DSM"," Motor DE"
"2d663d7afec41729013b7d4e8760a748","SOT & WWTP/Building 46/Level 1 South Int",NULL,"2204674-25200","8c097769-c06f-45ff-b124-b425f9a07faf",NULL,"LobulusCompressor1",NULL,"4LC-NDE",NULL,"4-LC-Ax",NULL,"BandEnergyFromSpectrum","HF RMS Accel","g","AlarmTypeHigh","6.000","3.000","1.500",NULL,NULL,NULL,"2026-04-10 08:05:54","2026-04-10 08:05:54","0.111","Ok","2","J20260411070002B10E556","2026-04-11 07:15:14.724536+00","SOT & WWTP","Building 46","Level 1 South Int","","","","","","","","B10E556","DSM",NULL
"2d69662224bca83dcd4b32f4b9b611a8","SOT & WWTP/Building 32/Ground Level",NULL,"4003245-01030","43aad99e-1dbc-4d74-b061-e10b847dea3e",NULL,"Pump1",NULL,"3PP-DE",NULL,"3-PP-RV",NULL,"VibrationVelocity","OV Vel","mm/s","AlarmTypeHigh","7.100","4.500","2.300",NULL,NULL,NULL,"2026-04-10 09:59:58","2026-04-10 09:59:19","2.171","Ok","2","J20260411070002B10E42","2026-04-11 07:15:44.831133+00","SOT & WWTP","Building 32","Ground Level","","","","","","","","B10E42","DSM"," Pump DE"
"2cb9f7222ad98c68e6d94b3b7388a37a","Wich Room",NULL,"Port Winch","08fe0314-df51-43f1-a75b-d168bd10ea43",NULL,"DrivenGeneric1",NULL,"4DE-PMP",NULL,"4-DE-PMP-RV",NULL,"BroadBand","Envelope Energy","g",NULL,NULL,NULL,NULL,NULL,NULL,NULL,"2022-12-23 13:13:46","2022-12-23 13:12:46","0.021","Unknown","1","J20240627000000B8E63","2025-10-20 13:07:12.011297+00","Wich Room","","","","","","","","","","B8E63","Helix Seawell",NULL
"2d7e4af557662691164f59a3d6998f70","Calpan/Building 12/Level 3/Step 34",NULL,"100-12-34-182-01","cb82f5f4-a90f-417b-9120-982c9cc359e8",NULL,"ElectricMotor1",NULL,"1MT-NDE",NULL,"1-MT-RH",NULL,"BroadBand","Envelope Energy","g",NULL,NULL,NULL,NULL,NULL,NULL,NULL,"2026-04-10 08:58:11","2026-04-10 08:48:36","0.025","Unknown","1","J20260411070002B10E775","2026-04-11 07:15:47.606089+00","Calpan","Building 12","Level 3","Step 34","","","","","","","B10E775","DSM"," Motor NDE"
"2dacecfc5f2acf9180e7990657269940","SOT & WWTP/Building 46/Level 1 South Int",NULL,"2204674-25200","8c097769-c06f-45ff-b124-b425f9a07faf",NULL,"ElectricMotor1",NULL,"1MT-NDE",NULL,"1-MT-Ax",NULL,"BandEnergyFromSpectrum","HF RMS Accel","g","AlarmTypeHigh","6.000","3.000","1.500",NULL,NULL,NULL,"2026-04-10 08:05:54","2026-04-10 08:05:54","0.057","Ok","2","J20260411070002B10E556","2026-04-11 07:15:14.724536+00","SOT & WWTP","Building 46","Level 1 South Int","","","","","","","","B10E556","DSM"," Motor NDE"
"2dbcee2970f5ec0e05b990cb64a67e59","Calpan/Building 12/Level 3/Step 34",NULL,"100-12-34-137-01","6b60b0aa-ef09-4630-b0c3-9a82f9488b6f",NULL,"GearBox1",NULL,"3GB-InDE",NULL,"3-GB-RV",NULL,"Acceleration","Pk-Pk Accel","g","AlarmTypeHigh","9.000","6.000","3.000",NULL,NULL,NULL,"2026-04-10 09:16:58","2026-04-10 09:14:11","1.528","Ok","2","J20260411070002B10E322","2026-04-11 07:16:18.069423+00","Calpan","Building 12","Level 3","Step 34","","","","","","","B10E322","DSM"," Gearbox InDE"
"2e2a5447a1c4537eff687a49000a0cb8","SOT & WWTP/Building 46/Level 1 South Int",NULL,"2204674-12700","5a52a7bb-3ac4-4087-b2ae-b50b8ac5d619",NULL,"ElectricMotor1",NULL,"2MT-DE",NULL,"2-MT-RH",NULL,"VibrationVelocity","OV Vel","mm/s","AlarmTypeHigh","7.100","4.500","2.300",NULL,NULL,NULL,"2026-04-10 07:56:59","2026-04-10 07:55:59","1.020","Ok","2","J20260411070002B10E551","2026-04-11 07:16:18.755097+00","SOT & WWTP","Building 46","Level 1 South Int","","","","","","","","B10E551","DSM"," Motor DE"
"2e2c4d19c94926bc9703cec17638d2a3","Calpan/Building 12/Level 3/Step 34",NULL,"100-12-34-157-01","5d071c42-70ae-41ae-ab75-66543fc85f14",NULL,"Pump1",NULL,"4PP-NDE",NULL,"4-PP-RV",NULL,"Acceleration","Pk-Pk Accel","g","AlarmTypeHigh","9.000","6.000","3.000",NULL,NULL,NULL,"2026-04-10 09:02:29","2026-04-10 09:01:01","1.317","Ok","2","J20260411070002B10E319","2026-04-11 07:15:15.91658+00","Calpan","Building 12","Level 3","Step 34","","","","","","","B10E319","DSM"," Pump NDE"
"2e3982a56d29f4f3d001e2af81b3e6df","SOT & WWTP/Building 32/Ground Level",NULL,"4003245-01060 No.6","6b94553b-624d-41d6-ae32-d3ba7ca02dce",NULL,"Pump1",NULL,"4PP-NDE",NULL,"4-PP-RH",NULL,"Acceleration","Pk-Pk Accel","g","AlarmTypeHigh","9.000","6.000","3.000",NULL,NULL,NULL,"2026-04-10 09:54:40","2026-04-10 09:54:33","4.232","PreAlarm","3","J20260411070002B10E45","2026-04-11 07:15:28.823432+00","SOT & WWTP","Building 32","Ground Level","","","","","","","","B10E45","DSM"," Pump NDE"
"2e62cb3f6bea9015be8d539f5846bc5b","Calpan/Building 12/Level 3/Step 34",NULL,"100-12-34-052-01","4e95bfc9-5c27-4ef2-8f21-e1680ea3525a",NULL,"ElectricMotor1",NULL,"2MT-DE",NULL,"2-MT-Ax",NULL,"BandEnergyFromSpectrum","MF RMS Accel","g","AlarmTypeHigh","2.000","1.000","0.500",NULL,NULL,NULL,"2026-04-10 09:35:03","2026-04-10 09:35:03","0.099","Ok","2","J20260411070002B10E329","2026-04-11 07:16:20.032019+00","Calpan","Building 12","Level 3","Step 34","","","","","","","B10E329","DSM"," Motor DE"
"2e6ab0ea2057371774aa638bce2c2559","Calpan/Building 12/Level 2/Step 34",NULL,"100-12-34-442-01","10694b53-68ec-4cc5-ba70-011ea9cfc8cb",NULL,"ElectricMotor1",NULL,"2MT-DE",NULL,"2-MT-RH",NULL,"Acceleration","Pk-Pk Accel","g","AlarmTypeHigh","9.000","6.000","3.000",NULL,NULL,NULL,"2026-04-10 07:04:28","2026-04-10 07:02:34","1.075","Ok","2","J20260411070002B10E108","2026-04-11 07:15:30.283493+00","Calpan","Building 12","Level 2","Step 34","","","","","","","B10E108","DSM"," Motor DE"
"2ea5decafa3b564463591f8d05c01413","SOT & WWTP/Building 46/Level 1 South Int",NULL,"2204674-18200","ddec0803-5671-4d5f-bcd2-6ad1ec7ba006",NULL,"Pump1",NULL,"3PP-DE",NULL,"3-PP-Ax",NULL,"Acceleration","Pk-Pk Accel","g","AlarmTypeHigh","9.000","6.000","3.000",NULL,NULL,NULL,"2026-04-10 07:53:51","2026-04-10 07:53:21","0.486","Ok","2","J20260411070002B10E552","2026-04-11 07:15:30.323513+00","SOT & WWTP","Building 46","Level 1 South Int","","","","","","","","B10E552","DSM"," Pump DE"
"2eae2ea7411f04193d227d0baeaf7f40","Calpan/Building 12/Level 3/Step 34",NULL,"100-12-34-122-01","2f0c1896-955a-4c2b-b25f-c632bd837c5d",NULL,"Pump1",NULL,"3PP-DE",NULL,"3-PP-RH",NULL,"Acceleration","OV Accel","g","AlarmTypeHigh","6.000","3.000","2.000",NULL,NULL,NULL,"2026-04-10 09:11:47","2026-04-10 09:11:41","0.363","Ok","2","J20260411070002B10E320","2026-04-11 07:15:20.786773+00","Calpan","Building 12","Level 3","Step 34","","","","","","","B10E320","DSM"," Pump DE"
"2eeca0460f96daa4469f3879699e2fc1","SOT & WWTP/Building 32/Ground Level",NULL,"4003245-01050","c6e1ea8c-b0aa-4ab3-b1ab-4a7c92913666",NULL,"Pump1",NULL,"3PP-DE",NULL,"3-PP-Ax",NULL,"BandEnergyFromSpectrum","MF Velocity (~3-8X)","mm/s","AlarmTypeHigh","5.000","3.000","1.000",NULL,NULL,NULL,"2026-04-10 09:57:30","2026-04-10 09:57:30","1.906","PreAlarm","3","J20260411070002B10E44","2026-04-11 07:16:20.260687+00","SOT & WWTP","Building 32","Ground Level","","","","","","","","B10E44","DSM"," Pump DE"
"2ef452b1f61eb92da3c7f063441484b6","Calpan/Building 12/Level 3/Step 34",NULL,"100-12-34-177-01","4418a4f0-5185-4ca9-8a85-a8ed7d6d8870",NULL,"GearBox1",NULL,"3GB-InDE",NULL,"3-GB-RV",NULL,"BandEnergyFromSpectrum","LF RMS Accel","g","AlarmTypeHigh","0.800","0.400","0.200",NULL,NULL,NULL,"2026-04-10 09:27:57","2026-04-10 09:27:57","0.025","Ok","2","J20260411070002B10E325","2026-04-11 07:15:44.90977+00","Calpan","Building 12","Level 3","Step 34","","","","","","","B10E325","DSM"," Gearbox InDE"
"2f28f2d37b980af9b5bb8374df010f9d","SOT & WWTP/Building 46/Level 1 south Ext",NULL,"2204674-86700","df615b42-35ae-4d9e-8440-ec02f423d24f",NULL,"ElectricMotor1",NULL,"1MT-NDE",NULL,"1-MT-Ax",NULL,"BandEnergyFromSpectrum","HF RMS Accel","g","AlarmTypeHigh","6.000","3.000","1.500",NULL,NULL,NULL,"2026-04-10 08:24:26","2026-04-10 08:24:26","0.127","Ok","2","J20260411070002B10E886","2026-04-11 07:15:18.11167+00","SOT & WWTP","Building 46","Level 1 south Ext","","","","","","","","B10E886","DSM"," Motor NDE"
"2f2f79f5c05eb201c5f2d70eb8a7106f","SOT & WWTP/Building 46/Level 1 south Ext",NULL,"2204673-64200","1183b785-83bc-4239-9fd1-4c4e5ad0d5f0",NULL,"ElectricMotor1",NULL,"1MT-NDE",NULL,"1-MT-RH",NULL,"BroadBand","Envelope Energy","g",NULL,NULL,NULL,NULL,NULL,NULL,NULL,"2026-04-10 07:43:24","2026-04-10 07:41:15","0.008","Unknown","1","J20260411070002B10E958","2026-04-11 07:15:31.367013+00","SOT & WWTP","Building 46","Level 1 south Ext","","","","","","","","B10E958","DSM"," Motor NDE"
"2f3c0834a6df52620911a7d49cbaa56b","SOT & WWTP/Building 46/Level 1 South Int",NULL,"2204674-18700","d02dc63f-663b-465c-8e99-133e530a34f3",NULL,"ElectricMotor1",NULL,"2MT-DE",NULL,"2-MT-RH",NULL,"BandEnergyFromSpectrum","MF Velocity (~3-8X)","mm/s","AlarmTypeHigh","5.000","3.000","1.000",NULL,NULL,NULL,"2026-04-10 07:49:54","2026-04-10 07:49:54","0.661","Ok","2","J20260411070002B10E553","2026-04-11 07:15:31.376368+00","SOT & WWTP","Building 46","Level 1 South Int","","","","","","","","B10E553","DSM"," Motor DE"
"2f8127433f9371ddd953d9b5381f2a74","SOT & WWTP/Building 32/Ground Level",NULL,"4003245-01060 No.6","6b94553b-624d-41d6-ae32-d3ba7ca02dce",NULL,"Pump1",NULL,"3PP-DE",NULL,"3-PP-RH",NULL,"BandEnergyFromSpectrum","MF RMS Accel","g","AlarmTypeHigh","2.000","1.000","0.500",NULL,NULL,NULL,"2026-04-10 09:54:40","2026-04-10 09:54:40","0.782","PreAlarm","3","J20260411070002B10E45","2026-04-11 07:15:28.823432+00","SOT & WWTP","Building 32","Ground Level","","","","","","","","B10E45","DSM"," Pump DE"
"2fb96730b0b617360ce3198df1b90f7c","Calpan/Building 12/Level 3/Step 34",NULL,"100-12-34-112-01","6ede0422-81cb-4ec5-a1c5-1d25b11af911",NULL,"Pump1",NULL,"3PP-DE",NULL,"3-PP-RV",NULL,"BandEnergyFromSpectrum","MF RMS Accel","g","AlarmTypeHigh","2.000","1.000","0.500",NULL,NULL,NULL,"2026-04-10 09:38:31","2026-04-10 09:38:31","0.079","Ok","2","J20260411070002B10E332","2026-04-11 07:16:22.283852+00","Calpan","Building 12","Level 3","Step 34","","","","","","","B10E332","DSM"," Pump DE"
"300c1ed9cce6a827cb982c79c98dfc1b","Calpan/Building 12/Level 3/Step 34",NULL,"100-12-34-182-01","cb82f5f4-a90f-417b-9120-982c9cc359e8",NULL,"ElectricMotor1",NULL,"1MT-NDE",NULL,"1-MT-Ax",NULL,"Acceleration","OV Accel","g","AlarmTypeHigh","6.000","3.000","2.000",NULL,NULL,NULL,"2026-04-10 08:58:11","2026-04-10 08:48:39","0.119","Ok","2","J20260411070002B10E775","2026-04-11 07:15:47.606089+00","Calpan","Building 12","Level 3","Step 34","","","","","","","B10E775","DSM"," Motor NDE"
"303fe4d6151f7a7ec080c8254ebfe829","SOT & WWTP/Building 46/Level 1 south Ext",NULL,"2204674-80200","4a5f1f07-5d69-47ff-ad0c-51f038ca26f5",NULL,"Pump1",NULL,"3PP-DE",NULL,"3-PP-RH",NULL,"Acceleration","Pk-Pk Accel","g","AlarmTypeHigh","9.000","6.000","3.000",NULL,NULL,NULL,"2026-04-10 08:33:22","2026-04-10 08:32:56","2.108","Ok","2","J20260411070002B10E540","2026-04-11 07:15:30.329764+00","SOT & WWTP","Building 46","Level 1 south Ext","","","","","","","","B10E540","DSM"," Pump DE"
"30450c98d614c6e7625cd6b6b3de525d","SOT & WWTP/Building 46/Level 1 south Ext",NULL,"2204673-20200","971c1886-fae1-4e46-bdc2-fedaf770dc42",NULL,"ElectricMotor1",NULL,"2MT-DE",NULL,"2-MT-RH",NULL,"BroadBand","Envelope Energy","g",NULL,NULL,NULL,NULL,NULL,NULL,NULL,"2026-04-10 08:11:00","2026-04-10 08:09:43","0.053","Unknown","1","J20260411070002B10E986","2026-04-11 07:16:18.775238+00","SOT & WWTP","Building 46","Level 1 south Ext","","","","","","","","B10E986","DSM"," Motor DE"
"30470d6d988c14d770e9d7d9d68de809","Calpan/Building 12/Level 3/Step 34",NULL,"100-12-34-177-01","4418a4f0-5185-4ca9-8a85-a8ed7d6d8870",NULL,"Shaft1",NULL,"7SH-DE",NULL,"7-SH-Ax",NULL,"BandEnergyFromSpectrum","LF RMS Accel","g","AlarmTypeHigh","0.800","0.400","0.200",NULL,NULL,NULL,"2026-04-10 09:27:57","2026-04-10 09:27:57","0.015","Ok","2","J20260411070002B10E325","2026-04-11 07:15:44.90977+00","Calpan","Building 12","Level 3","Step 34","","","","","","","B10E325","DSM",NULL
"30527a1d28fd4df6449526b957179736","SOT & WWTP/Building 46/Level 1 South Int",NULL,"2204674-12700","5a52a7bb-3ac4-4087-b2ae-b50b8ac5d619",NULL,"ElectricMotor1",NULL,"2MT-DE",NULL,"2-MT-RV",NULL,"Acceleration","OV Accel","g","AlarmTypeHigh","6.000","3.000","2.000",NULL,NULL,NULL,"2026-04-10 07:56:59","2026-04-10 07:55:59","0.192","Ok","2","J20260411070002B10E551","2026-04-11 07:16:18.755097+00","SOT & WWTP","Building 46","Level 1 South Int","","","","","","","","B10E551","DSM"," Motor DE"
"307ca6341e4c2cf4a4c1cb198d80e623","SOT & WWTP/Building 46/Level 1 south Ext",NULL,"2204674-86700","df615b42-35ae-4d9e-8440-ec02f423d24f",NULL,"ElectricMotor1",NULL,"2MT-DE",NULL,"2-MT-RH",NULL,"BroadBand","Envelope Energy","g",NULL,NULL,NULL,NULL,NULL,NULL,NULL,"2026-04-10 08:24:26","2026-04-10 08:23:29","0.477","Unknown","1","J20260411070002B10E886","2026-04-11 07:15:18.11167+00","SOT & WWTP","Building 46","Level 1 south Ext","","","","","","","","B10E886","DSM"," Motor DE"
"307fb5adbb83e906a17b427c26c0a253","Calpan/Building 12/Level 3/Step 34",NULL,"100-12-34-157-01","5d071c42-70ae-41ae-ab75-66543fc85f14",NULL,"Pump1",NULL,"4PP-NDE",NULL,"4-PP-Ax",NULL,"BandEnergyFromSpectrum","LF RMS Accel","g","AlarmTypeHigh","0.800","0.400","0.200",NULL,NULL,NULL,"2026-04-10 09:02:29","2026-04-10 09:02:29","0.092","Ok","2","J20260411070002B10E319","2026-04-11 07:15:15.91658+00","Calpan","Building 12","Level 3","Step 34","","","","","","","B10E319","DSM"," Pump NDE"
"308e9637697edc5aed2d4bfc3d6dc2dc","SOT & WWTP/Building 46/Level 1 south Ext",NULL,"2204673-20200","971c1886-fae1-4e46-bdc2-fedaf770dc42",NULL,"Pump1",NULL,"3PP-DE",NULL,"3-PP-Ax",NULL,"Acceleration","Pk-Pk Accel","g","AlarmTypeHigh","9.000","6.000","3.000",NULL,NULL,NULL,"2026-04-10 08:11:00","2026-04-10 08:10:23","1.666","Ok","2","J20260411070002B10E986","2026-04-11 07:16:18.775238+00","SOT & WWTP","Building 46","Level 1 south Ext","","","","","","","","B10E986","DSM"," Pump DE"
"309e17c9daa6c93842891250e6265f22","Calpan/Building 12/Level 3/Step 34",NULL,"100-12-34-112-01","6ede0422-81cb-4ec5-a1c5-1d25b11af911",NULL,"Pump1",NULL,"3PP-DE",NULL,"3-PP-RH",NULL,"Acceleration","OV Accel","g","AlarmTypeHigh","6.000","3.000","2.000",NULL,NULL,NULL,"2026-04-10 09:38:31","2026-04-10 09:37:55","0.164","Ok","2","J20260411070002B10E332","2026-04-11 07:16:22.283852+00","Calpan","Building 12","Level 3","Step 34","","","","","","","B10E332","DSM"," Pump DE"
"30dfb080cc2d66159c6ad81fe67efd9a","SOT & WWTP/Building 46/Level 1 south Ext",NULL,"2204674-84200","9cd3dcc6-d8f4-42a8-bfd4-4957a1c3d83b",NULL,"Pump1",NULL,"3PP-DE",NULL,"3-PP-RH",NULL,"BandEnergyFromSpectrum","MF Velocity (~3-8X)","mm/s","AlarmTypeHigh","5.000","3.000","1.000",NULL,NULL,NULL,"2026-04-10 08:14:32","2026-04-10 08:14:32","0.159","Ok","2","J20260411070002B10E544","2026-04-11 07:15:22.151709+00","SOT & WWTP","Building 46","Level 1 south Ext","","","","","","","","B10E544","DSM"," Pump DE"
"30e564153f4b6fccc53b288202dac0bc","SOT & WWTP/Building 46/Level 1 south Ext",NULL,"2204674-80200","4a5f1f07-5d69-47ff-ad0c-51f038ca26f5",NULL,"Pump1",NULL,"3PP-DE",NULL,"3-PP-Ax",NULL,"BandEnergyFromSpectrum","MF RMS Accel","g","AlarmTypeHigh","2.000","1.000","0.500",NULL,NULL,NULL,"2026-04-10 08:33:22","2026-04-10 08:33:22","0.345","Ok","2","J20260411070002B10E540","2026-04-11 07:15:30.329764+00","SOT & WWTP","Building 46","Level 1 south Ext","","","","","","","","B10E540","DSM"," Pump DE"
"310506bb1b2653a6440ec5489b1be08d","Calpan/Building 12/Level 2/Step 34",NULL,"100-12-34-442-01","10694b53-68ec-4cc5-ba70-011ea9cfc8cb",NULL,"Pump1",NULL,"3PP-DE",NULL,"3-PP-Ax",NULL,"Acceleration","Pk-Pk Accel","g","AlarmTypeHigh","9.000","6.000","3.000",NULL,NULL,NULL,"2026-04-10 07:04:28","2026-04-10 07:03:11","2.958","Ok","2","J20260411070002B10E108","2026-04-11 07:15:30.283493+00","Calpan","Building 12","Level 2","Step 34","","","","","","","B10E108","DSM"," Pump DE"
"31335ce7d431c205c946dffcc7606cf0","SOT & WWTP/Building 46/Level 1 south Ext",NULL,"2204674-84200","9cd3dcc6-d8f4-42a8-bfd4-4957a1c3d83b",NULL,"Pump1",NULL,"3PP-DE",NULL,"3-PP-RV",NULL,"Acceleration","Pk-Pk Accel","g","AlarmTypeHigh","9.000","6.000","3.000",NULL,NULL,NULL,"2026-04-10 08:14:32","2026-04-10 08:14:03","2.198","Ok","2","J20260411070002B10E544","2026-04-11 07:15:22.151709+00","SOT & WWTP","Building 46","Level 1 south Ext","","","","","","","","B10E544","DSM"," Pump DE"
"3137a405ea63afcd198a32b94e869d11","SOT & WWTP/Building 46/Level 1 South Int",NULL,"2204674-12700","5a52a7bb-3ac4-4087-b2ae-b50b8ac5d619",NULL,"Pump1",NULL,"3PP-DE",NULL,"3-PP-Ax",NULL,"Acceleration","Pk-Pk Accel","g","AlarmTypeHigh","9.000","6.000","3.000",NULL,NULL,NULL,"2026-04-10 07:56:59","2026-04-10 07:56:28","2.295","Ok","2","J20260411070002B10E551","2026-04-11 07:16:18.755097+00","SOT & WWTP","Building 46","Level 1 South Int","","","","","","","","B10E551","DSM"," Pump DE"
"3148a43b8472ac57447d8e4509ff40b5","SOT & WWTP/Building 46/Level 1 south Ext",NULL,"2204674-84200","9cd3dcc6-d8f4-42a8-bfd4-4957a1c3d83b",NULL,"ElectricMotor1",NULL,"2MT-DE",NULL,"2-MT-RV",NULL,"Acceleration","Pk-Pk Accel","g","AlarmTypeHigh","9.000","6.000","3.000",NULL,NULL,NULL,"2026-04-10 08:14:32","2026-04-10 08:13:29","0.585","Ok","2","J20260411070002B10E544","2026-04-11 07:15:22.151709+00","SOT & WWTP","Building 46","Level 1 south Ext","","","","","","","","B10E544","DSM"," Motor DE"
"317bd4044c04df5c39416def743d7a7c","SOT & WWTP/Building 46/Level 1 south Ext",NULL,"2204673-20200","971c1886-fae1-4e46-bdc2-fedaf770dc42",NULL,"ElectricMotor1",NULL,"2MT-DE",NULL,"2-MT-RH",NULL,"VibrationVelocity","OV Vel","mm/s","AlarmTypeHigh","7.100","4.500","2.300",NULL,NULL,NULL,"2026-04-10 08:11:00","2026-04-10 08:09:47","0.748","Ok","2","J20260411070002B10E986","2026-04-11 07:16:18.775238+00","SOT & WWTP","Building 46","Level 1 south Ext","","","","","","","","B10E986","DSM"," Motor DE"
"317dc40eb07819a98240bb01f38423b3","SOT & WWTP/Building 46/Level 1 South Int",NULL,"2204674-25200","8c097769-c06f-45ff-b124-b425f9a07faf",NULL,"LobulusCompressor1",NULL,"3LC-DE",NULL,"3-LC-RH",NULL,"BandEnergyFromSpectrum","LF RMS Accel","g","AlarmTypeHigh","0.800","0.400","0.200",NULL,NULL,NULL,"2026-04-10 08:05:54","2026-04-10 08:05:54","0.049","Ok","2","J20260411070002B10E556","2026-04-11 07:15:14.724536+00","SOT & WWTP","Building 46","Level 1 South Int","","","","","","","","B10E556","DSM",NULL
"31c73cd7a0df8bf6a7e481b08e6165b6","SOT & WWTP/Building 46/Level 1 south Ext",NULL,"2204673-64200","1183b785-83bc-4239-9fd1-4c4e5ad0d5f0",NULL,"Pump1",NULL,"3PP-DE",NULL,"3-PP-Ax",NULL,"VibrationVelocity","OV Vel","mm/s","AlarmTypeHigh","7.100","4.500","2.300",NULL,NULL,NULL,"2026-04-10 07:43:24","2026-04-10 07:42:40","0.760","Ok","2","J20260411070002B10E958","2026-04-11 07:15:31.367013+00","SOT & WWTP","Building 46","Level 1 south Ext","","","","","","","","B10E958","DSM"," Pump DE"
"31e610f4d79adf20f205df5caf855dda","SOT & WWTP/Building 46/Level 1 south Ext",NULL,"2204673-65200","8f669413-f706-47d4-92c1-000af5b89657",NULL,"ElectricMotor1",NULL,"2MT-DE",NULL,"2-MT-RV",NULL,"VibrationVelocity","OV Vel","mm/s","AlarmTypeHigh","7.100","4.500","2.300",NULL,NULL,NULL,"2026-04-10 07:45:56","2026-04-10 07:44:42","1.236","Ok","2","J20260411070002B10E960","2026-04-11 07:15:31.403974+00","SOT & WWTP","Building 46","Level 1 south Ext","","","","","","","","B10E960","DSM"," Motor DE"
"32294ad33caf057c45460f1b2ebb24f3","SOT & WWTP/Building 28/Ground Level",NULL,"4002861-50500","4322796b-6387-4da8-b21c-a60391237dcb",NULL,"ElectricMotor1",NULL,"2MT-DE",NULL,"2-MT-Ax",NULL,"BandEnergyFromSpectrum","LF RMS Accel","g","AlarmTypeHigh","0.800","0.400","0.200",NULL,NULL,NULL,"2026-04-10 09:45:06","2026-04-10 09:45:06","0.100","Ok","2","J20260411070002B10E34","2026-04-11 07:15:46.515864+00","SOT & WWTP","Building 28","Ground Level","","","","","","","","B10E34","DSM"," Motor DE"
"322e66a660df96aae3a76a22a942728d","SOT & WWTP/Building 46/Level 1 south Ext",NULL,"2204674-80200","4a5f1f07-5d69-47ff-ad0c-51f038ca26f5",NULL,"Pump1",NULL,"4PP-NDE",NULL,"4-PP-RV",NULL,"BroadBand","Envelope Energy","g",NULL,NULL,NULL,NULL,NULL,NULL,NULL,"2026-04-10 08:33:22","2026-04-10 08:33:12","0.049","Unknown","1","J20260411070002B10E540","2026-04-11 07:15:30.329764+00","SOT & WWTP","Building 46","Level 1 south Ext","","","","","","","","B10E540","DSM"," Pump NDE"
"324bd820a5a9e56c97cd83607a4b8987","SOT & WWTP/Building 46/Level 1 South Int",NULL,"2204674-12700","5a52a7bb-3ac4-4087-b2ae-b50b8ac5d619",NULL,"Pump1",NULL,"4PP-NDE",NULL,"4-PP-Ax",NULL,"BandEnergyFromSpectrum","HF RMS Accel","g","AlarmTypeHigh","6.000","3.000","1.500",NULL,NULL,NULL,"2026-04-10 07:56:59","2026-04-10 07:56:59","0.017","Ok","2","J20260411070002B10E551","2026-04-11 07:16:18.755097+00","SOT & WWTP","Building 46","Level 1 South Int","","","","","","","","B10E551","DSM"," Pump NDE"
"324f307ddd33c7c7b0108a570fb17382","SOT & WWTP/Building 46/Level 1 South Int",NULL,"2204674-12700","5a52a7bb-3ac4-4087-b2ae-b50b8ac5d619",NULL,"ElectricMotor1",NULL,"1MT-NDE",NULL,"1-MT-Ax",NULL,"BandEnergyFromSpectrum","MF Velocity (~3-8X)","mm/s","AlarmTypeHigh","5.000","3.000","1.000",NULL,NULL,NULL,"2026-04-10 07:56:59","2026-04-10 07:56:59","0.663","Ok","2","J20260411070002B10E551","2026-04-11 07:16:18.755097+00","SOT & WWTP","Building 46","Level 1 South Int","","","","","","","","B10E551","DSM"," Motor NDE"
"325dfd27ab0043aa21b41ba71538838e","Calpan/Building 12/Level 3/Step 34",NULL,"100-12-34-042-01","baa957f8-47b1-4422-b93b-9c0e9c3cf8a3",NULL,"ElectricMotor1",NULL,"2MT-DE",NULL,"2-MT-RH",NULL,"BandEnergyFromSpectrum","LF RMS Accel","g","AlarmTypeHigh","0.800","0.400","0.200",NULL,NULL,NULL,"2026-04-10 09:31:52","2026-04-10 09:31:52","0.024","Ok","2","J20260411070002B10E328","2026-04-11 07:15:17.347474+00","Calpan","Building 12","Level 3","Step 34","","","","","","","B10E328","DSM"," Motor DE"
"32b848308772b1fe66713ae902687f2c","Calpan/Building 12/Level 3/Step 34",NULL,"100-12-34-510-11","551c74fc-55de-40ed-aafc-1e0e6781fdfd",NULL,"GearBox1",NULL,"3GB-InDE",NULL,"3-GB-RV",NULL,"BandEnergyFromSpectrum","MF RMS Accel","g","AlarmTypeHigh","2.000","1.000","0.500",NULL,NULL,NULL,"2026-04-10 08:39:42","2026-04-10 08:39:42","0.459","Ok","2","J20260411070002B10E302","2026-04-11 07:15:16.45472+00","Calpan","Building 12","Level 3","Step 34","","","","","","","B10E302","DSM"," Gearbox InDE"
"32ca698e375a8a55237679093055dc4c","SOT & WWTP/Building 32/Ground Level",NULL,"4003245-01050","c6e1ea8c-b0aa-4ab3-b1ab-4a7c92913666",NULL,"Pump1",NULL,"3PP-DE",NULL,"3-PP-Ax",NULL,"BandEnergyFromSpectrum","HF RMS Accel","g","AlarmTypeHigh","6.000","3.000","1.500",NULL,NULL,NULL,"2026-04-10 09:57:30","2026-04-10 09:57:30","0.407","Ok","2","J20260411070002B10E44","2026-04-11 07:16:20.260687+00","SOT & WWTP","Building 32","Ground Level","","","","","","","","B10E44","DSM"," Pump DE"
"332f38859edbef5111f9b442074ab43b","Calpan/Building 12/Level 2/Step 34",NULL,"100-12-34-442-01","10694b53-68ec-4cc5-ba70-011ea9cfc8cb",NULL,"ElectricMotor1",NULL,"1MT-NDE",NULL,"1-MT-RH",NULL,"BandEnergyFromSpectrum","HF RMS Accel","g","AlarmTypeHigh","6.000","3.000","1.500",NULL,NULL,NULL,"2026-04-10 07:04:28","2026-04-10 07:04:28","0.115","Ok","2","J20260411070002B10E108","2026-04-11 07:15:30.283493+00","Calpan","Building 12","Level 2","Step 34","","","","","","","B10E108","DSM"," Motor NDE"
"333c937296577091e7cea920b63e96b4","SOT & WWTP/Building 46/Level 1 south Ext",NULL,"2204674-91700","c5661652-b006-41ac-9678-a9f8cee30d2e",NULL,"ElectricMotor1",NULL,"1MT-NDE",NULL,"1-MT-Ax",NULL,"VibrationVelocity","OV Vel","mm/s","AlarmTypeHigh","7.100","4.500","2.300",NULL,NULL,NULL,"2026-04-10 08:28:29","2026-04-10 08:27:52","3.317","PreAlarm","3","J20260411070002B10E549","2026-04-11 07:15:44.625996+00","SOT & WWTP","Building 46","Level 1 south Ext","","","","","","","","B10E549","DSM"," Motor NDE"
"3354143271bc74a1bdfa4064573b6aa0","SOT & WWTP/Building 46/Level 1 south Ext",NULL,"2204673-64200","1183b785-83bc-4239-9fd1-4c4e5ad0d5f0",NULL,"Pump1",NULL,"3PP-DE",NULL,"3-PP-RH",NULL,"VibrationVelocity","OV Vel","mm/s","AlarmTypeHigh","7.100","4.500","2.300",NULL,NULL,NULL,"2026-04-10 07:43:24","2026-04-10 07:42:40","0.505","Ok","2","J20260411070002B10E958","2026-04-11 07:15:31.367013+00","SOT & WWTP","Building 46","Level 1 south Ext","","","","","","","","B10E958","DSM"," Pump DE"
"33608712781f9377faecdcbe63774971","Calpan/Building 12/Level 3/Step 34",NULL,"100-12-34-182-01","cb82f5f4-a90f-417b-9120-982c9cc359e8",NULL,"Pump1",NULL,"4PP-NDE",NULL,"4-PP-RH",NULL,"Acceleration","Pk-Pk Accel","g","AlarmTypeHigh","9.000","6.000","3.000",NULL,NULL,NULL,"2026-04-10 08:58:11","2026-04-10 08:53:28","4.246","PreAlarm","3","J20260411070002B10E775","2026-04-11 07:15:47.606089+00","Calpan","Building 12","Level 3","Step 34","","","","","","","B10E775","DSM"," Pump NDE"
"33908ada48b278f3f4e0982803100c93","Calpan/Building 12/Level 3/Step 34",NULL,"100-12-34-510-11","551c74fc-55de-40ed-aafc-1e0e6781fdfd",NULL,"GearBox1",NULL,"3GB-InDE",NULL,"3-GB-Ax",NULL,"BandEnergyFromSpectrum","LF RMS Accel","g","AlarmTypeHigh","0.800","0.400","0.200",NULL,NULL,NULL,"2026-04-10 08:39:42","2026-04-10 08:39:42","0.068","Ok","2","J20260411070002B10E302","2026-04-11 07:15:16.45472+00","Calpan","Building 12","Level 3","Step 34","","","","","","","B10E302","DSM"," Gearbox InDE"
"33aca2ad4c0ddf9904c914706cb856ce","Calpan/Building 12/Level 3/Step 34",NULL,"100-12-34-510-11","551c74fc-55de-40ed-aafc-1e0e6781fdfd",NULL,"GearBox1",NULL,"3GB-InDE",NULL,"3-GB-RH",NULL,"Acceleration","OV Accel","g","AlarmTypeHigh","6.000","3.000","2.000",NULL,NULL,NULL,"2026-04-10 08:39:42","2026-04-10 08:37:17","0.385","Ok","2","J20260411070002B10E302","2026-04-11 07:15:16.45472+00","Calpan","Building 12","Level 3","Step 34","","","","","","","B10E302","DSM"," Gearbox InDE"
"33b270f69b5059e86f3efcd0b9145b01","Calpan/Building 12/Level 3/Step 34",NULL,"100-12-34-162-01","1d898064-4876-4e5b-885f-a3ac174fa02b",NULL,"ElectricMotor1",NULL,"1MT-NDE",NULL,"1-MT-RH",NULL,"BandEnergyFromSpectrum","MF RMS Accel","g","AlarmTypeHigh","2.000","1.000","0.500",NULL,NULL,NULL,"2026-04-10 09:18:57","2026-04-10 09:18:57","0.081","Ok","2","J20260411070002B10E324","2026-04-11 07:15:20.786083+00","Calpan","Building 12","Level 3","Step 34","","","","","","","B10E324","DSM"," Motor NDE"
"33f878745ea1f9c7a025028d1567878e","SOT & WWTP/Building 32/Ground Level",NULL,"4003245-01030","43aad99e-1dbc-4d74-b061-e10b847dea3e",NULL,"Pump1",NULL,"3PP-DE",NULL,"3-PP-RV",NULL,"Acceleration","OV Accel","g","AlarmTypeHigh","6.000","3.000","2.000",NULL,NULL,NULL,"2026-04-10 09:59:58","2026-04-10 09:59:19","0.828","Ok","2","J20260411070002B10E42","2026-04-11 07:15:44.831133+00","SOT & WWTP","Building 32","Ground Level","","","","","","","","B10E42","DSM"," Pump DE"
"341cce5b04f0de66fef019a92bb96de9","SOT & WWTP/Building 32/Ground Level",NULL,"4003245-01050","c6e1ea8c-b0aa-4ab3-b1ab-4a7c92913666",NULL,"Pump1",NULL,"4PP-NDE",NULL,"4-PP-RH",NULL,"BandEnergyFromSpectrum","LF RMS Accel","g","AlarmTypeHigh","0.800","0.400","0.200",NULL,NULL,NULL,"2026-04-10 09:57:30","2026-04-10 09:57:30","0.284","PreAlarm","3","J20260411070002B10E44","2026-04-11 07:16:20.260687+00","SOT & WWTP","Building 32","Ground Level","","","","","","","","B10E44","DSM"," Pump NDE"
"346c4d066f450f7fd26cd6925ea4b1c9","SOT & WWTP/Building 46/Level 1 South Int",NULL,"2204674-12200","920f4ad8-e17b-4e95-bb07-fe8ccfbdeb6a",NULL,"ElectricMotor1",NULL,"2MT-DE",NULL,"2-MT-RV",NULL,"BandEnergyFromSpectrum","HF RMS Accel","g","AlarmTypeHigh","6.000","3.000","1.500",NULL,NULL,NULL,"2026-04-10 07:59:41","2026-04-10 07:59:41","0.020","Ok","2","J20260411070002B10E550","2026-04-11 07:15:15.907019+00","SOT & WWTP","Building 46","Level 1 South Int","","","","","","","","B10E550","DSM"," Motor DE"
"347964af774b205d3d104271334abf7a","SOT & WWTP/Building 32/Ground Level",NULL,"4003245-01070","f0256864-92af-49d6-b5bb-fa91f04642f9",NULL,"ElectricMotor1",NULL,"1MT-NDE",NULL,"1-MT-Ax",NULL,"Acceleration","Pk-Pk Accel","g","AlarmTypeHigh","9.000","6.000","3.000",NULL,NULL,NULL,"2026-04-10 09:52:07","2026-04-10 09:50:31","1.366","Ok","2","J20260411070002B10E46","2026-04-11 07:15:22.091584+00","SOT & WWTP","Building 32","Ground Level","","","","","","","","B10E46","DSM"," Motor NDE"
"348196948dad329e78113bf4652fe69f","SOT & WWTP/Building 46/Level 1 South Int",NULL,"2204674-18200","ddec0803-5671-4d5f-bcd2-6ad1ec7ba006",NULL,"ElectricMotor1",NULL,"2MT-DE",NULL,"2-MT-RV",NULL,"BandEnergyFromSpectrum","LF RMS Accel","g","AlarmTypeHigh","0.800","0.400","0.200",NULL,NULL,NULL,"2026-04-10 07:53:51","2026-04-10 07:53:51","0.011","Ok","2","J20260411070002B10E552","2026-04-11 07:15:30.323513+00","SOT & WWTP","Building 46","Level 1 South Int","","","","","","","","B10E552","DSM"," Motor DE"
"3486a18fce2409456a669b821477622a","SOT & WWTP/Building 46/Level 1 South Int",NULL,"2204674-18700","d02dc63f-663b-465c-8e99-133e530a34f3",NULL,"Pump1",NULL,"3PP-DE",NULL,"3-PP-Ax",NULL,"BandEnergyFromSpectrum","MF Velocity (~3-8X)","mm/s","AlarmTypeHigh","5.000","3.000","1.000",NULL,NULL,NULL,"2026-04-10 07:49:54","2026-04-10 07:49:54","0.240","Ok","2","J20260411070002B10E553","2026-04-11 07:15:31.376368+00","SOT & WWTP","Building 46","Level 1 South Int","","","","","","","","B10E553","DSM"," Pump DE"
"34c3bf81a03cfbe059085f2d9c21c23f","Calpan/Building 12/Level 3/Step 34",NULL,"100-12-34-157-01","5d071c42-70ae-41ae-ab75-66543fc85f14",NULL,"Pump1",NULL,"4PP-NDE",NULL,"4-PP-RH",NULL,"BroadBand","Envelope Energy","g",NULL,NULL,NULL,NULL,NULL,NULL,NULL,"2026-04-10 09:02:29","2026-04-10 09:00:56","0.074","Unknown","1","J20260411070002B10E319","2026-04-11 07:15:15.91658+00","Calpan","Building 12","Level 3","Step 34","","","","","","","B10E319","DSM"," Pump NDE"
"34ef9e75d25290d0f6a54c37b71bb583","Calpan/Building 12/Level 3/Step 34",NULL,"100-12-34-122-01","2f0c1896-955a-4c2b-b25f-c632bd837c5d",NULL,"ElectricMotor1",NULL,"1MT-NDE",NULL,"1-MT-RH",NULL,"BandEnergyFromSpectrum","MF RMS Accel","g","AlarmTypeHigh","2.000","1.000","0.500",NULL,NULL,NULL,"2026-04-10 09:11:47","2026-04-10 09:11:47","0.070","Ok","2","J20260411070002B10E320","2026-04-11 07:15:20.786773+00","Calpan","Building 12","Level 3","Step 34","","","","","","","B10E320","DSM"," Motor NDE"
"350c6fc2b505ecde074732f33bd05eff","Calpan/Building 12/Level 3/Step 34",NULL,"100-12-34-177-01","4418a4f0-5185-4ca9-8a85-a8ed7d6d8870",NULL,"ElectricMotor1",NULL,"1MT-NDE",NULL,"1-MT-RH",NULL,"BandEnergyFromSpectrum","HF RMS Accel","g","AlarmTypeHigh","6.000","3.000","1.500",NULL,NULL,NULL,"2026-04-10 09:27:57","2026-04-10 09:27:57","0.449","Ok","2","J20260411070002B10E325","2026-04-11 07:15:44.90977+00","Calpan","Building 12","Level 3","Step 34","","","","","","","B10E325","DSM"," Motor NDE"
"355e93694112fc0b911f09a0ae615786","Calpan/Building 12/Level 3/Step 34",NULL,"100-12-34-122-01","2f0c1896-955a-4c2b-b25f-c632bd837c5d",NULL,"Pump1",NULL,"4PP-NDE",NULL,"4-PP-RH",NULL,"VibrationVelocity","OV Vel","mm/s","AlarmTypeHigh","7.100","4.500","2.300",NULL,NULL,NULL,"2026-04-10 09:11:47","2026-04-10 09:10:46","4.985","Alarm","4","J20260411070002B10E320","2026-04-11 07:15:20.786773+00","Calpan","Building 12","Level 3","Step 34","","","","","","","B10E320","DSM"," Pump NDE"
"357cb53902d8bf32faf57ec6cdee94aa","Calpan/Building 12/Level 3/Step 34",NULL,"100-12-34-137-01","6b60b0aa-ef09-4630-b0c3-9a82f9488b6f",NULL,"Shaft1",NULL,"7SH-DE",NULL,"7-SH-Ax",NULL,"BandEnergyFromSpectrum","MF RMS Accel","g","AlarmTypeHigh","2.000","1.000","0.500",NULL,NULL,NULL,"2026-04-10 09:16:58","2026-04-10 09:16:58","0.101","Ok","2","J20260411070002B10E322","2026-04-11 07:16:18.069423+00","Calpan","Building 12","Level 3","Step 34","","","","","","","B10E322","DSM",NULL
"358d8ccd23749d21d893f270bb803ddd","SOT & WWTP/Building 46/Level 1 South Int",NULL,"2204674-12700","5a52a7bb-3ac4-4087-b2ae-b50b8ac5d619",NULL,"Pump1",NULL,"4PP-NDE",NULL,"4-PP-RH",NULL,"BandEnergyFromSpectrum","HF RMS Accel","g","AlarmTypeHigh","6.000","3.000","1.500",NULL,NULL,NULL,"2026-04-10 07:56:59","2026-04-10 07:56:59","0.173","Ok","2","J20260411070002B10E551","2026-04-11 07:16:18.755097+00","SOT & WWTP","Building 46","Level 1 South Int","","","","","","","","B10E551","DSM"," Pump NDE"
"360a1b2a2870ebb7bd743e780d4c2db2","SOT & WWTP/Building 46/Level 1 south Ext",NULL,"2204673-64200","1183b785-83bc-4239-9fd1-4c4e5ad0d5f0",NULL,"ElectricMotor1",NULL,"1MT-NDE",NULL,"1-MT-RV",NULL,"BandEnergyFromSpectrum","LF RMS Accel","g","AlarmTypeHigh","0.800","0.400","0.200",NULL,NULL,NULL,"2026-04-10 07:43:24","2026-04-10 07:43:24","0.035","Ok","2","J20260411070002B10E958","2026-04-11 07:15:31.367013+00","SOT & WWTP","Building 46","Level 1 south Ext","","","","","","","","B10E958","DSM"," Motor NDE"
"817b5719823f9db5d50ddb20427d61db","SOT & WWTP/Building 38/Ground Level",NULL,"4003881-06100","164cfd2d-d063-4589-97cc-a51a08ac9d58",NULL,"DrivenGeneric1",NULL,"3 GB I/P DE",NULL,"3-GB-RV",NULL,"BandEnergyFromSpectrum","HF RMS Accel","g","AlarmTypeHigh","6.000","3.000","1.500",NULL,NULL,NULL,"2026-04-20 10:44:51","2026-04-20 10:44:51","2.615","PreAlarm","3","J20260421070000B10E20","2026-04-21 07:15:18.421701+00","SOT & WWTP","Building 38","Ground Level","","","","","","","","B10E20","DSM"," Gearbox DE"
"d32cabe8c3885082db5aba7d053b1af5","SOT & WWTP/Building 38/Ground Level",NULL,"4003881-06100","164cfd2d-d063-4589-97cc-a51a08ac9d58",NULL,"Pump1",NULL,"7PP-DE",NULL,"7-PP-RH",NULL,"BandEnergyFromSpectrum","MF RMS Accel","g","AlarmTypeHigh","2.000","1.000","0.500",NULL,NULL,NULL,"2026-04-20 10:44:51","2026-04-20 10:44:51","1.491","Alarm","4","J20260421070000B10E20","2026-04-21 07:15:18.421701+00","SOT & WWTP","Building 38","Ground Level","","","","","","","","B10E20","DSM"," Pump DE"
"44b2487634fa3d88245b27e06151cec5","SOT & WWTP/Building 38/Ground Level",NULL,"4003881-06100","164cfd2d-d063-4589-97cc-a51a08ac9d58",NULL,"DrivenGeneric1",NULL,"5GB O/P DE",NULL,"5-GB-RV",NULL,"PeakValueFromSpectrum","3X Vel","mm/s","AlarmTypeHigh","3.300","2.150","1.000",NULL,NULL,NULL,"2026-04-20 10:44:51","2026-04-20 10:44:51","0.010","Ok","2","J20260421070000B10E20","2026-04-21 07:15:18.421701+00","SOT & WWTP","Building 38","Ground Level","","","","","","","","B10E20","DSM"," Gearbox DE"
"a26d3b0851542cfc3c1b77f53d1a24b3","SOT & WWTP/Building 38/Ground Level",NULL,"4003881-06100","164cfd2d-d063-4589-97cc-a51a08ac9d58",NULL,"DrivenGeneric1",NULL,"6GB O/P NDE",NULL,"6-GB-RH",NULL,"BroadBand","Envelope Energy","g",NULL,NULL,NULL,NULL,NULL,NULL,NULL,"2026-04-20 10:44:51","2026-04-20 10:40:29","0.613","Unknown","1","J20260421070000B10E20","2026-04-21 07:15:18.421701+00","SOT & WWTP","Building 38","Ground Level","","","","","","","","B10E20","DSM"," Gearbox NDE"
"3624ade7c4b7ae2ba4af9b70d285d73e","SOT & WWTP/Building 46/Level 1 south Ext",NULL,"2204673-20200","971c1886-fae1-4e46-bdc2-fedaf770dc42",NULL,"Pump1",NULL,"3PP-DE",NULL,"3-PP-RH",NULL,"BandEnergyFromSpectrum","MF Velocity (~3-8X)","mm/s","AlarmTypeHigh","5.000","3.000","1.000",NULL,NULL,NULL,"2026-04-10 08:11:00","2026-04-10 08:11:00","0.377","Ok","2","J20260411070002B10E986","2026-04-11 07:16:18.775238+00","SOT & WWTP","Building 46","Level 1 south Ext","","","","","","","","B10E986","DSM"," Pump DE"
"3651a6ee8cd02575ae2d218bd4a450f6","SOT & WWTP/Building 32/Ground Level",NULL,"4003245-01030","43aad99e-1dbc-4d74-b061-e10b847dea3e",NULL,"ElectricMotor1",NULL,"1MT-NDE",NULL,"1-MT-RH",NULL,"BroadBand","Envelope Energy","g",NULL,NULL,NULL,NULL,NULL,NULL,NULL,"2026-04-10 09:59:58","2026-04-10 09:58:19","0.393","Unknown","1","J20260411070002B10E42","2026-04-11 07:15:44.831133+00","SOT & WWTP","Building 32","Ground Level","","","","","","","","B10E42","DSM"," Motor NDE"
"365480537627d16b024e80b53b60d423","Calpan/Building 12/Level 3/Step 34",NULL,"100-12-34-599-01","ed08d57e-d030-4584-ba5c-b8e95227ae28",NULL,"ElectricMotor1",NULL,"1MT-NDE",NULL,"1-MT-RV",NULL,"BandEnergyFromSpectrum","LF RMS Accel","g","AlarmTypeHigh","0.800","0.400","0.200",NULL,NULL,NULL,"2026-04-10 08:44:35","2026-04-10 08:44:35","0.019","Ok","2","J20260411070002B10E305","2026-04-11 07:15:28.836543+00","Calpan","Building 12","Level 3","Step 34","","","","","","","B10E305","DSM"," Motor NDE"
"366104ae1ffdd989bc123050b9806dda","SOT & WWTP/Building 46/Level 1 South Int",NULL,"2204674-12200","920f4ad8-e17b-4e95-bb07-fe8ccfbdeb6a",NULL,"ElectricMotor1",NULL,"1MT-NDE",NULL,"1-MT-Ax",NULL,"BandEnergyFromSpectrum","HF RMS Accel","g","AlarmTypeHigh","6.000","3.000","1.500",NULL,NULL,NULL,"2026-04-10 07:59:41","2026-04-10 07:59:41","0.008","Ok","2","J20260411070002B10E550","2026-04-11 07:15:15.907019+00","SOT & WWTP","Building 46","Level 1 South Int","","","","","","","","B10E550","DSM"," Motor NDE"
"1ff4d4657ce97eafb3e15be4db8ea23c","Area 7  Chemical Storage/Effluent Outside Pumps",NULL,"M714B TRADE EFFLUENT PUMPING TANK AGITATOR B","281a89db-fe26-41dc-9437-de62d0776040",NULL,"DrivenGeneric1",NULL,"4Gbx OP",NULL,"4-Gbx-RV",NULL,"BandEnergyFromSpectrum","MF Velocity (~3-8X)","mm/s","AlarmTypeHigh","3.000","1.000","0.500",NULL,NULL,NULL,"2024-02-15 14:07:38","2024-02-15 14:07:38","0.231","Ok","2","J20260202231500B4E143","2026-02-03 04:01:30.383463+00","Area 7  Chemical Storage","Effluent Outside Pumps","","","","","","","","","B4E143","Norit Glasgow",NULL
"1ff74ae8963411ace5d8fb3667c48665","Area 2 Sawdust Acid Mixing/Main Building Ground Floor",NULL,"D201C Rotary Kiln","a326cf06-f920-4053-9209-af1656e61930",NULL,"DrivenGeneric1",NULL,"4Gbx OP",NULL,"4-Gbx-RH",NULL,"BandEnergyFromSpectrum","HF RMS Accel","g","AlarmTypeHigh","6.000","3.000","1.500",NULL,NULL,NULL,"2024-05-22 13:06:47","2024-05-22 13:06:47","0.554","Ok","2","J20260202231500B4E98","2026-02-03 04:01:21.739656+00","Area 2 Sawdust Acid Mixing","Main Building Ground Floor","","","","","","","","","B4E98","Norit Glasgow",NULL
"1ff793fbd0a6c414a4343354b012fcf8","Area 2 Sawdust Acid Mixing/Main Building Middle",NULL,"L206C Retention Bunker","c9bacd3b-4373-4333-a6f9-3a93084b10d6",NULL,"GearBox1",NULL,"4GB-InNDE",NULL,"4-GB-RV",NULL,"VibrationVelocity","OV Vel","mm/s","AlarmTypeHigh","7.100","4.500","2.300",NULL,NULL,NULL,"2024-05-22 13:24:03","2024-05-22 13:23:02","1.712","Ok","2","J20260202231500B4E87","2026-02-03 04:01:00.161422+00","Area 2 Sawdust Acid Mixing","Main Building Middle","","","","","","","","","B4E87","Norit Glasgow"," Gearbox InNDE"
"1ffb37c4dba07417258794d31e2d8b8b","Area 5 Carbon Milling/Carbon Mill",NULL,"A504 CARBON MILL","1093b0a7-8dd6-4b70-9562-53e8069da8ed",NULL,"ElectricMotor1",NULL,"1MT-NDE",NULL,"1-MT-RH",NULL,"BandEnergyFromSpectrum","LF RMS Accel","g","AlarmTypeHigh","0.800","0.400","0.200",NULL,NULL,NULL,"2024-03-21 09:56:51","2024-03-21 09:56:51","0.148","Ok","2","J20260202231500B4E158","2026-02-03 04:00:49.420323+00","Area 5 Carbon Milling","Carbon Mill","","","","","","","","","B4E158","Norit Glasgow"," Motor NDE"
"1ffbf214c1ed86510ee47848cc3902bc","Area 2 Sawdust Acid Mixing/Main Building Middle",NULL,"L206A Retention Bunker","d63260ed-4913-4b9f-bdc0-c24b304aaa0e",NULL,"GearBox1",NULL,"4GB-InNDE",NULL,"4-GB-RV",NULL,"VibrationVelocity","OV Vel","mm/s","AlarmTypeHigh","7.100","4.500","2.300",NULL,NULL,NULL,"2025-01-15 13:49:24","2025-01-15 13:47:31","1.006","Ok","2","J20260202231500B4E83","2026-02-03 04:00:32.275394+00","Area 2 Sawdust Acid Mixing","Main Building Middle","","","","","","","","","B4E83","Norit Glasgow"," Gearbox InNDE"
"1ffc4637cd1fbfbd0c76ec1c6908a7bb","Area 5 Carbon Milling/Packing",NULL,"K511 VACUUM CLEANING EXHAUSTER","1bef1163-41d3-4ec0-a4db-f69fb0850d30",NULL,"Pump1",NULL,"4PP-NDE",NULL,"4-PP-RH",NULL,"VibrationVelocity","OV Vel","mm/s","AlarmTypeHigh","7.100","4.500","2.300",NULL,NULL,NULL,"2025-01-15 11:15:27","2025-01-15 11:15:25","3.048","PreAlarm","3","J20260202231500B4E172","2026-02-03 04:00:56.985442+00","Area 5 Carbon Milling","Packing","","","","","","","","","B4E172","Norit Glasgow"," Pump NDE"
"1ffdb0a958f63813f44ed26ca6cfe99c","Area 7  Chemical Storage/Effluent Outside Pumps",NULL,"P714B TRADE EFFLUENT TRANSFER PUMP B","f1bc2df3-4ff2-4a22-a654-795e1694bf7f",NULL,"ElectricMotor1",NULL,"2MT-DE",NULL,"2-MT-RH",NULL,"PeakValueFromSpectrum","2X Vel","mm/s","AlarmTypeHigh","2.800","1.800","0.900",NULL,NULL,NULL,"2022-11-02 15:11:08","2022-11-02 15:11:08","0.319","Ok","2","J20260202231500B4E145","2026-02-03 04:00:27.335358+00","Area 7  Chemical Storage","Effluent Outside Pumps","","","","","","","","","B4E145","Norit Glasgow"," Motor DE"
"1ffdf3df2e32281eaa677c40f0af7fa6","Area 2 Sawdust Acid Mixing/Main Building Middle",NULL,"L205B Acid Sawdust Mixing Conv","5842287b-654c-457e-a481-ef0e060a2bd2",NULL,"ElectricMotor1",NULL,"2MT-DE",NULL,"2-MT-RV",NULL,"BroadBand","Envelope Energy","g",NULL,NULL,NULL,NULL,NULL,NULL,NULL,"2025-06-11 10:36:21","2025-06-11 10:35:05","0.009","Unknown","1","J20260202231500B4E89","2026-02-03 04:00:10.241589+00","Area 2 Sawdust Acid Mixing","Main Building Middle","","","","","","","","","B4E89","Norit Glasgow"," Motor DE"
"1ffe41d6f43b9842c5acecf21752287d","Area 3 Acid Digestion/Wash Downstairs",NULL,"P304 1ST WASH TANK PUMP","d55a2654-edf5-4023-8756-8afd5acff5a6",NULL,"ElectricMotor1",NULL,"1MT-NDE",NULL,"1-MT-Ax",NULL,"BandEnergyFromSpectrum","MF Velocity (~3-8X)","mm/s","AlarmTypeHigh","5.000","3.000","1.000",NULL,NULL,NULL,"2024-02-15 09:27:08","2024-02-15 09:27:08","4.242","Alarm","4","J20260202231500B4E103","2026-02-03 04:00:12.762262+00","Area 3 Acid Digestion","Wash Downstairs","","","","","","","","","B4E103","Norit Glasgow"," Motor NDE"
"1fffceafb5970096a480326a5a7a6692","Area 4 Carbon Dryer/Main Building Drying",NULL,"K404 CYCLONE MAKEUP AIR FAN","bd49bd8e-ea36-43e7-a5fd-a98424eba58c",NULL,"Fan1",NULL,"3FN-DE",NULL,"3-FN-Ax",NULL,"VibrationVelocity","OV Vel","mm/s","AlarmTypeHigh","7.100","4.500","2.300",NULL,NULL,NULL,"2023-09-11 08:00:19","2023-09-11 07:59:57","4.654","Alarm","4","J20260202231500B4E117","2026-02-03 04:00:20.857307+00","Area 4 Carbon Dryer","Main Building Drying","","","","","","","","","B4E117","Norit Glasgow"," Fan DE"
"2001fb85f6e6c6d11707eb0ea08a7141","Area 2 Sawdust Acid Mixing/Main Building Ground Floor",NULL,"D201B Rotary Kiln","995e8a4e-6407-4a19-98aa-361665049bb8",NULL,"DrivenGeneric2",NULL,"10CDn",NULL,"10-CDn-RV",NULL,"Acceleration","OV Accel","g","AlarmTypeHigh","6.000","3.000","2.000",NULL,NULL,NULL,"2025-06-12 10:27:36","2025-06-12 10:25:38","0.051","Ok","2","J20260202231500B4E97","2026-02-03 04:00:53.896461+00","Area 2 Sawdust Acid Mixing","Main Building Ground Floor","","","","","","","","","B4E97","Norit Glasgow",NULL
"20038c4850b3be33bd901886576239ed","Area 8 Utilities & Bio Plant/Boiler Room",NULL,"K803 MAIN AIR COMPRESSOR","e2b58447-0dba-48b2-83b8-5131008a0c6a",NULL,"ElectricMotor1",NULL,"2MT-DE",NULL,"2-MT-RV",NULL,"BandEnergyFromSpectrum","MF Velocity (~3-8X)","mm/s","AlarmTypeHigh","5.000","3.000","1.000",NULL,NULL,NULL,"2023-09-11 08:24:03","2023-09-11 08:24:03","1.888","PreAlarm","3","J20260202231500B4E45","2026-02-03 04:00:36.439876+00","Area 8 Utilities & Bio Plant","Boiler Room","","","","","","","","","B4E45","Norit Glasgow"," Motor DE"
"367851a994679c07686488a2669643e4","Calpan/Building 12/Level 3/Step 34",NULL,"100-12-34-052-01","4e95bfc9-5c27-4ef2-8f21-e1680ea3525a",NULL,"Pump1",NULL,"4PP-NDE",NULL,"4-PP-RV",NULL,"BandEnergyFromSpectrum","MF RMS Accel","g","AlarmTypeHigh","2.000","1.000","0.500",NULL,NULL,NULL,"2026-04-10 09:35:03","2026-04-10 09:35:03","0.075","Ok","2","J20260411070002B10E329","2026-04-11 07:16:20.032019+00","Calpan","Building 12","Level 3","Step 34","","","","","","","B10E329","DSM"," Pump NDE"
"368dba8fb6656261a876ef829afd7a7c","SOT & WWTP/Building 46/Level 1 south Ext",NULL,"2204674-80200","4a5f1f07-5d69-47ff-ad0c-51f038ca26f5",NULL,"Pump1",NULL,"4PP-NDE",NULL,"4-PP-RH",NULL,"BandEnergyFromSpectrum","HF RMS Accel","g","AlarmTypeHigh","6.000","3.000","1.500",NULL,NULL,NULL,"2026-04-10 08:33:22","2026-04-10 08:33:22","0.361","Ok","2","J20260411070002B10E540","2026-04-11 07:15:30.329764+00","SOT & WWTP","Building 46","Level 1 south Ext","","","","","","","","B10E540","DSM"," Pump NDE"
"3697502d7347b09d0795a732caa911e6","SOT & WWTP/Building 32/Ground Level",NULL,"4003245-01070","f0256864-92af-49d6-b5bb-fa91f04642f9",NULL,"ElectricMotor1",NULL,"1MT-NDE",NULL,"1-MT-RH",NULL,"Acceleration","OV Accel","g","AlarmTypeHigh","6.000","3.000","2.000",NULL,NULL,NULL,"2026-04-10 09:52:07","2026-04-10 09:50:28","1.035","Ok","2","J20260411070002B10E46","2026-04-11 07:15:22.091584+00","SOT & WWTP","Building 32","Ground Level","","","","","","","","B10E46","DSM"," Motor NDE"
"37015dd7ba203ae7da8434f52c8dd0a5","SOT & WWTP/Building 46/Level 1 south Ext",NULL,"2204674-82200","03730490-e586-4775-9f7d-24435dd06cae",NULL,"Pump1",NULL,"4PP-NDE",NULL,"4-PP-RV",NULL,"BandEnergyFromSpectrum","MF RMS Accel","g","AlarmTypeHigh","2.000","1.000","0.500",NULL,NULL,NULL,"2026-04-10 08:36:06","2026-04-10 08:36:06","0.338","Ok","2","J20260411070002B10E542","2026-04-11 07:15:17.341809+00","SOT & WWTP","Building 46","Level 1 south Ext","","","","","","","","B10E542","DSM"," Pump NDE"
"3716774ce22fa521f7af0bac75cca4f2","SOT & WWTP/Building 46/Level 1 South Int",NULL,"2204674-12200","920f4ad8-e17b-4e95-bb07-fe8ccfbdeb6a",NULL,"ElectricMotor1",NULL,"1MT-NDE",NULL,"1-MT-Ax",NULL,"BandEnergyFromSpectrum","MF Velocity (~3-8X)","mm/s","AlarmTypeHigh","5.000","3.000","1.000",NULL,NULL,NULL,"2026-04-10 07:59:41","2026-04-10 07:59:41","2.416","PreAlarm","3","J20260411070002B10E550","2026-04-11 07:15:15.907019+00","SOT & WWTP","Building 46","Level 1 South Int","","","","","","","","B10E550","DSM"," Motor NDE"
"37683791f63cfa9b4c69045414dec5c2","SOT & WWTP/Building 32/Ground Level",NULL,"4003245-01060 No.6","6b94553b-624d-41d6-ae32-d3ba7ca02dce",NULL,"Pump1",NULL,"4PP-NDE",NULL,"4-PP-RV",NULL,"VibrationVelocity","OV Vel","mm/s","AlarmTypeHigh","7.100","4.500","2.300",NULL,NULL,NULL,"2026-04-10 09:54:40","2026-04-10 09:54:32","6.215","Alarm","4","J20260411070002B10E45","2026-04-11 07:15:28.823432+00","SOT & WWTP","Building 32","Ground Level","","","","","","","","B10E45","DSM"," Pump NDE"
"37a64fa06782262f541aa2b8da32c199","Calpan/Building 12/Level 3/Step 34",NULL,"100-12-34-162-01","1d898064-4876-4e5b-885f-a3ac174fa02b",NULL,"ElectricMotor1",NULL,"2MT-DE",NULL,"2-MT-Ax",NULL,"Acceleration","Pk-Pk Accel","g","AlarmTypeHigh","9.000","6.000","3.000",NULL,NULL,NULL,"2026-04-10 09:18:57","2026-04-10 09:18:06","1.506","Ok","2","J20260411070002B10E324","2026-04-11 07:15:20.786083+00","Calpan","Building 12","Level 3","Step 34","","","","","","","B10E324","DSM"," Motor DE"
"37c1c6446e5ccdd15a5bed7aeba2cdd8","SOT & WWTP/Building 46/Level 1 south Ext",NULL,"2204674-86700","df615b42-35ae-4d9e-8440-ec02f423d24f",NULL,"ElectricMotor1",NULL,"1MT-NDE",NULL,"1-MT-RV",NULL,"BandEnergyFromSpectrum","MF Velocity (~3-8X)","mm/s","AlarmTypeHigh","5.000","3.000","1.000",NULL,NULL,NULL,"2026-04-10 08:24:26","2026-04-10 08:24:26","4.532","Alarm","4","J20260411070002B10E886","2026-04-11 07:15:18.11167+00","SOT & WWTP","Building 46","Level 1 south Ext","","","","","","","","B10E886","DSM"," Motor NDE"
"37d681e61a4fae685f22b8a0af829f53","Calpan/Building 12/Level 3/Step 34",NULL,"100-12-34-157-01","5d071c42-70ae-41ae-ab75-66543fc85f14",NULL,"ElectricMotor1",NULL,"1MT-NDE",NULL,"1-MT-RH",NULL,"Acceleration","Pk-Pk Accel","g","AlarmTypeHigh","9.000","6.000","3.000",NULL,NULL,NULL,"2026-04-10 09:02:29","2026-04-10 08:59:45","1.544","Ok","2","J20260411070002B10E319","2026-04-11 07:15:15.91658+00","Calpan","Building 12","Level 3","Step 34","","","","","","","B10E319","DSM"," Motor NDE"
"37db1eb1ec5ad891d49f76422d5bb315","SOT & WWTP/Building 46/Level 1 south Ext",NULL,"2204674-91700","c5661652-b006-41ac-9678-a9f8cee30d2e",NULL,"ElectricMotor1",NULL,"2MT-DE",NULL,"2-MT-RH",NULL,"BandEnergyFromSpectrum","MF RMS Accel","g","AlarmTypeHigh","2.000","1.000","0.500",NULL,NULL,NULL,"2026-04-10 08:28:29","2026-04-10 08:28:29","0.638","PreAlarm","3","J20260411070002B10E549","2026-04-11 07:15:44.625996+00","SOT & WWTP","Building 46","Level 1 south Ext","","","","","","","","B10E549","DSM"," Motor DE"
"38344751f5c1c052c2e898b5e1eec824","Calpan/Building 12/Level 3/Step 34",NULL,"100-12-34-157-01","5d071c42-70ae-41ae-ab75-66543fc85f14",NULL,"ElectricMotor1",NULL,"1MT-NDE",NULL,"1-MT-RH",NULL,"VibrationVelocity","OV Vel","mm/s","AlarmTypeHigh","7.100","4.500","2.300",NULL,NULL,NULL,"2026-04-10 09:02:29","2026-04-10 08:59:42","3.503","PreAlarm","3","J20260411070002B10E319","2026-04-11 07:15:15.91658+00","Calpan","Building 12","Level 3","Step 34","","","","","","","B10E319","DSM"," Motor NDE"
"383725e2b59fe06889c00b7e994feb4f","Calpan/Building 12/Level 3/Step 34",NULL,"100-12-34-042-01","baa957f8-47b1-4422-b93b-9c0e9c3cf8a3",NULL,"Pump1",NULL,"3PP-DE",NULL,"3-PP-RV",NULL,"BandEnergyFromSpectrum","LF RMS Accel","g","AlarmTypeHigh","0.800","0.400","0.200",NULL,NULL,NULL,"2026-04-10 09:31:52","2026-04-10 09:31:52","0.031","Ok","2","J20260411070002B10E328","2026-04-11 07:15:17.347474+00","Calpan","Building 12","Level 3","Step 34","","","","","","","B10E328","DSM"," Pump DE"
"389315a014087a0117a9ac3fe8c6a5f6","SOT & WWTP/Building 46/Level 1 South Int",NULL,"2204674-12700","5a52a7bb-3ac4-4087-b2ae-b50b8ac5d619",NULL,"Pump1",NULL,"3PP-DE",NULL,"3-PP-RH",NULL,"BandEnergyFromSpectrum","HF RMS Accel","g","AlarmTypeHigh","6.000","3.000","1.500",NULL,NULL,NULL,"2026-04-10 07:56:59","2026-04-10 07:56:59","0.167","Ok","2","J20260411070002B10E551","2026-04-11 07:16:18.755097+00","SOT & WWTP","Building 46","Level 1 South Int","","","","","","","","B10E551","DSM"," Pump DE"
"38bc362e0d0bc6f10b16412312841f28","Calpan/Building 12/Level 3/Step 34",NULL,"100-12-34-032-01","dfd2a084-a9f2-4a9f-bd33-34b210d47d0e",NULL,"ElectricMotor1",NULL,"2MT-DE",NULL,"2-MT-RH",NULL,"BandEnergyFromSpectrum","HF RMS Accel","g","AlarmTypeHigh","6.000","3.000","1.500",NULL,NULL,NULL,"2026-04-10 09:29:45","2026-04-10 09:29:45","0.027","Ok","2","J20260411070002B10E327","2026-04-11 07:15:47.921969+00","Calpan","Building 12","Level 3","Step 34","","","","","","","B10E327","DSM"," Motor DE"
"38e9c10b3ddf8223accec90fd3db791e","Calpan/Building 12/Level 3/Step 34",NULL,"100-12-34-122-01","2f0c1896-955a-4c2b-b25f-c632bd837c5d",NULL,"ElectricMotor1",NULL,"2MT-DE",NULL,"2-MT-RV",NULL,"BroadBand","Envelope Energy","g",NULL,NULL,NULL,NULL,NULL,NULL,NULL,"2026-04-10 09:11:47","2026-04-10 09:08:45","0.030","Unknown","1","J20260411070002B10E320","2026-04-11 07:15:20.786773+00","Calpan","Building 12","Level 3","Step 34","","","","","","","B10E320","DSM"," Motor DE"
"38e9d5a283d9535a1842dbd1bb9b70e2","SOT & WWTP/Building 46/Level 1 south Ext",NULL,"2204674-85200","44b72af3-d034-498f-8d9f-e5fe074eebbd",NULL,"ElectricMotor1",NULL,"2MT-DE",NULL,"2-MT-RH",NULL,"VibrationVelocity","OV Vel","mm/s","AlarmTypeHigh","7.100","4.500","2.300",NULL,NULL,NULL,"2026-04-10 08:17:06","2026-04-10 08:16:05","0.357","Ok","2","J20260411070002B10E546","2026-04-11 07:15:28.820148+00","SOT & WWTP","Building 46","Level 1 south Ext","","","","","","","","B10E546","DSM"," Motor DE"
"3909d0a8974d9306912566f2908db4f5","SOT & WWTP/Building 46/Level 1 south Ext",NULL,"2204674-80200","4a5f1f07-5d69-47ff-ad0c-51f038ca26f5",NULL,"ElectricMotor1",NULL,"2MT-DE",NULL,"2-MT-RV",NULL,"BandEnergyFromSpectrum","MF RMS Accel","g","AlarmTypeHigh","2.000","1.000","0.500",NULL,NULL,NULL,"2026-04-10 08:33:22","2026-04-10 08:33:22","0.289","Ok","2","J20260411070002B10E540","2026-04-11 07:15:30.329764+00","SOT & WWTP","Building 46","Level 1 south Ext","","","","","","","","B10E540","DSM"," Motor DE"
"391bbd41a7c4a44a6de22b61305268fe","SOT & WWTP/Building 46/Level 1 south Ext",NULL,"2204673-64200","1183b785-83bc-4239-9fd1-4c4e5ad0d5f0",NULL,"Pump1",NULL,"4PP-NDE",NULL,"4-PP-Ax",NULL,"BandEnergyFromSpectrum","MF RMS Accel","g","AlarmTypeHigh","2.000","1.000","0.500",NULL,NULL,NULL,"2026-04-10 07:43:24","2026-04-10 07:43:24","0.198","Ok","2","J20260411070002B10E958","2026-04-11 07:15:31.367013+00","SOT & WWTP","Building 46","Level 1 south Ext","","","","","","","","B10E958","DSM"," Pump NDE"
"3943c37545dcbae9d980ac0c4c5e5736","Calpan/Building 12/Level 3/Step 34",NULL,"100-12-34-772-01","6b5b6534-5ed7-4bf6-959a-47e0f9d1edb4",NULL,"ElectricMotor1",NULL,"1MT-NDE",NULL,"1-MT-RV",NULL,"BandEnergyFromSpectrum","MF RMS Accel","g","AlarmTypeHigh","2.000","1.000","0.500",NULL,NULL,NULL,"2026-04-10 09:25:26","2026-04-10 09:25:26","0.032","Ok","2","J20260411070002B10E326","2026-04-11 07:15:18.100414+00","Calpan","Building 12","Level 3","Step 34","","","","","","","B10E326","DSM"," Motor NDE"
"39bf58f4adeed08bcb16244966a38fe7","SOT & WWTP/Building 46/Level 1 south Ext",NULL,"2204674-82200","03730490-e586-4775-9f7d-24435dd06cae",NULL,"Pump1",NULL,"3PP-DE",NULL,"3-PP-Ax",NULL,"BandEnergyFromSpectrum","HF RMS Accel","g","AlarmTypeHigh","6.000","3.000","1.500",NULL,NULL,NULL,"2026-04-10 08:36:06","2026-04-10 08:36:06","0.054","Ok","2","J20260411070002B10E542","2026-04-11 07:15:17.341809+00","SOT & WWTP","Building 46","Level 1 south Ext","","","","","","","","B10E542","DSM"," Pump DE"
"39c97830bbbdad27258605cebfe0b182","Calpan/Building 12/Level 3/Step 34",NULL,"100-12-34-182-01","cb82f5f4-a90f-417b-9120-982c9cc359e8",NULL,"ElectricMotor1",NULL,"2MT-DE",NULL,"2-MT-RH",NULL,"VibrationVelocity","OV Vel","mm/s","AlarmTypeHigh","7.100","4.500","2.300",NULL,NULL,NULL,"2026-04-10 08:58:11","2026-04-10 08:49:06","1.442","Ok","2","J20260411070002B10E775","2026-04-11 07:15:47.606089+00","Calpan","Building 12","Level 3","Step 34","","","","","","","B10E775","DSM"," Motor DE"
"3a61dd41fdc116619bae6312fb295b11","SOT & WWTP/Building 46/Level 1 south Ext",NULL,"2204673-65200","8f669413-f706-47d4-92c1-000af5b89657",NULL,"Pump1",NULL,"3PP-DE",NULL,"3-PP-Ax",NULL,"BandEnergyFromSpectrum","MF Velocity (~3-8X)","mm/s","AlarmTypeHigh","5.000","3.000","1.000",NULL,NULL,NULL,"2026-04-10 07:45:56","2026-04-10 07:45:56","0.339","Ok","2","J20260411070002B10E960","2026-04-11 07:15:31.403974+00","SOT & WWTP","Building 46","Level 1 south Ext","","","","","","","","B10E960","DSM"," Pump DE"
"3a6828e77f759d1cac605d8f60b56244","SOT & WWTP/Building 46/Level 1 south Ext",NULL,"2204674-86700","df615b42-35ae-4d9e-8440-ec02f423d24f",NULL,"Pump1",NULL,"3PP-DE",NULL,"3-PP-Ax",NULL,"Acceleration","OV Accel","g","AlarmTypeHigh","6.000","3.000","2.000",NULL,NULL,NULL,"2026-04-10 08:24:26","2026-04-10 08:19:31","1.126","Ok","2","J20260411070002B10E886","2026-04-11 07:15:18.11167+00","SOT & WWTP","Building 46","Level 1 south Ext","","","","","","","","B10E886","DSM"," Pump DE"
"3a6a57949f3acac4132c04d8393b0fed","Calpan/Building 12/Level 3/Step 34",NULL,"100-12-34-042-01","baa957f8-47b1-4422-b93b-9c0e9c3cf8a3",NULL,"ElectricMotor1",NULL,"1MT-NDE",NULL,"1-MT-Ax",NULL,"Acceleration","OV Accel","g","AlarmTypeHigh","6.000","3.000","2.000",NULL,NULL,NULL,"2026-04-10 09:31:52","2026-04-10 09:30:22","0.184","Ok","2","J20260411070002B10E328","2026-04-11 07:15:17.347474+00","Calpan","Building 12","Level 3","Step 34","","","","","","","B10E328","DSM"," Motor NDE"
"3ac0e8e858e5cfbecf98f0dde4d39804","Calpan/Building 12/Level 3/Step 34",NULL,"100-12-34-137-01","6b60b0aa-ef09-4630-b0c3-9a82f9488b6f",NULL,"GearBox1",NULL,"3GB-InDE",NULL,"3-GB-Ax",NULL,"VibrationVelocity","OV Vel","mm/s","AlarmTypeHigh","7.100","4.500","2.300",NULL,NULL,NULL,"2026-04-10 09:16:58","2026-04-10 09:14:10","0.620","Ok","2","J20260411070002B10E322","2026-04-11 07:16:18.069423+00","Calpan","Building 12","Level 3","Step 34","","","","","","","B10E322","DSM"," Gearbox InDE"
"3b048fc994c038ae3ace41a54b20f805","SOT & WWTP/Building 46/Level 1 South Int",NULL,"2204674-18200","ddec0803-5671-4d5f-bcd2-6ad1ec7ba006",NULL,"Pump1",NULL,"4PP-NDE",NULL,"4-PP-RH",NULL,"Acceleration","OV Accel","g","AlarmTypeHigh","6.000","3.000","2.000",NULL,NULL,NULL,"2026-04-10 07:53:51","2026-04-10 07:53:47","0.311","Ok","2","J20260411070002B10E552","2026-04-11 07:15:30.323513+00","SOT & WWTP","Building 46","Level 1 South Int","","","","","","","","B10E552","DSM"," Pump NDE"
"3b2d60b21f65ecc07dd6906860899454","Calpan/Building 12/Level 3/Step 34",NULL,"100-12-34-772-01","6b5b6534-5ed7-4bf6-959a-47e0f9d1edb4",NULL,"Pump1",NULL,"3PP-DE",NULL,"3-PP-RH",NULL,"BandEnergyFromSpectrum","LF RMS Accel","g","AlarmTypeHigh","0.800","0.400","0.200",NULL,NULL,NULL,"2026-04-10 09:25:26","2026-04-10 09:25:26","0.126","Ok","2","J20260411070002B10E326","2026-04-11 07:15:18.100414+00","Calpan","Building 12","Level 3","Step 34","","","","","","","B10E326","DSM"," Pump DE"
"3b2da629e3d31fdaefcb42eea884ca6f","Calpan/Building 12/Level 3/Step 34",NULL,"100-12-34-122-01","2f0c1896-955a-4c2b-b25f-c632bd837c5d",NULL,"ElectricMotor1",NULL,"2MT-DE",NULL,"2-MT-RV",NULL,"BandEnergyFromSpectrum","HF RMS Accel","g","AlarmTypeHigh","6.000","3.000","1.500",NULL,NULL,NULL,"2026-04-10 09:11:47","2026-04-10 09:11:47","0.065","Ok","2","J20260411070002B10E320","2026-04-11 07:15:20.786773+00","Calpan","Building 12","Level 3","Step 34","","","","","","","B10E320","DSM"," Motor DE"
"3b6a618a6d2df01d151fc236b4cddbc4","Calpan/Building 12/Level 3/Step 34",NULL,"100-12-34-137-01","6b60b0aa-ef09-4630-b0c3-9a82f9488b6f",NULL,"GearBox1",NULL,"4GB-InNDE",NULL,"4-GB-RH",NULL,"VibrationVelocity","OV Vel","mm/s","AlarmTypeHigh","7.100","4.500","2.300",NULL,NULL,NULL,"2026-04-10 09:16:58","2026-04-10 09:14:33","0.661","Ok","2","J20260411070002B10E322","2026-04-11 07:16:18.069423+00","Calpan","Building 12","Level 3","Step 34","","","","","","","B10E322","DSM"," Gearbox InNDE"
"3b7bea95bd09cd2b5c05959914a38b4d","Calpan/Building 12/Level 3/Step 34",NULL,"100-12-34-510-11","551c74fc-55de-40ed-aafc-1e0e6781fdfd",NULL,"GearBox1",NULL,"3GB-InDE",NULL,"3-GB-Ax",NULL,"BandEnergyFromSpectrum","HF RMS Accel","g","AlarmTypeHigh","6.000","3.000","1.500",NULL,NULL,NULL,"2026-04-10 08:39:42","2026-04-10 08:39:42","0.013","Ok","2","J20260411070002B10E302","2026-04-11 07:15:16.45472+00","Calpan","Building 12","Level 3","Step 34","","","","","","","B10E302","DSM"," Gearbox InDE"
"3bbedf2c3379be245843bd9945cfe444","Calpan/Building 12/Level 3/Step 34",NULL,"100-12-34-177-01","4418a4f0-5185-4ca9-8a85-a8ed7d6d8870",NULL,"Shaft1",NULL,"8SH-NDE",NULL,"8-SH-RV",NULL,"Acceleration","OV Accel","g","AlarmTypeHigh","6.000","3.000","2.000",NULL,NULL,NULL,"2026-04-10 09:27:57","2026-04-10 09:22:23","0.373","Ok","2","J20260411070002B10E325","2026-04-11 07:15:44.90977+00","Calpan","Building 12","Level 3","Step 34","","","","","","","B10E325","DSM"," Shaft NDE"
"3bcefd7614497a1a2a934350664dcf2b","SOT & WWTP/Building 32/Ground Level",NULL,"4003245-01030","43aad99e-1dbc-4d74-b061-e10b847dea3e",NULL,"ElectricMotor1",NULL,"1MT-NDE",NULL,"1-MT-Ax",NULL,"BandEnergyFromSpectrum","MF RMS Accel","g","AlarmTypeHigh","2.000","1.000","0.500",NULL,NULL,NULL,"2026-04-10 09:59:58","2026-04-10 09:59:58","0.456","Ok","2","J20260411070002B10E42","2026-04-11 07:15:44.831133+00","SOT & WWTP","Building 32","Ground Level","","","","","","","","B10E42","DSM"," Motor NDE"
"3bea68c069953c20898a19f26f3e082a","SOT & WWTP/Building 46/Level 1 south Ext",NULL,"2204673-65200","8f669413-f706-47d4-92c1-000af5b89657",NULL,"ElectricMotor1",NULL,"2MT-DE",NULL,"2-MT-RV",NULL,"Acceleration","OV Accel","g","AlarmTypeHigh","6.000","3.000","2.000",NULL,NULL,NULL,"2026-04-10 07:45:56","2026-04-10 07:44:42","0.252","Ok","2","J20260411070002B10E960","2026-04-11 07:15:31.403974+00","SOT & WWTP","Building 46","Level 1 south Ext","","","","","","","","B10E960","DSM"," Motor DE"
"3c22b16b61d8ebf3273a3f3c80183164","Calpan/Building 12/Level 3/Step 34",NULL,"100-12-34-599-01","ed08d57e-d030-4584-ba5c-b8e95227ae28",NULL,"ElectricMotor1",NULL,"2MT-DE",NULL,"2-MT-Ax",NULL,"Acceleration","Pk-Pk Accel","g","AlarmTypeHigh","9.000","6.000","3.000",NULL,NULL,NULL,"2026-04-10 08:44:35","2026-04-10 08:44:28","0.635","Ok","2","J20260411070002B10E305","2026-04-11 07:15:28.836543+00","Calpan","Building 12","Level 3","Step 34","","","","","","","B10E305","DSM"," Motor DE"
"3c78e87d246acca92cb22356e4711612","SOT & WWTP/Building 46/Level 1 south Ext",NULL,"2204674-85200","44b72af3-d034-498f-8d9f-e5fe074eebbd",NULL,"ElectricMotor1",NULL,"1MT-NDE",NULL,"1-MT-Ax",NULL,"BandEnergyFromSpectrum","MF RMS Accel","g","AlarmTypeHigh","2.000","1.000","0.500",NULL,NULL,NULL,"2026-04-10 08:17:06","2026-04-10 08:17:06","0.051","Ok","2","J20260411070002B10E546","2026-04-11 07:15:28.820148+00","SOT & WWTP","Building 46","Level 1 south Ext","","","","","","","","B10E546","DSM"," Motor NDE"
"3c90ab71c36f12839de95b537a4deef4","SOT & WWTP/Building 46/Level 1 south Ext",NULL,"2204674-80200","4a5f1f07-5d69-47ff-ad0c-51f038ca26f5",NULL,"Pump1",NULL,"3PP-DE",NULL,"3-PP-RH",NULL,"BandEnergyFromSpectrum","LF RMS Accel","g","AlarmTypeHigh","0.800","0.400","0.200",NULL,NULL,NULL,"2026-04-10 08:33:22","2026-04-10 08:33:22","0.015","Ok","2","J20260411070002B10E540","2026-04-11 07:15:30.329764+00","SOT & WWTP","Building 46","Level 1 south Ext","","","","","","","","B10E540","DSM"," Pump DE"
"3c9ec1f0f860a6842e3e5fa3515fe644","Calpan/Building 12/Level 3/Step 34",NULL,"100-12-34-052-01","4e95bfc9-5c27-4ef2-8f21-e1680ea3525a",NULL,"Pump1",NULL,"4PP-NDE",NULL,"4-PP-RH",NULL,"BandEnergyFromSpectrum","HF RMS Accel","g","AlarmTypeHigh","6.000","3.000","1.500",NULL,NULL,NULL,"2026-04-10 09:35:03","2026-04-10 09:35:03","0.019","Ok","2","J20260411070002B10E329","2026-04-11 07:16:20.032019+00","Calpan","Building 12","Level 3","Step 34","","","","","","","B10E329","DSM"," Pump NDE"
"3cddec22aec99e4f583f32d8cbad39db","SOT & WWTP/Building 28/Ground Level",NULL,"4002861-50500","4322796b-6387-4da8-b21c-a60391237dcb",NULL,"Pump1",NULL,"3PP-DE",NULL,"3-PP-RH",NULL,"BandEnergyFromSpectrum","MF Velocity (~3-8X)","mm/s","AlarmTypeHigh","5.000","3.000","1.000",NULL,NULL,NULL,"2026-04-10 09:45:06","2026-04-10 09:45:06","1.624","PreAlarm","3","J20260411070002B10E34","2026-04-11 07:15:46.515864+00","SOT & WWTP","Building 28","Ground Level","","","","","","","","B10E34","DSM"," Pump DE"
"3cee9fa3815bd17815a562233b83d9e7","Calpan/Building 12/Level 3/Step 34",NULL,"100-12-34-137-01","6b60b0aa-ef09-4630-b0c3-9a82f9488b6f",NULL,"ElectricMotor1",NULL,"2MT-DE",NULL,"2-MT-RV",NULL,"BandEnergyFromSpectrum","MF Velocity (~3-8X)","mm/s","AlarmTypeHigh","5.000","3.000","1.000",NULL,NULL,NULL,"2026-04-10 09:16:58","2026-04-10 09:16:58","0.539","Ok","2","J20260411070002B10E322","2026-04-11 07:16:18.069423+00","Calpan","Building 12","Level 3","Step 34","","","","","","","B10E322","DSM"," Motor DE"
"3cf6bafdd1fc134fb31ba9153e9e3b05","Calpan/Building 12/Level 3/Step 34",NULL,"100-12-34-599-01","ed08d57e-d030-4584-ba5c-b8e95227ae28",NULL,"ElectricMotor1",NULL,"1MT-NDE",NULL,"1-MT-RV",NULL,"BandEnergyFromSpectrum","MF Velocity (~3-8X)","mm/s","AlarmTypeHigh","5.000","3.000","1.000",NULL,NULL,NULL,"2026-04-10 08:44:35","2026-04-10 08:44:35","0.317","Ok","2","J20260411070002B10E305","2026-04-11 07:15:28.836543+00","Calpan","Building 12","Level 3","Step 34","","","","","","","B10E305","DSM"," Motor NDE"
"3d0f65cc75dfc278049e743a5f62a35c","SOT & WWTP/Building 46/Level 1 south Ext",NULL,"2204674-86700","df615b42-35ae-4d9e-8440-ec02f423d24f",NULL,"Pump1",NULL,"4PP-NDE",NULL,"4-PP-RH",NULL,"BandEnergyFromSpectrum","MF RMS Accel","g","AlarmTypeHigh","2.000","1.000","0.500",NULL,NULL,NULL,"2026-04-10 08:24:26","2026-04-10 08:24:26","0.472","Ok","2","J20260411070002B10E886","2026-04-11 07:15:18.11167+00","SOT & WWTP","Building 46","Level 1 south Ext","","","","","","","","B10E886","DSM"," Pump NDE"
"579b8ed7934eb75f8e834441cd9cf1eb","Compressors",NULL,"Fwd Service Air Comp","64cb30f5-067c-4825-94c2-b0536dfd950b",NULL,"LobulusCompressor1",NULL,"4LC-NDE",NULL,"4-LC-RH",NULL,"BroadBand","Envelope Energy","g",NULL,NULL,NULL,NULL,NULL,NULL,NULL,"2024-07-15 13:15:24","2024-07-15 13:12:52","0.489","Unknown","1","J20241001000000B8E59","2025-10-20 13:11:08.964566+00","Compressors","","","","","","","","","","B8E59","Helix Seawell",NULL
"3d19da6a5aef44e2dba29ab1aedff545","SOT & WWTP/Building 32/Ground Level",NULL,"4003245-01050","c6e1ea8c-b0aa-4ab3-b1ab-4a7c92913666",NULL,"ElectricMotor1",NULL,"2MT-DE",NULL,"2-MT-Ax",NULL,"VibrationVelocity","OV Vel","mm/s","AlarmTypeHigh","7.100","4.500","2.300",NULL,NULL,NULL,"2026-04-10 09:57:30","2026-04-10 09:56:11","9.051","Danger","5","J20260411070002B10E44","2026-04-11 07:16:20.260687+00","SOT & WWTP","Building 32","Ground Level","","","","","","","","B10E44","DSM"," Motor DE"
"3d1ad6b48c62c2b76aab6bc1b155225d","Calpan/Building 12/Level 3/Step 34",NULL,"100-12-34-052-01","4e95bfc9-5c27-4ef2-8f21-e1680ea3525a",NULL,"ElectricMotor1",NULL,"1MT-NDE",NULL,"1-MT-RH",NULL,"Acceleration","OV Accel","g","AlarmTypeHigh","6.000","3.000","2.000",NULL,NULL,NULL,"2026-04-10 09:35:03","2026-04-10 09:32:23","0.179","Ok","2","J20260411070002B10E329","2026-04-11 07:16:20.032019+00","Calpan","Building 12","Level 3","Step 34","","","","","","","B10E329","DSM"," Motor NDE"
"3d9232f83d21a449f608b81a24ed64dd","SOT & WWTP/Building 32/Ground Level",NULL,"4003245-01060 No.6","6b94553b-624d-41d6-ae32-d3ba7ca02dce",NULL,"Pump1",NULL,"3PP-DE",NULL,"3-PP-Ax",NULL,"BandEnergyFromSpectrum","HF RMS Accel","g","AlarmTypeHigh","6.000","3.000","1.500",NULL,NULL,NULL,"2026-04-10 09:54:40","2026-04-10 09:54:40","0.135","Ok","2","J20260411070002B10E45","2026-04-11 07:15:28.823432+00","SOT & WWTP","Building 32","Ground Level","","","","","","","","B10E45","DSM"," Pump DE"
"3dc87c538875f0ad20b4786b41628ca2","Calpan/Building 12/Level 3/Step 34",NULL,"100-12-34-157-01","5d071c42-70ae-41ae-ab75-66543fc85f14",NULL,"Pump1",NULL,"3PP-DE",NULL,"3-PP-RH",NULL,"BroadBand","Envelope Energy","g",NULL,NULL,NULL,NULL,NULL,NULL,NULL,"2026-04-10 09:02:29","2026-04-10 09:00:30","0.158","Unknown","1","J20260411070002B10E319","2026-04-11 07:15:15.91658+00","Calpan","Building 12","Level 3","Step 34","","","","","","","B10E319","DSM"," Pump DE"
"3df6ee9a0b3a8e0db0bed699c186d960","Calpan/Building 12/Level 3/Step 34",NULL,"100-12-34-510-21","61567fca-5d02-4da4-933d-d5959c33b06d",NULL,"ElectricMotor1",NULL,"2MT-DE",NULL,"2-MT-R=",NULL,"BroadBand","Envelope Energy","g",NULL,NULL,NULL,NULL,NULL,NULL,NULL,"2026-04-10 08:42:19","2026-04-10 08:41:46","0.121","Unknown","1","J20260411070002B10E303","2026-04-11 07:16:14.211894+00","Calpan","Building 12","Level 3","Step 34","","","","","","","B10E303","DSM",NULL
"3e5506837a8db7a92f75f5d8c4a02915","SOT & WWTP/Building 46/Level 1 south Ext",NULL,"2204674-86700","df615b42-35ae-4d9e-8440-ec02f423d24f",NULL,"ElectricMotor1",NULL,"2MT-DE",NULL,"2-MT-Ax",NULL,"BandEnergyFromSpectrum","MF Velocity (~3-8X)","mm/s","AlarmTypeHigh","5.000","3.000","1.000",NULL,NULL,NULL,"2026-04-10 08:24:26","2026-04-10 08:24:26","1.994","PreAlarm","3","J20260411070002B10E886","2026-04-11 07:15:18.11167+00","SOT & WWTP","Building 46","Level 1 south Ext","","","","","","","","B10E886","DSM"," Motor DE"
"3e592a17da387f3796641f5e318225d3","Calpan/Building 12/Level 3/Step 34",NULL,"100-12-34-137-01","6b60b0aa-ef09-4630-b0c3-9a82f9488b6f",NULL,"ElectricMotor1",NULL,"1MT-NDE",NULL,"1-MT-RH",NULL,"Acceleration","OV Accel","g","AlarmTypeHigh","6.000","3.000","2.000",NULL,NULL,NULL,"2026-04-10 09:16:58","2026-04-10 09:13:20","0.524","Ok","2","J20260411070002B10E322","2026-04-11 07:16:18.069423+00","Calpan","Building 12","Level 3","Step 34","","","","","","","B10E322","DSM"," Motor NDE"
"3ed5eb04e64b948f670357f18969d556","SOT & WWTP/Building 46/Level 1 south Ext",NULL,"2204674-85200","44b72af3-d034-498f-8d9f-e5fe074eebbd",NULL,"Pump1",NULL,"3PP-DE",NULL,"3-PP-RH",NULL,"BandEnergyFromSpectrum","MF RMS Accel","g","AlarmTypeHigh","2.000","1.000","0.500",NULL,NULL,NULL,"2026-04-10 08:17:06","2026-04-10 08:17:06","0.040","Ok","2","J20260411070002B10E546","2026-04-11 07:15:28.820148+00","SOT & WWTP","Building 46","Level 1 south Ext","","","","","","","","B10E546","DSM"," Pump DE"
"3f077199d98ed3f40dbfcccb39320f24","SOT & WWTP/Building 32/Ground Level",NULL,"4003245-01070","f0256864-92af-49d6-b5bb-fa91f04642f9",NULL,"Pump1",NULL,"4PP-NDE",NULL,"4-PP-RV",NULL,"Acceleration","Pk-Pk Accel","g","AlarmTypeHigh","9.000","6.000","3.000",NULL,NULL,NULL,"2026-04-10 09:52:07","2026-04-10 09:52:04","10.643","Danger","5","J20260411070002B10E46","2026-04-11 07:15:22.091584+00","SOT & WWTP","Building 32","Ground Level","","","","","","","","B10E46","DSM"," Pump NDE"
"3f4b1bdc640ed78490ea3e7b1bde5657","Calpan/Building 12/Level 3/Step 34",NULL,"100-12-34-452-01","95d59ee7-03e4-4a9e-b4c3-1eb0f2b52d18",NULL,"ElectricMotor1",NULL,"2MT-DE",NULL,"2-MT-Ax",NULL,"BroadBand","Envelope Energy","g",NULL,NULL,NULL,NULL,NULL,NULL,NULL,"2026-04-10 08:47:51","2026-04-10 08:46:44","0.002","Unknown","1","J20260411070002B10E313","2026-04-11 07:15:22.026089+00","Calpan","Building 12","Level 3","Step 34","","","","","","","B10E313","DSM"," Motor DE"
"3f7cbc9ae661e1c7e598db59332f3634","SOT & WWTP/Building 46/Level 1 South Int",NULL,"2204674-18700","d02dc63f-663b-465c-8e99-133e530a34f3",NULL,"ElectricMotor1",NULL,"1MT-NDE",NULL,"1-MT-Ax",NULL,"BandEnergyFromSpectrum","MF RMS Accel","g","AlarmTypeHigh","2.000","1.000","0.500",NULL,NULL,NULL,"2026-04-10 07:49:54","2026-04-10 07:49:54","0.208","Ok","2","J20260411070002B10E553","2026-04-11 07:15:31.376368+00","SOT & WWTP","Building 46","Level 1 South Int","","","","","","","","B10E553","DSM"," Motor NDE"
"3f83e003b7e68fcd4fc744e9cb7a5ef3","Calpan/Building 12/Level 3/Step 34",NULL,"100-12-34-177-01","4418a4f0-5185-4ca9-8a85-a8ed7d6d8870",NULL,"ElectricMotor1",NULL,"2MT-DE",NULL,"2-MT-Ax",NULL,"Acceleration","OV Accel","g","AlarmTypeHigh","6.000","3.000","2.000",NULL,NULL,NULL,"2026-04-10 09:27:57","2026-04-10 09:20:20","0.141","Ok","2","J20260411070002B10E325","2026-04-11 07:15:44.90977+00","Calpan","Building 12","Level 3","Step 34","","","","","","","B10E325","DSM"," Motor DE"
"3fb37c10bb6160e08be5da7c1889df20","SOT & WWTP/Building 46/Level 1 south Ext",NULL,"2204673-64200","1183b785-83bc-4239-9fd1-4c4e5ad0d5f0",NULL,"ElectricMotor1",NULL,"2MT-DE",NULL,"2-MT-RV",NULL,"BandEnergyFromSpectrum","HF RMS Accel","g","AlarmTypeHigh","6.000","3.000","1.500",NULL,NULL,NULL,"2026-04-10 07:43:24","2026-04-10 07:43:24","0.043","Ok","2","J20260411070002B10E958","2026-04-11 07:15:31.367013+00","SOT & WWTP","Building 46","Level 1 south Ext","","","","","","","","B10E958","DSM"," Motor DE"
"4019d70958113c9636cc2fc3bb05ce46","Calpan/Building 12/Level 3/Step 34",NULL,"100-12-34-182-01","cb82f5f4-a90f-417b-9120-982c9cc359e8",NULL,"Pump1",NULL,"4PP-NDE",NULL,"4-PP-RH",NULL,"Acceleration","OV Accel","g","AlarmTypeHigh","6.000","3.000","2.000",NULL,NULL,NULL,"2026-04-10 08:58:11","2026-04-10 08:53:27","0.868","Ok","2","J20260411070002B10E775","2026-04-11 07:15:47.606089+00","Calpan","Building 12","Level 3","Step 34","","","","","","","B10E775","DSM"," Pump NDE"
"401c2ef6e9236d2924f3adcfc9ad681a","SOT & WWTP/Building 46/Level 1 south Ext",NULL,"2204674-80200","4a5f1f07-5d69-47ff-ad0c-51f038ca26f5",NULL,"ElectricMotor1",NULL,"2MT-DE",NULL,"2-MT-Ax",NULL,"BandEnergyFromSpectrum","LF RMS Accel","g","AlarmTypeHigh","0.800","0.400","0.200",NULL,NULL,NULL,"2026-04-10 08:33:22","2026-04-10 08:33:22","0.024","Ok","2","J20260411070002B10E540","2026-04-11 07:15:30.329764+00","SOT & WWTP","Building 46","Level 1 south Ext","","","","","","","","B10E540","DSM"," Motor DE"
"402ce865301fd850b5f01966ec913575","Calpan/Building 12/Level 3/Step 34",NULL,"100-12-34-042-01","baa957f8-47b1-4422-b93b-9c0e9c3cf8a3",NULL,"Pump1",NULL,"4PP-NDE",NULL,"4-PP-Ax",NULL,"BandEnergyFromSpectrum","MF RMS Accel","g","AlarmTypeHigh","2.000","1.000","0.500",NULL,NULL,NULL,"2026-04-10 09:31:52","2026-04-10 09:31:52","0.048","Ok","2","J20260411070002B10E328","2026-04-11 07:15:17.347474+00","Calpan","Building 12","Level 3","Step 34","","","","","","","B10E328","DSM"," Pump NDE"
"406e3d13cc057fa6f952cf340d5992da","SOT & WWTP/Building 32/Ground Level",NULL,"4003245-01060 No.6","6b94553b-624d-41d6-ae32-d3ba7ca02dce",NULL,"ElectricMotor1",NULL,"2MT-DE",NULL,"2-MT-RH",NULL,"Acceleration","OV Accel","g","AlarmTypeHigh","6.000","3.000","2.000",NULL,NULL,NULL,"2026-04-10 09:54:40","2026-04-10 09:53:32","1.256","Ok","2","J20260411070002B10E45","2026-04-11 07:15:28.823432+00","SOT & WWTP","Building 32","Ground Level","","","","","","","","B10E45","DSM"," Motor DE"
"4075ad11605fd07f74f7ba8b0548b053","Calpan/Building 12/Level 2/Step 34",NULL,"100-12-34-442-01","10694b53-68ec-4cc5-ba70-011ea9cfc8cb",NULL,"Pump1",NULL,"4PP-NDE",NULL,"4-PP-RV",NULL,"Acceleration","OV Accel","g","AlarmTypeHigh","6.000","3.000","2.000",NULL,NULL,NULL,"2026-04-10 07:04:28","2026-04-10 07:04:19","0.441","Ok","2","J20260411070002B10E108","2026-04-11 07:15:30.283493+00","Calpan","Building 12","Level 2","Step 34","","","","","","","B10E108","DSM"," Pump NDE"
"40bf9b0879bbee1028e6ac0f407e4042","SOT & WWTP/Building 46/Level 1 south Ext",NULL,"2204674-82200","03730490-e586-4775-9f7d-24435dd06cae",NULL,"Pump1",NULL,"3PP-DE",NULL,"3-PP-RV",NULL,"BandEnergyFromSpectrum","HF RMS Accel","g","AlarmTypeHigh","6.000","3.000","1.500",NULL,NULL,NULL,"2026-04-10 08:36:06","2026-04-10 08:36:06","0.117","Ok","2","J20260411070002B10E542","2026-04-11 07:15:17.341809+00","SOT & WWTP","Building 46","Level 1 south Ext","","","","","","","","B10E542","DSM"," Pump DE"
"4109aaf5197e77944e73a9876ad3c3ae","Calpan/Building 12/Level 3/Step 34",NULL,"100-12-34-137-01","6b60b0aa-ef09-4630-b0c3-9a82f9488b6f",NULL,"GearBox1",NULL,"4GB-InNDE",NULL,"4-GB-Ax",NULL,"BandEnergyFromSpectrum","MF RMS Accel","g","AlarmTypeHigh","2.000","1.000","0.500",NULL,NULL,NULL,"2026-04-10 09:16:58","2026-04-10 09:16:58","0.655","PreAlarm","3","J20260411070002B10E322","2026-04-11 07:16:18.069423+00","Calpan","Building 12","Level 3","Step 34","","","","","","","B10E322","DSM"," Gearbox InNDE"
"411941da76419239a44a20c96775e27b","Calpan/Building 12/Level 3/Step 34",NULL,"100-12-34-137-01","6b60b0aa-ef09-4630-b0c3-9a82f9488b6f",NULL,"ElectricMotor1",NULL,"1MT-NDE",NULL,"1-MT-RV",NULL,"Acceleration","OV Accel","g","AlarmTypeHigh","6.000","3.000","2.000",NULL,NULL,NULL,"2026-04-10 09:16:58","2026-04-10 09:13:20","0.327","Ok","2","J20260411070002B10E322","2026-04-11 07:16:18.069423+00","Calpan","Building 12","Level 3","Step 34","","","","","","","B10E322","DSM"," Motor NDE"
"4140f6807232bd7dc122d289abde9bb4","SOT & WWTP/Building 46/Level 1 south Ext",NULL,"2204674-85200","44b72af3-d034-498f-8d9f-e5fe074eebbd",NULL,"Pump1",NULL,"4PP-NDE",NULL,"4-PP-RH",NULL,"BandEnergyFromSpectrum","MF Velocity (~3-8X)","mm/s","AlarmTypeHigh","5.000","3.000","1.000",NULL,NULL,NULL,"2026-04-10 08:17:06","2026-04-10 08:17:06","0.087","Ok","2","J20260411070002B10E546","2026-04-11 07:15:28.820148+00","SOT & WWTP","Building 46","Level 1 south Ext","","","","","","","","B10E546","DSM"," Pump NDE"
"41651e5796fc4a82b49b72178a8ea153","SOT & WWTP/Building 32/Ground Level",NULL,"4003245-01060 No.6","6b94553b-624d-41d6-ae32-d3ba7ca02dce",NULL,"ElectricMotor1",NULL,"1MT-NDE",NULL,"1-MT-Ax",NULL,"BandEnergyFromSpectrum","HF RMS Accel","g","AlarmTypeHigh","6.000","3.000","1.500",NULL,NULL,NULL,"2026-04-10 09:54:40","2026-04-10 09:54:40","0.076","Ok","2","J20260411070002B10E45","2026-04-11 07:15:28.823432+00","SOT & WWTP","Building 32","Ground Level","","","","","","","","B10E45","DSM"," Motor NDE"
"41ae63465bbdbfb3fde22bdf92c80159","Calpan/Building 12/Level 3/Step 34",NULL,"100-12-34-157-01","5d071c42-70ae-41ae-ab75-66543fc85f14",NULL,"Pump1",NULL,"4PP-NDE",NULL,"4-PP-RV",NULL,"Acceleration","OV Accel","g","AlarmTypeHigh","6.000","3.000","2.000",NULL,NULL,NULL,"2026-04-10 09:02:29","2026-04-10 09:00:59","0.187","Ok","2","J20260411070002B10E319","2026-04-11 07:15:15.91658+00","Calpan","Building 12","Level 3","Step 34","","","","","","","B10E319","DSM"," Pump NDE"
"41b9a0ebbfe77c346edf3cf83db2a7e2","SOT & WWTP/Building 32/Ground Level",NULL,"4003245-01070","f0256864-92af-49d6-b5bb-fa91f04642f9",NULL,"Pump1",NULL,"3PP-DE",NULL,"3-PP-RH",NULL,"BandEnergyFromSpectrum","MF RMS Accel","g","AlarmTypeHigh","2.000","1.000","0.500",NULL,NULL,NULL,"2026-04-10 09:52:07","2026-04-10 09:52:07","3.429","Danger","5","J20260411070002B10E46","2026-04-11 07:15:22.091584+00","SOT & WWTP","Building 32","Ground Level","","","","","","","","B10E46","DSM"," Pump DE"
"41bcfd23ed4fed44b75c0073a54a88b1","SOT & WWTP/Building 32/Ground Level",NULL,"4003245-01050","c6e1ea8c-b0aa-4ab3-b1ab-4a7c92913666",NULL,"Pump1",NULL,"3PP-DE",NULL,"3-PP-RH",NULL,"Acceleration","OV Accel","g","AlarmTypeHigh","6.000","3.000","2.000",NULL,NULL,NULL,"2026-04-10 09:57:30","2026-04-10 09:56:40","5.531","Alarm","4","J20260411070002B10E44","2026-04-11 07:16:20.260687+00","SOT & WWTP","Building 32","Ground Level","","","","","","","","B10E44","DSM"," Pump DE"
"41c8e796c580f7d9de4e57cd4a4ac070","SOT & WWTP/Building 32/Ground Level",NULL,"4003245-01070","f0256864-92af-49d6-b5bb-fa91f04642f9",NULL,"ElectricMotor1",NULL,"2MT-DE",NULL,"2-MT-RV",NULL,"VibrationVelocity","OV Vel","mm/s","AlarmTypeHigh","7.100","4.500","2.300",NULL,NULL,NULL,"2026-04-10 09:52:07","2026-04-10 09:50:57","3.207","PreAlarm","3","J20260411070002B10E46","2026-04-11 07:15:22.091584+00","SOT & WWTP","Building 32","Ground Level","","","","","","","","B10E46","DSM"," Motor DE"
"420e8e808d0bf6e48fee70b56d7a5cb8","Calpan/Building 12/Level 3/Step 34",NULL,"100-12-34-510-11","551c74fc-55de-40ed-aafc-1e0e6781fdfd",NULL,"GearBox1",NULL,"3GB-InDE",NULL,"3-GB-Ax",NULL,"Acceleration","OV Accel","g","AlarmTypeHigh","6.000","3.000","2.000",NULL,NULL,NULL,"2026-04-10 08:39:42","2026-04-10 08:37:17","0.453","Ok","2","J20260411070002B10E302","2026-04-11 07:15:16.45472+00","Calpan","Building 12","Level 3","Step 34","","","","","","","B10E302","DSM"," Gearbox InDE"
"423c0f638903f394b23638e4a4d84340","Calpan/Building 12/Level 3/Step 34",NULL,"100-12-34-042-01","baa957f8-47b1-4422-b93b-9c0e9c3cf8a3",NULL,"ElectricMotor1",NULL,"2MT-DE",NULL,"2-MT-RV",NULL,"Acceleration","Pk-Pk Accel","g","AlarmTypeHigh","9.000","6.000","3.000",NULL,NULL,NULL,"2026-04-10 09:31:52","2026-04-10 09:30:54","0.962","Ok","2","J20260411070002B10E328","2026-04-11 07:15:17.347474+00","Calpan","Building 12","Level 3","Step 34","","","","","","","B10E328","DSM"," Motor DE"
"425c4c244c5ea0ac8cf8d5f392f2b877","SOT & WWTP/Building 46/Level 1 South Int",NULL,"2204674-18200","ddec0803-5671-4d5f-bcd2-6ad1ec7ba006",NULL,"Pump1",NULL,"4PP-NDE",NULL,"4-PP-RV",NULL,"BandEnergyFromSpectrum","LF RMS Accel","g","AlarmTypeHigh","0.800","0.400","0.200",NULL,NULL,NULL,"2026-04-10 07:53:51","2026-04-10 07:53:51","0.006","Ok","2","J20260411070002B10E552","2026-04-11 07:15:30.323513+00","SOT & WWTP","Building 46","Level 1 South Int","","","","","","","","B10E552","DSM"," Pump NDE"
"4276332456d5a64e639375297ac25e42","SOT & WWTP/Building 32/Ground Level",NULL,"4003245-01070","f0256864-92af-49d6-b5bb-fa91f04642f9",NULL,"ElectricMotor1",NULL,"1MT-NDE",NULL,"1-MT-Ax",NULL,"BandEnergyFromSpectrum","HF RMS Accel","g","AlarmTypeHigh","6.000","3.000","1.500",NULL,NULL,NULL,"2026-04-10 09:52:07","2026-04-10 09:52:07","0.033","Ok","2","J20260411070002B10E46","2026-04-11 07:15:22.091584+00","SOT & WWTP","Building 32","Ground Level","","","","","","","","B10E46","DSM"," Motor NDE"
"4276d7abd6dc4a4b5101606707bb0ef8","SOT & WWTP/Building 46/Level 1 south Ext",NULL,"2204674-84200","9cd3dcc6-d8f4-42a8-bfd4-4957a1c3d83b",NULL,"Pump1",NULL,"3PP-DE",NULL,"3-PP-RV",NULL,"BandEnergyFromSpectrum","MF RMS Accel","g","AlarmTypeHigh","2.000","1.000","0.500",NULL,NULL,NULL,"2026-04-10 08:14:32","2026-04-10 08:14:32","0.180","Ok","2","J20260411070002B10E544","2026-04-11 07:15:22.151709+00","SOT & WWTP","Building 46","Level 1 south Ext","","","","","","","","B10E544","DSM"," Pump DE"
"428d2f4f9ecf326576f4753145c4924e","SOT & WWTP/Building 46/Level 1 South Int",NULL,"2204674-25200","8c097769-c06f-45ff-b124-b425f9a07faf",NULL,"LobulusCompressor1",NULL,"4LC-NDE",NULL,"4-LC-RV",NULL,"BandEnergyFromSpectrum","MF RMS Accel","g","AlarmTypeHigh","2.000","1.000","0.500",NULL,NULL,NULL,"2026-04-10 08:05:54","2026-04-10 08:05:54","0.229","Ok","2","J20260411070002B10E556","2026-04-11 07:15:14.724536+00","SOT & WWTP","Building 46","Level 1 South Int","","","","","","","","B10E556","DSM",NULL
"42bad20498f9dff32d41179a2263cafa","SOT & WWTP/Building 46/Level 1 South Int",NULL,"2204674-18200","ddec0803-5671-4d5f-bcd2-6ad1ec7ba006",NULL,"ElectricMotor1",NULL,"2MT-DE",NULL,"2-MT-Ax",NULL,"Acceleration","Pk-Pk Accel","g","AlarmTypeHigh","9.000","6.000","3.000",NULL,NULL,NULL,"2026-04-10 07:53:51","2026-04-10 07:52:50","0.825","Ok","2","J20260411070002B10E552","2026-04-11 07:15:30.323513+00","SOT & WWTP","Building 46","Level 1 South Int","","","","","","","","B10E552","DSM"," Motor DE"
"42bc78808bc2a72243a73972a2eb1cb0","SOT & WWTP/Building 46/Level 1 south Ext",NULL,"2204673-65200","8f669413-f706-47d4-92c1-000af5b89657",NULL,"ElectricMotor1",NULL,"1MT-NDE",NULL,"1-MT-RV",NULL,"Acceleration","OV Accel","g","AlarmTypeHigh","6.000","3.000","2.000",NULL,NULL,NULL,"2026-04-10 07:45:56","2026-04-10 07:44:12","0.202","Ok","2","J20260411070002B10E960","2026-04-11 07:15:31.403974+00","SOT & WWTP","Building 46","Level 1 south Ext","","","","","","","","B10E960","DSM"," Motor NDE"
"42c2ac4251d4bd7d46df230460bd07b6","Calpan/Building 12/Level 3/Step 34",NULL,"100-12-34-599-01","ed08d57e-d030-4584-ba5c-b8e95227ae28",NULL,"ElectricMotor1",NULL,"1MT-NDE",NULL,"1-MT-Ax",NULL,"BroadBand","Envelope Energy","g",NULL,NULL,NULL,NULL,NULL,NULL,NULL,"2026-04-10 08:44:35","2026-04-10 08:43:55","0.005","Unknown","1","J20260411070002B10E305","2026-04-11 07:15:28.836543+00","Calpan","Building 12","Level 3","Step 34","","","","","","","B10E305","DSM"," Motor NDE"
"42c8782b0fd0db8dd5f9d61f0c6bca83","Calpan/Building 12/Level 3/Step 34",NULL,"100-12-34-177-01","4418a4f0-5185-4ca9-8a85-a8ed7d6d8870",NULL,"ElectricMotor1",NULL,"1MT-NDE",NULL,"1-MT-RV",NULL,"BandEnergyFromSpectrum","MF RMS Accel","g","AlarmTypeHigh","2.000","1.000","0.500",NULL,NULL,NULL,"2026-04-10 09:27:57","2026-04-10 09:27:57","0.335","Ok","2","J20260411070002B10E325","2026-04-11 07:15:44.90977+00","Calpan","Building 12","Level 3","Step 34","","","","","","","B10E325","DSM"," Motor NDE"
"42dbf33bd8e1bccdddd12d80c8b756a1","SOT & WWTP/Building 32/Ground Level",NULL,"4003245-01070","f0256864-92af-49d6-b5bb-fa91f04642f9",NULL,"ElectricMotor1",NULL,"2MT-DE",NULL,"2-MT-Ax",NULL,"Acceleration","Pk-Pk Accel","g","AlarmTypeHigh","9.000","6.000","3.000",NULL,NULL,NULL,"2026-04-10 09:52:07","2026-04-10 09:50:57","0.518","Ok","2","J20260411070002B10E46","2026-04-11 07:15:22.091584+00","SOT & WWTP","Building 32","Ground Level","","","","","","","","B10E46","DSM"," Motor DE"
"4318878e0576fb18e75cb9f6c3eaaa45","SOT & WWTP/Building 46/Level 1 south Ext",NULL,"2204674-80200","4a5f1f07-5d69-47ff-ad0c-51f038ca26f5",NULL,"ElectricMotor1",NULL,"1MT-NDE",NULL,"1-MT-RV",NULL,"BandEnergyFromSpectrum","MF Velocity (~3-8X)","mm/s","AlarmTypeHigh","5.000","3.000","1.000",NULL,NULL,NULL,"2026-04-10 08:33:22","2026-04-10 08:33:22","0.663","Ok","2","J20260411070002B10E540","2026-04-11 07:15:30.329764+00","SOT & WWTP","Building 46","Level 1 south Ext","","","","","","","","B10E540","DSM"," Motor NDE"
"4385f65eb96391f6ba8b9a484a8c10eb","Calpan/Building 12/Level 2/Step 34",NULL,"100-12-34-442-01","10694b53-68ec-4cc5-ba70-011ea9cfc8cb",NULL,"ElectricMotor1",NULL,"1MT-NDE",NULL,"1-MT-Ax",NULL,"BroadBand","Envelope Energy","g",NULL,NULL,NULL,NULL,NULL,NULL,NULL,"2026-04-10 07:04:28","2026-04-10 07:02:00","0.004","Unknown","1","J20260411070002B10E108","2026-04-11 07:15:30.283493+00","Calpan","Building 12","Level 2","Step 34","","","","","","","B10E108","DSM"," Motor NDE"
"4397d82a2f39f3f88a8d62432816e27e","SOT & WWTP/Building 46/Level 1 South Int",NULL,"2204674-18200","ddec0803-5671-4d5f-bcd2-6ad1ec7ba006",NULL,"Pump1",NULL,"3PP-DE",NULL,"3-PP-RV",NULL,"BroadBand","Envelope Energy","g",NULL,NULL,NULL,NULL,NULL,NULL,NULL,"2026-04-10 07:53:51","2026-04-10 07:53:14","0.014","Unknown","1","J20260411070002B10E552","2026-04-11 07:15:30.323513+00","SOT & WWTP","Building 46","Level 1 South Int","","","","","","","","B10E552","DSM"," Pump DE"
"43a82f791dede55d66bc993aa3a6d42e","SOT & WWTP/Building 46/Level 1 South Int",NULL,"2204674-12200","920f4ad8-e17b-4e95-bb07-fe8ccfbdeb6a",NULL,"Pump1",NULL,"4PP-NDE",NULL,"4-PP-RH",NULL,"VibrationVelocity","OV Vel","mm/s","AlarmTypeHigh","7.100","4.500","2.300",NULL,NULL,NULL,"2026-04-10 07:59:41","2026-04-10 07:59:38","1.013","Ok","2","J20260411070002B10E550","2026-04-11 07:15:15.907019+00","SOT & WWTP","Building 46","Level 1 South Int","","","","","","","","B10E550","DSM"," Pump NDE"
"43b896bcd36682b46cfe73a449b88403","Calpan/Building 12/Level 3/Step 34",NULL,"100-12-34-162-01","1d898064-4876-4e5b-885f-a3ac174fa02b",NULL,"Pump1",NULL,"3PP-DE",NULL,"3-PP-RV",NULL,"BandEnergyFromSpectrum","LF RMS Accel","g","AlarmTypeHigh","0.800","0.400","0.200",NULL,NULL,NULL,"2026-04-10 09:18:57","2026-04-10 09:18:57","0.056","Ok","2","J20260411070002B10E324","2026-04-11 07:15:20.786083+00","Calpan","Building 12","Level 3","Step 34","","","","","","","B10E324","DSM"," Pump DE"
"43eb34339926a7d6ed49bef608f5a455","SOT & WWTP/Building 46/Level 1 south Ext",NULL,"2204674-86700","df615b42-35ae-4d9e-8440-ec02f423d24f",NULL,"ElectricMotor1",NULL,"2MT-DE",NULL,"2-MT-RH",NULL,"BandEnergyFromSpectrum","LF RMS Accel","g","AlarmTypeHigh","0.800","0.400","0.200",NULL,NULL,NULL,"2026-04-10 08:24:26","2026-04-10 08:24:26","0.611","Alarm","4","J20260411070002B10E886","2026-04-11 07:15:18.11167+00","SOT & WWTP","Building 46","Level 1 south Ext","","","","","","","","B10E886","DSM"," Motor DE"
"440b88696bdd54d011887454c0cb88e4","SOT & WWTP/Building 46/Level 1 south Ext",NULL,"2204674-91700","c5661652-b006-41ac-9678-a9f8cee30d2e",NULL,"ElectricMotor1",NULL,"2MT-DE",NULL,"2-MT-Ax",NULL,"Acceleration","Pk-Pk Accel","g","AlarmTypeHigh","9.000","6.000","3.000",NULL,NULL,NULL,"2026-04-10 08:28:29","2026-04-10 08:28:23","1.425","Ok","2","J20260411070002B10E549","2026-04-11 07:15:44.625996+00","SOT & WWTP","Building 46","Level 1 south Ext","","","","","","","","B10E549","DSM"," Motor DE"
"44331cf0cd91b299cc9d5c577a21c240","Calpan/Building 12/Level 3/Step 34",NULL,"100-12-34-510-21","61567fca-5d02-4da4-933d-d5959c33b06d",NULL,"ElectricMotor1",NULL,"2MT-DE",NULL,"2-MT-Ax",NULL,"Acceleration","OV Accel","g","AlarmTypeHigh","6.000","3.000","2.000",NULL,NULL,NULL,"2026-04-10 08:42:19","2026-04-10 08:41:30","0.484","Ok","2","J20260411070002B10E303","2026-04-11 07:16:14.211894+00","Calpan","Building 12","Level 3","Step 34","","","","","","","B10E303","DSM"," Motor DE"
"444c17fc952619672a2a4cdf5d32f6ea","SOT & WWTP/Building 46/Level 1 south Ext",NULL,"2204673-64200","1183b785-83bc-4239-9fd1-4c4e5ad0d5f0",NULL,"ElectricMotor1",NULL,"2MT-DE",NULL,"2-MT-Ax",NULL,"BandEnergyFromSpectrum","HF RMS Accel","g","AlarmTypeHigh","6.000","3.000","1.500",NULL,NULL,NULL,"2026-04-10 07:43:24","2026-04-10 07:43:24","0.013","Ok","2","J20260411070002B10E958","2026-04-11 07:15:31.367013+00","SOT & WWTP","Building 46","Level 1 south Ext","","","","","","","","B10E958","DSM"," Motor DE"
"4469e3028de0c4d12dab71b944888057","Calpan/Building 12/Level 3/Step 34",NULL,"100-12-34-510-21","61567fca-5d02-4da4-933d-d5959c33b06d",NULL,"ElectricMotor1",NULL,"1MT-NDE",NULL,"1-MT-R=",NULL,"BandEnergyFromSpectrum","LF RMS Accel","g","AlarmTypeHigh","0.800","0.400","0.200",NULL,NULL,NULL,"2026-04-10 08:42:19","2026-04-10 08:42:19","0.236","PreAlarm","3","J20260411070002B10E303","2026-04-11 07:16:14.211894+00","Calpan","Building 12","Level 3","Step 34","","","","","","","B10E303","DSM",NULL
"44785288faf768f4744b23b2bd048cd0","Calpan/Building 12/Level 3/Step 34",NULL,"100-12-34-137-01","6b60b0aa-ef09-4630-b0c3-9a82f9488b6f",NULL,"Shaft1",NULL,"8SH-NDE",NULL,"8-SH-RH",NULL,"BandEnergyFromSpectrum","LF RMS Accel","g","AlarmTypeHigh","0.800","0.400","0.200",NULL,NULL,NULL,"2026-04-10 09:16:58","2026-04-10 09:16:58","0.012","Ok","2","J20260411070002B10E322","2026-04-11 07:16:18.069423+00","Calpan","Building 12","Level 3","Step 34","","","","","","","B10E322","DSM"," Shaft NDE"
"448414f24f828f8409cc465913eba348","SOT & WWTP/Building 46/Level 1 south Ext",NULL,"2204673-65200","8f669413-f706-47d4-92c1-000af5b89657",NULL,"Pump1",NULL,"3PP-DE",NULL,"3-PP-RV",NULL,"BandEnergyFromSpectrum","MF Velocity (~3-8X)","mm/s","AlarmTypeHigh","5.000","3.000","1.000",NULL,NULL,NULL,"2026-04-10 07:45:56","2026-04-10 07:45:56","0.293","Ok","2","J20260411070002B10E960","2026-04-11 07:15:31.403974+00","SOT & WWTP","Building 46","Level 1 south Ext","","","","","","","","B10E960","DSM"," Pump DE"
"44f5ecdc7028dc369a9ba5f257c584d8","Calpan/Building 12/Level 3/Step 34",NULL,"100-12-34-122-01","2f0c1896-955a-4c2b-b25f-c632bd837c5d",NULL,"Pump1",NULL,"3PP-DE",NULL,"3-PP-RH",NULL,"BandEnergyFromSpectrum","HF RMS Accel","g","AlarmTypeHigh","6.000","3.000","1.500",NULL,NULL,NULL,"2026-04-10 09:11:47","2026-04-10 09:11:47","0.157","Ok","2","J20260411070002B10E320","2026-04-11 07:15:20.786773+00","Calpan","Building 12","Level 3","Step 34","","","","","","","B10E320","DSM"," Pump DE"
"455ad25e92bac5aa5e2969501adb2ee0","Calpan/Building 12/Level 3/Step 34",NULL,"100-12-34-452-01","95d59ee7-03e4-4a9e-b4c3-1eb0f2b52d18",NULL,"Pump1",NULL,"4PP-NDE",NULL,"4-PP-RH",NULL,"BandEnergyFromSpectrum","LF RMS Accel","g","AlarmTypeHigh","0.800","0.400","0.200",NULL,NULL,NULL,"2026-04-10 08:47:51","2026-04-10 08:47:51","0.056","Ok","2","J20260411070002B10E313","2026-04-11 07:15:22.026089+00","Calpan","Building 12","Level 3","Step 34","","","","","","","B10E313","DSM"," Pump NDE"
"45960cfe935219cc47763e1d13d98c5b","Calpan/Building 12/Level 3/Step 34",NULL,"100-12-34-137-01","6b60b0aa-ef09-4630-b0c3-9a82f9488b6f",NULL,"GearBox1",NULL,"4GB-InNDE",NULL,"4-GB-RH",NULL,"BandEnergyFromSpectrum","MF Velocity (~3-8X)","mm/s","AlarmTypeHigh","5.000","3.000","1.000",NULL,NULL,NULL,"2026-04-10 09:16:58","2026-04-10 09:16:58","0.541","Ok","2","J20260411070002B10E322","2026-04-11 07:16:18.069423+00","Calpan","Building 12","Level 3","Step 34","","","","","","","B10E322","DSM"," Gearbox InNDE"
"45d8ef750267ee4620a8ba965fc4ddbe","SOT & WWTP/Building 32/Ground Level",NULL,"4003245-01070","f0256864-92af-49d6-b5bb-fa91f04642f9",NULL,"ElectricMotor1",NULL,"2MT-DE",NULL,"2-MT-RV",NULL,"BandEnergyFromSpectrum","HF RMS Accel","g","AlarmTypeHigh","6.000","3.000","1.500",NULL,NULL,NULL,"2026-04-10 09:52:07","2026-04-10 09:52:07","0.142","Ok","2","J20260411070002B10E46","2026-04-11 07:15:22.091584+00","SOT & WWTP","Building 32","Ground Level","","","","","","","","B10E46","DSM"," Motor DE"
"4620c6adbfe827aada0cf613e5746334","Calpan/Building 12/Level 3/Step 34",NULL,"100-12-34-122-01","2f0c1896-955a-4c2b-b25f-c632bd837c5d",NULL,"Pump1",NULL,"4PP-NDE",NULL,"4-PP-Ax",NULL,"BandEnergyFromSpectrum","MF Velocity (~3-8X)","mm/s","AlarmTypeHigh","5.000","3.000","1.000",NULL,NULL,NULL,"2026-04-10 09:11:47","2026-04-10 09:11:47","2.624","PreAlarm","3","J20260411070002B10E320","2026-04-11 07:15:20.786773+00","Calpan","Building 12","Level 3","Step 34","","","","","","","B10E320","DSM"," Pump NDE"
"472286b6858f158f6815ca255f4c0c32","SOT & WWTP/Building 46/Level 1 south Ext",NULL,"2204674-91200","63f8e6fe-5f68-4171-9ca8-5bb946a1571d",NULL,"ElectricMotor1",NULL,"1MT-NDE",NULL,"1-MT-RV",NULL,"BroadBand","Envelope Energy","g",NULL,NULL,NULL,NULL,NULL,NULL,NULL,"2026-04-10 08:29:56","2026-04-10 08:29:08","0.003","Unknown","1","J20260411070002B10E548","2026-04-11 07:16:21.067974+00","SOT & WWTP","Building 46","Level 1 south Ext","","","","","","","","B10E548","DSM"," Motor NDE"
"47267991f6c2f32403aa1e95bbfa8d62","Calpan/Building 12/Level 3/Step 34",NULL,"100-12-34-157-01","5d071c42-70ae-41ae-ab75-66543fc85f14",NULL,"Pump1",NULL,"3PP-DE",NULL,"3-PP-RH",NULL,"VibrationVelocity","OV Vel","mm/s","AlarmTypeHigh","7.100","4.500","2.300",NULL,NULL,NULL,"2026-04-10 09:02:29","2026-04-10 09:00:34","1.695","Ok","2","J20260411070002B10E319","2026-04-11 07:15:15.91658+00","Calpan","Building 12","Level 3","Step 34","","","","","","","B10E319","DSM"," Pump DE"
"4735201885318ad96523b33f0291ec62","Calpan/Building 12/Level 3/Step 34",NULL,"100-12-34-177-01","4418a4f0-5185-4ca9-8a85-a8ed7d6d8870",NULL,"Shaft1",NULL,"7SH-DE",NULL,"7-SH-RH",NULL,"BandEnergyFromSpectrum","MF Velocity (~3-8X)","mm/s","AlarmTypeHigh","3.000","1.000","0.500",NULL,NULL,NULL,"2026-04-10 09:27:57","2026-04-10 09:27:57","0.145","Ok","2","J20260411070002B10E325","2026-04-11 07:15:44.90977+00","Calpan","Building 12","Level 3","Step 34","","","","","","","B10E325","DSM",NULL
"4738236b63aa45ae6017017eafb28f06","SOT & WWTP/Building 46/Level 1 South Int",NULL,"2204674-25200","8c097769-c06f-45ff-b124-b425f9a07faf",NULL,"LobulusCompressor1",NULL,"4LC-NDE",NULL,"4-LC-RV",NULL,"Acceleration","Pk-Pk Accel","g","AlarmTypeHigh","9.000","6.000","3.000",NULL,NULL,NULL,"2026-04-10 08:05:54","2026-04-10 08:04:56","2.693","Ok","2","J20260411070002B10E556","2026-04-11 07:15:14.724536+00","SOT & WWTP","Building 46","Level 1 South Int","","","","","","","","B10E556","DSM",NULL
"47502b2a55dfd63ff178b6ad9a16615e","Calpan/Building 12/Level 3/Step 34",NULL,"100-12-34-162-01","1d898064-4876-4e5b-885f-a3ac174fa02b",NULL,"ElectricMotor1",NULL,"1MT-NDE",NULL,"1-MT-RV",NULL,"Acceleration","OV Accel","g","AlarmTypeHigh","6.000","3.000","2.000",NULL,NULL,NULL,"2026-04-10 09:18:57","2026-04-10 09:17:34","0.120","Ok","2","J20260411070002B10E324","2026-04-11 07:15:20.786083+00","Calpan","Building 12","Level 3","Step 34","","","","","","","B10E324","DSM"," Motor NDE"
"475e47a2d1a53e1fcbb459d8d9e57a4b","Calpan/Building 12/Level 3/Step 34",NULL,"100-12-34-177-01","4418a4f0-5185-4ca9-8a85-a8ed7d6d8870",NULL,"Shaft1",NULL,"7SH-DE",NULL,"7-SH-RH",NULL,"VibrationVelocity","OV Vel","mm/s","AlarmTypeHigh","7.100","4.500","2.300",NULL,NULL,NULL,"2026-04-10 09:27:57","2026-04-10 09:26:06","0.622","Ok","2","J20260411070002B10E325","2026-04-11 07:15:44.90977+00","Calpan","Building 12","Level 3","Step 34","","","","","","","B10E325","DSM",NULL
"47a3743d1cbfed702991cdb307b85327","Calpan/Building 12/Level 3/Step 34",NULL,"100-12-34-157-01","5d071c42-70ae-41ae-ab75-66543fc85f14",NULL,"ElectricMotor1",NULL,"1MT-NDE",NULL,"1-MT-RH",NULL,"Acceleration","OV Accel","g","AlarmTypeHigh","6.000","3.000","2.000",NULL,NULL,NULL,"2026-04-10 09:02:29","2026-04-10 08:59:41","0.235","Ok","2","J20260411070002B10E319","2026-04-11 07:15:15.91658+00","Calpan","Building 12","Level 3","Step 34","","","","","","","B10E319","DSM"," Motor NDE"
"72a307e6e078173f8857c49376b7b6ab","Main Engines",NULL,"Turbo 6","35d9d455-0054-49d3-9f6a-0283ac9ca08a",NULL,"ElectricMotor1",NULL,"1MT-NDE",NULL,"1-MT-RV",NULL,"Acceleration","OV Accel","g","AlarmTypeHigh","6.000","3.000","2.000",NULL,NULL,NULL,"2024-07-15 12:39:23","2024-07-15 12:39:20","0.766","Ok","2","J20240907000000B8E29","2025-10-20 13:03:26.573795+00","Main Engines","","","","","","","","","","B8E29","Helix Seawell"," Motor NDE"
"482b0b0ebd73390ed77cadbb0fe9deab","Calpan/Building 12/Level 3/Step 34",NULL,"100-12-34-510-21","61567fca-5d02-4da4-933d-d5959c33b06d",NULL,"ElectricMotor1",NULL,"2MT-DE",NULL,"2-MT-Ax",NULL,"BroadBand","Envelope Energy","g",NULL,NULL,NULL,NULL,NULL,NULL,NULL,"2026-04-10 08:42:19","2026-04-10 08:41:27","0.060","Unknown","1","J20260411070002B10E303","2026-04-11 07:16:14.211894+00","Calpan","Building 12","Level 3","Step 34","","","","","","","B10E303","DSM"," Motor DE"
"4876b7b597da665933e9040be70891d9","SOT & WWTP/Building 46/Level 1 south Ext",NULL,"2204674-91200","63f8e6fe-5f68-4171-9ca8-5bb946a1571d",NULL,"ElectricMotor1",NULL,"2MT-DE",NULL,"2-MT-RV",NULL,"Acceleration","Pk-Pk Accel","g","AlarmTypeHigh","9.000","6.000","3.000",NULL,NULL,NULL,"2026-04-10 08:29:56","2026-04-10 08:29:50","6.521","Alarm","4","J20260411070002B10E548","2026-04-11 07:16:21.067974+00","SOT & WWTP","Building 46","Level 1 south Ext","","","","","","","","B10E548","DSM"," Motor DE"
"489dc29dc2a7a8b08d167ded05e50a15","Calpan/Building 12/Level 3/Step 34",NULL,"100-12-34-177-01","4418a4f0-5185-4ca9-8a85-a8ed7d6d8870",NULL,"Shaft1",NULL,"7SH-DE",NULL,"7-SH-RV",NULL,"Acceleration","OV Accel","g","AlarmTypeHigh","6.000","3.000","2.000",NULL,NULL,NULL,"2026-04-10 09:27:57","2026-04-10 09:21:34","0.456","Ok","2","J20260411070002B10E325","2026-04-11 07:15:44.90977+00","Calpan","Building 12","Level 3","Step 34","","","","","","","B10E325","DSM",NULL
"48abaf78d2337ed3742572b034cff0d0","SOT & WWTP/Building 32/Ground Level",NULL,"4003245-01030","43aad99e-1dbc-4d74-b061-e10b847dea3e",NULL,"ElectricMotor1",NULL,"1MT-NDE",NULL,"1-MT-RH",NULL,"VibrationVelocity","OV Vel","mm/s","AlarmTypeHigh","7.100","4.500","2.300",NULL,NULL,NULL,"2026-04-10 09:59:58","2026-04-10 09:58:26","1.220","Ok","2","J20260411070002B10E42","2026-04-11 07:15:44.831133+00","SOT & WWTP","Building 32","Ground Level","","","","","","","","B10E42","DSM"," Motor NDE"
"48abd6b5fb31bb4105a38898d06ca58c","SOT & WWTP/Building 46/Level 1 South Int",NULL,"2204674-12700","5a52a7bb-3ac4-4087-b2ae-b50b8ac5d619",NULL,"ElectricMotor1",NULL,"1MT-NDE",NULL,"1-MT-RH",NULL,"BandEnergyFromSpectrum","HF RMS Accel","g","AlarmTypeHigh","6.000","3.000","1.500",NULL,NULL,NULL,"2026-04-10 07:56:59","2026-04-10 07:56:59","0.024","Ok","2","J20260411070002B10E551","2026-04-11 07:16:18.755097+00","SOT & WWTP","Building 46","Level 1 South Int","","","","","","","","B10E551","DSM"," Motor NDE"
"48c77ff381e1b305cc879553f14d239e","Calpan/Building 12/Level 3/Step 34",NULL,"100-12-34-157-01","5d071c42-70ae-41ae-ab75-66543fc85f14",NULL,"Pump1",NULL,"4PP-NDE",NULL,"4-PP-Ax",NULL,"BandEnergyFromSpectrum","HF RMS Accel","g","AlarmTypeHigh","6.000","3.000","1.500",NULL,NULL,NULL,"2026-04-10 09:02:29","2026-04-10 09:02:29","0.058","Ok","2","J20260411070002B10E319","2026-04-11 07:15:15.91658+00","Calpan","Building 12","Level 3","Step 34","","","","","","","B10E319","DSM"," Pump NDE"
"48d68d096de362ae057f3d818ddebbbb","SOT & WWTP/Building 46/Level 1 south Ext",NULL,"2204674-82200","03730490-e586-4775-9f7d-24435dd06cae",NULL,"ElectricMotor1",NULL,"2MT-DE",NULL,"2-MT-RV",NULL,"VibrationVelocity","OV Vel","mm/s","AlarmTypeHigh","7.100","4.500","2.300",NULL,NULL,NULL,"2026-04-10 08:36:06","2026-04-10 08:35:04","1.129","Ok","2","J20260411070002B10E542","2026-04-11 07:15:17.341809+00","SOT & WWTP","Building 46","Level 1 south Ext","","","","","","","","B10E542","DSM"," Motor DE"
"492fd66bde0eb1d11551736a2328bd29","SOT & WWTP/Building 46/Level 1 south Ext",NULL,"2204674-82200","03730490-e586-4775-9f7d-24435dd06cae",NULL,"ElectricMotor1",NULL,"2MT-DE",NULL,"2-MT-RH",NULL,"VibrationVelocity","OV Vel","mm/s","AlarmTypeHigh","7.100","4.500","2.300",NULL,NULL,NULL,"2026-04-10 08:36:06","2026-04-10 08:35:04","0.657","Ok","2","J20260411070002B10E542","2026-04-11 07:15:17.341809+00","SOT & WWTP","Building 46","Level 1 south Ext","","","","","","","","B10E542","DSM"," Motor DE"
"494f1af48d8fcb70444c2480747d4f36","Calpan/Building 12/Level 3/Step 34",NULL,"100-12-34-052-01","4e95bfc9-5c27-4ef2-8f21-e1680ea3525a",NULL,"Pump1",NULL,"3PP-DE",NULL,"3-PP-RH",NULL,"BandEnergyFromSpectrum","LF RMS Accel","g","AlarmTypeHigh","0.800","0.400","0.200",NULL,NULL,NULL,"2026-04-10 09:35:03","2026-04-10 09:35:03","0.057","Ok","2","J20260411070002B10E329","2026-04-11 07:16:20.032019+00","Calpan","Building 12","Level 3","Step 34","","","","","","","B10E329","DSM"," Pump DE"
"498d4ae6cd83d40b9acdf065837ef3df","Calpan/Building 12/Level 3/Step 34",NULL,"100-12-34-122-01","2f0c1896-955a-4c2b-b25f-c632bd837c5d",NULL,"Pump1",NULL,"4PP-NDE",NULL,"4-PP-Ax",NULL,"BandEnergyFromSpectrum","MF RMS Accel","g","AlarmTypeHigh","2.000","1.000","0.500",NULL,NULL,NULL,"2026-04-10 09:11:47","2026-04-10 09:11:47","0.729","PreAlarm","3","J20260411070002B10E320","2026-04-11 07:15:20.786773+00","Calpan","Building 12","Level 3","Step 34","","","","","","","B10E320","DSM"," Pump NDE"
"49c01b838776f57f0e63aedba4f91c13","Calpan/Building 12/Level 3/Step 34",NULL,"100-12-34-052-01","4e95bfc9-5c27-4ef2-8f21-e1680ea3525a",NULL,"ElectricMotor1",NULL,"1MT-NDE",NULL,"1-MT-RH",NULL,"VibrationVelocity","OV Vel","mm/s","AlarmTypeHigh","7.100","4.500","2.300",NULL,NULL,NULL,"2026-04-10 09:35:03","2026-04-10 09:32:24","2.816","PreAlarm","3","J20260411070002B10E329","2026-04-11 07:16:20.032019+00","Calpan","Building 12","Level 3","Step 34","","","","","","","B10E329","DSM"," Motor NDE"
"49ccafa1929e4238a1c38753d11aae3d","SOT & WWTP/Building 46/Level 1 south Ext",NULL,"2204674-91200","63f8e6fe-5f68-4171-9ca8-5bb946a1571d",NULL,"ElectricMotor1",NULL,"2MT-DE",NULL,"2-MT-RH",NULL,"BandEnergyFromSpectrum","MF Velocity (~3-8X)","mm/s","AlarmTypeHigh","5.000","3.000","1.000",NULL,NULL,NULL,"2026-04-10 08:29:56","2026-04-10 08:29:56","1.200","PreAlarm","3","J20260411070002B10E548","2026-04-11 07:16:21.067974+00","SOT & WWTP","Building 46","Level 1 south Ext","","","","","","","","B10E548","DSM"," Motor DE"
"49e364ff4440bf8e6441733ce6043201","SOT & WWTP/Building 46/Level 1 south Ext",NULL,"2204674-86700","df615b42-35ae-4d9e-8440-ec02f423d24f",NULL,"Pump1",NULL,"3PP-DE",NULL,"3-PP-RH",NULL,"Acceleration","OV Accel","g","AlarmTypeHigh","6.000","3.000","2.000",NULL,NULL,NULL,"2026-04-10 08:24:26","2026-04-10 08:24:24","0.632","Ok","2","J20260411070002B10E886","2026-04-11 07:15:18.11167+00","SOT & WWTP","Building 46","Level 1 south Ext","","","","","","","","B10E886","DSM"," Pump DE"
"49ed48a311672c59bf8fea532a8dfd10","Calpan/Building 12/Level 3/Step 34",NULL,"100-12-34-112-01","6ede0422-81cb-4ec5-a1c5-1d25b11af911",NULL,"Pump1",NULL,"4PP-NDE",NULL,"4-PP-RV",NULL,"BandEnergyFromSpectrum","MF Velocity (~3-8X)","mm/s","AlarmTypeHigh","5.000","3.000","1.000",NULL,NULL,NULL,"2026-04-10 09:38:31","2026-04-10 09:38:31","0.107","Ok","2","J20260411070002B10E332","2026-04-11 07:16:22.283852+00","Calpan","Building 12","Level 3","Step 34","","","","","","","B10E332","DSM"," Pump NDE"
"4a484276fbad74a234898a58423a3299","SOT & WWTP/Building 28/Ground Level",NULL,"4002861-50500","4322796b-6387-4da8-b21c-a60391237dcb",NULL,"ElectricMotor1",NULL,"1MT-NDE",NULL,"1-MT-RH",NULL,"Acceleration","Pk-Pk Accel","g","AlarmTypeHigh","9.000","6.000","3.000",NULL,NULL,NULL,"2026-04-10 09:45:06","2026-04-10 09:42:38","7.886","Alarm","4","J20260411070002B10E34","2026-04-11 07:15:46.515864+00","SOT & WWTP","Building 28","Ground Level","","","","","","","","B10E34","DSM"," Motor NDE"
"4a4ab7dd10270dda7b35f968b902002c","SOT & WWTP/Building 46/Level 1 South Int",NULL,"2204674-12200","920f4ad8-e17b-4e95-bb07-fe8ccfbdeb6a",NULL,"Pump1",NULL,"3PP-DE",NULL,"3-PP-RH",NULL,"BandEnergyFromSpectrum","LF RMS Accel","g","AlarmTypeHigh","0.800","0.400","0.200",NULL,NULL,NULL,"2026-04-10 07:59:41","2026-04-10 07:59:41","0.073","Ok","2","J20260411070002B10E550","2026-04-11 07:15:15.907019+00","SOT & WWTP","Building 46","Level 1 South Int","","","","","","","","B10E550","DSM"," Pump DE"
"4aa3cdd390a919707740d84307e54338","SOT & WWTP/Building 46/Level 1 south Ext",NULL,"2204674-86700","df615b42-35ae-4d9e-8440-ec02f423d24f",NULL,"ElectricMotor1",NULL,"1MT-NDE",NULL,"1-MT-RH",NULL,"BandEnergyFromSpectrum","MF Velocity (~3-8X)","mm/s","AlarmTypeHigh","5.000","3.000","1.000",NULL,NULL,NULL,"2026-04-10 08:24:26","2026-04-10 08:24:26","2.630","PreAlarm","3","J20260411070002B10E886","2026-04-11 07:15:18.11167+00","SOT & WWTP","Building 46","Level 1 south Ext","","","","","","","","B10E886","DSM"," Motor NDE"
"4abbfee6d8006368077d61c5e0d92ec5","SOT & WWTP/Building 46/Level 1 south Ext",NULL,"2204674-82200","03730490-e586-4775-9f7d-24435dd06cae",NULL,"ElectricMotor1",NULL,"2MT-DE",NULL,"2-MT-RH",NULL,"Acceleration","Pk-Pk Accel","g","AlarmTypeHigh","9.000","6.000","3.000",NULL,NULL,NULL,"2026-04-10 08:36:06","2026-04-10 08:35:07","1.242","Ok","2","J20260411070002B10E542","2026-04-11 07:15:17.341809+00","SOT & WWTP","Building 46","Level 1 south Ext","","","","","","","","B10E542","DSM"," Motor DE"
"4ac7af89fe6c916d58ced22f3592258f","Calpan/Building 12/Level 3/Step 34",NULL,"100-12-34-157-01","5d071c42-70ae-41ae-ab75-66543fc85f14",NULL,"ElectricMotor1",NULL,"2MT-DE",NULL,"2-MT-RH",NULL,"BandEnergyFromSpectrum","LF RMS Accel","g","AlarmTypeHigh","0.800","0.400","0.200",NULL,NULL,NULL,"2026-04-10 09:02:29","2026-04-10 09:02:29","0.075","Ok","2","J20260411070002B10E319","2026-04-11 07:15:15.91658+00","Calpan","Building 12","Level 3","Step 34","","","","","","","B10E319","DSM"," Motor DE"
"4ae039a9a93e13b35625c80425364180","Calpan/Building 12/Level 3/Step 34",NULL,"100-12-34-112-01","6ede0422-81cb-4ec5-a1c5-1d25b11af911",NULL,"Pump1",NULL,"4PP-NDE",NULL,"4-PP-RV",NULL,"BandEnergyFromSpectrum","LF RMS Accel","g","AlarmTypeHigh","0.800","0.400","0.200",NULL,NULL,NULL,"2026-04-10 09:38:31","2026-04-10 09:38:31","0.008","Ok","2","J20260411070002B10E332","2026-04-11 07:16:22.283852+00","Calpan","Building 12","Level 3","Step 34","","","","","","","B10E332","DSM"," Pump NDE"
"4af4017d7f6e26b6d94afcca9d928acb","SOT & WWTP/Building 46/Level 1 South Int",NULL,"2204674-18200","ddec0803-5671-4d5f-bcd2-6ad1ec7ba006",NULL,"ElectricMotor1",NULL,"1MT-NDE",NULL,"1-MT-RH",NULL,"VibrationVelocity","OV Vel","mm/s","AlarmTypeHigh","7.100","4.500","2.300",NULL,NULL,NULL,"2026-04-10 07:53:51","2026-04-10 07:52:13","1.322","Ok","2","J20260411070002B10E552","2026-04-11 07:15:30.323513+00","SOT & WWTP","Building 46","Level 1 South Int","","","","","","","","B10E552","DSM"," Motor NDE"
"4bbe93d4e865d5bbdac61312d6da0ae0","Calpan/Building 12/Level 2/Step 34",NULL,"100-12-34-442-01","10694b53-68ec-4cc5-ba70-011ea9cfc8cb",NULL,"Pump1",NULL,"3PP-DE",NULL,"3-PP-RV",NULL,"BroadBand","Envelope Energy","g",NULL,NULL,NULL,NULL,NULL,NULL,NULL,"2026-04-10 07:04:28","2026-04-10 07:03:03","0.061","Unknown","1","J20260411070002B10E108","2026-04-11 07:15:30.283493+00","Calpan","Building 12","Level 2","Step 34","","","","","","","B10E108","DSM"," Pump DE"
"4c052076f70698a3b2b08546f1899b7a","Calpan/Building 12/Level 3/Step 34",NULL,"100-12-34-510-11","551c74fc-55de-40ed-aafc-1e0e6781fdfd",NULL,"ElectricMotor1",NULL,"1MT-NDE",NULL,"1-MT-Ax",NULL,"BandEnergyFromSpectrum","MF RMS Accel","g","AlarmTypeHigh","2.000","1.000","0.500",NULL,NULL,NULL,"2026-04-10 08:39:42","2026-04-10 08:39:42","0.316","Ok","2","J20260411070002B10E302","2026-04-11 07:15:16.45472+00","Calpan","Building 12","Level 3","Step 34","","","","","","","B10E302","DSM"," Motor NDE"
"4c175b54b1b2add8f376317be86be410","Calpan/Building 12/Level 3/Step 34",NULL,"100-12-34-137-01","6b60b0aa-ef09-4630-b0c3-9a82f9488b6f",NULL,"Shaft1",NULL,"8SH-NDE",NULL,"8-SH-RV",NULL,"VibrationVelocity","OV Vel","mm/s","AlarmTypeHigh","7.100","4.500","2.300",NULL,NULL,NULL,"2026-04-10 09:16:58","2026-04-10 09:16:39","0.995","Ok","2","J20260411070002B10E322","2026-04-11 07:16:18.069423+00","Calpan","Building 12","Level 3","Step 34","","","","","","","B10E322","DSM"," Shaft NDE"
"4c36822c176d52210b546911ca96fda7","SOT & WWTP/Building 32/Ground Level",NULL,"4003245-01070","f0256864-92af-49d6-b5bb-fa91f04642f9",NULL,"Pump1",NULL,"4PP-NDE",NULL,"4-PP-Ax",NULL,"BandEnergyFromSpectrum","HF RMS Accel","g","AlarmTypeHigh","6.000","3.000","1.500",NULL,NULL,NULL,"2026-04-10 09:52:07","2026-04-10 09:52:07","0.163","Ok","2","J20260411070002B10E46","2026-04-11 07:15:22.091584+00","SOT & WWTP","Building 32","Ground Level","","","","","","","","B10E46","DSM"," Pump NDE"
"4ca9decc04ae6197e9eee78ce82a16dc","Calpan/Building 12/Level 3/Step 34",NULL,"100-12-34-162-01","1d898064-4876-4e5b-885f-a3ac174fa02b",NULL,"Pump1",NULL,"3PP-DE",NULL,"3-PP-RH",NULL,"Acceleration","Pk-Pk Accel","g","AlarmTypeHigh","9.000","6.000","3.000",NULL,NULL,NULL,"2026-04-10 09:18:57","2026-04-10 09:18:51","2.543","Ok","2","J20260411070002B10E324","2026-04-11 07:15:20.786083+00","Calpan","Building 12","Level 3","Step 34","","","","","","","B10E324","DSM"," Pump DE"
"4d167ec71faa8954e17528fbfad15a66","SOT & WWTP/Building 46/Level 1 south Ext",NULL,"2204674-82200","03730490-e586-4775-9f7d-24435dd06cae",NULL,"Pump1",NULL,"4PP-NDE",NULL,"4-PP-RH",NULL,"BandEnergyFromSpectrum","HF RMS Accel","g","AlarmTypeHigh","6.000","3.000","1.500",NULL,NULL,NULL,"2026-04-10 08:36:06","2026-04-10 08:36:06","0.627","Ok","2","J20260411070002B10E542","2026-04-11 07:15:17.341809+00","SOT & WWTP","Building 46","Level 1 south Ext","","","","","","","","B10E542","DSM"," Pump NDE"
"4d1eeb3a3053f4d0eabe6ae80428e97b","SOT & WWTP/Building 46/Level 1 South Int",NULL,"2204674-18700","d02dc63f-663b-465c-8e99-133e530a34f3",NULL,"Pump1",NULL,"3PP-DE",NULL,"3-PP-RH",NULL,"BandEnergyFromSpectrum","LF RMS Accel","g","AlarmTypeHigh","0.800","0.400","0.200",NULL,NULL,NULL,"2026-04-10 07:49:54","2026-04-10 07:49:54","0.057","Ok","2","J20260411070002B10E553","2026-04-11 07:15:31.376368+00","SOT & WWTP","Building 46","Level 1 South Int","","","","","","","","B10E553","DSM"," Pump DE"
"4d8011e7ebbd54b5d4d169c4ed9a7339","Calpan/Building 12/Level 3/Step 34",NULL,"100-12-34-599-01","ed08d57e-d030-4584-ba5c-b8e95227ae28",NULL,"ElectricMotor1",NULL,"2MT-DE",NULL,"2-MT-RH",NULL,"BandEnergyFromSpectrum","HF RMS Accel","g","AlarmTypeHigh","6.000","3.000","1.500",NULL,NULL,NULL,"2026-04-10 08:44:35","2026-04-10 08:44:35","0.239","Ok","2","J20260411070002B10E305","2026-04-11 07:15:28.836543+00","Calpan","Building 12","Level 3","Step 34","","","","","","","B10E305","DSM"," Motor DE"
"4d8d8c50c0be8ffbf4f674549f848240","Calpan/Building 12/Level 3/Step 34",NULL,"100-12-34-157-01","5d071c42-70ae-41ae-ab75-66543fc85f14",NULL,"Pump1",NULL,"3PP-DE",NULL,"3-PP-RV",NULL,"BandEnergyFromSpectrum","LF RMS Accel","g","AlarmTypeHigh","0.800","0.400","0.200",NULL,NULL,NULL,"2026-04-10 09:02:29","2026-04-10 09:02:29","0.116","Ok","2","J20260411070002B10E319","2026-04-11 07:15:15.91658+00","Calpan","Building 12","Level 3","Step 34","","","","","","","B10E319","DSM"," Pump DE"
"4db301c37730965d425fb3da598bb78c","SOT & WWTP/Building 46/Level 1 south Ext",NULL,"2204674-82200","03730490-e586-4775-9f7d-24435dd06cae",NULL,"Pump1",NULL,"3PP-DE",NULL,"3-PP-Ax",NULL,"Acceleration","Pk-Pk Accel","g","AlarmTypeHigh","9.000","6.000","3.000",NULL,NULL,NULL,"2026-04-10 08:36:06","2026-04-10 08:35:34","1.749","Ok","2","J20260411070002B10E542","2026-04-11 07:15:17.341809+00","SOT & WWTP","Building 46","Level 1 south Ext","","","","","","","","B10E542","DSM"," Pump DE"
"4e28bd04ee9498bee36468c34c266d1e","Calpan/Building 12/Level 3/Step 34",NULL,"100-12-34-042-01","baa957f8-47b1-4422-b93b-9c0e9c3cf8a3",NULL,"Pump1",NULL,"3PP-DE",NULL,"3-PP-RV",NULL,"BandEnergyFromSpectrum","MF Velocity (~3-8X)","mm/s","AlarmTypeHigh","5.000","3.000","1.000",NULL,NULL,NULL,"2026-04-10 09:31:52","2026-04-10 09:31:52","0.334","Ok","2","J20260411070002B10E328","2026-04-11 07:15:17.347474+00","Calpan","Building 12","Level 3","Step 34","","","","","","","B10E328","DSM"," Pump DE"
"4e4038b8cebf59053798284d04fec62a","Calpan/Building 12/Level 3/Step 34",NULL,"100-12-34-510-11","551c74fc-55de-40ed-aafc-1e0e6781fdfd",NULL,"ElectricMotor1",NULL,"2MT-DE",NULL,"2-MT-RH",NULL,"VibrationVelocity","OV Vel","mm/s","AlarmTypeHigh","7.100","4.500","2.300",NULL,NULL,NULL,"2026-04-10 08:39:42","2026-04-10 08:39:37","1.900","Ok","2","J20260411070002B10E302","2026-04-11 07:15:16.45472+00","Calpan","Building 12","Level 3","Step 34","","","","","","","B10E302","DSM"," Motor DE"
"4e6c757f44647a0c0656f24e9694af14","Calpan/Building 12/Level 3/Step 34",NULL,"100-12-34-510-11","551c74fc-55de-40ed-aafc-1e0e6781fdfd",NULL,"ElectricMotor1",NULL,"1MT-NDE",NULL,"1-MT-RV",NULL,"Acceleration","Pk-Pk Accel","g","AlarmTypeHigh","9.000","6.000","3.000",NULL,NULL,NULL,"2026-04-10 08:39:42","2026-04-10 08:39:13","2.093","Ok","2","J20260411070002B10E302","2026-04-11 07:15:16.45472+00","Calpan","Building 12","Level 3","Step 34","","","","","","","B10E302","DSM"," Motor NDE"
"4e9ca4634b6060e81975241ec5f2b55d","Calpan/Building 12/Level 3/Step 34",NULL,"100-12-34-112-01","6ede0422-81cb-4ec5-a1c5-1d25b11af911",NULL,"ElectricMotor1",NULL,"2MT-DE",NULL,"2-MT-RV",NULL,"BandEnergyFromSpectrum","HF RMS Accel","g","AlarmTypeHigh","6.000","3.000","1.500",NULL,NULL,NULL,"2026-04-10 09:38:31","2026-04-10 09:38:31","0.014","Ok","2","J20260411070002B10E332","2026-04-11 07:16:22.283852+00","Calpan","Building 12","Level 3","Step 34","","","","","","","B10E332","DSM"," Motor DE"
"4ec3cced9016848bb8e38191dd5cabf1","SOT & WWTP/Building 46/Level 1 South Int",NULL,"2204674-25200","8c097769-c06f-45ff-b124-b425f9a07faf",NULL,"ElectricMotor1",NULL,"1MT-NDE",NULL,"1-MT-RV",NULL,"BandEnergyFromSpectrum","LF RMS Accel","g","AlarmTypeHigh","0.800","0.400","0.200",NULL,NULL,NULL,"2026-04-10 08:05:54","2026-04-10 08:05:54","0.063","Ok","2","J20260411070002B10E556","2026-04-11 07:15:14.724536+00","SOT & WWTP","Building 46","Level 1 South Int","","","","","","","","B10E556","DSM"," Motor NDE"
"4f81ae3b9773681c014949bb1248a158","SOT & WWTP/Building 46/Level 1 South Int",NULL,"2204674-25200","8c097769-c06f-45ff-b124-b425f9a07faf",NULL,"LobulusCompressor1",NULL,"3LC-DE",NULL,"3-LC-Ax",NULL,"BandEnergyFromSpectrum","MF RMS Accel","g","AlarmTypeHigh","2.000","1.000","0.500",NULL,NULL,NULL,"2026-04-10 08:05:54","2026-04-10 08:05:54","0.374","Ok","2","J20260411070002B10E556","2026-04-11 07:15:14.724536+00","SOT & WWTP","Building 46","Level 1 South Int","","","","","","","","B10E556","DSM",NULL
"50363863fc6a42a5bf778f3907125d63","SOT & WWTP/Building 46/Level 1 south Ext",NULL,"2204674-84200","9cd3dcc6-d8f4-42a8-bfd4-4957a1c3d83b",NULL,"Pump1",NULL,"3PP-DE",NULL,"3-PP-RH",NULL,"VibrationVelocity","OV Vel","mm/s","AlarmTypeHigh","7.100","4.500","2.300",NULL,NULL,NULL,"2026-04-10 08:14:32","2026-04-10 08:14:02","0.298","Ok","2","J20260411070002B10E544","2026-04-11 07:15:22.151709+00","SOT & WWTP","Building 46","Level 1 south Ext","","","","","","","","B10E544","DSM"," Pump DE"
"50445f9495f8351bb262865c01b58172","SOT & WWTP/Building 46/Level 1 south Ext",NULL,"2204674-85200","44b72af3-d034-498f-8d9f-e5fe074eebbd",NULL,"Pump1",NULL,"3PP-DE",NULL,"3-PP-Ax",NULL,"BandEnergyFromSpectrum","MF RMS Accel","g","AlarmTypeHigh","2.000","1.000","0.500",NULL,NULL,NULL,"2026-04-10 08:17:06","2026-04-10 08:17:06","0.039","Ok","2","J20260411070002B10E546","2026-04-11 07:15:28.820148+00","SOT & WWTP","Building 46","Level 1 south Ext","","","","","","","","B10E546","DSM"," Pump DE"
"5051ae889c7d3116d0d283c5e8e24ad3","SOT & WWTP/Building 46/Level 1 south Ext",NULL,"2204674-85200","44b72af3-d034-498f-8d9f-e5fe074eebbd",NULL,"Pump1",NULL,"4PP-NDE",NULL,"4-PP-RH",NULL,"Acceleration","Pk-Pk Accel","g","AlarmTypeHigh","9.000","6.000","3.000",NULL,NULL,NULL,"2026-04-10 08:17:06","2026-04-10 08:17:03","0.765","Ok","2","J20260411070002B10E546","2026-04-11 07:15:28.820148+00","SOT & WWTP","Building 46","Level 1 south Ext","","","","","","","","B10E546","DSM"," Pump NDE"
"50872709947430c0bb1b15c07761fb7c","Calpan/Building 12/Level 3/Step 34",NULL,"100-12-34-052-01","4e95bfc9-5c27-4ef2-8f21-e1680ea3525a",NULL,"ElectricMotor1",NULL,"2MT-DE",NULL,"2-MT-RV",NULL,"BandEnergyFromSpectrum","LF RMS Accel","g","AlarmTypeHigh","0.800","0.400","0.200",NULL,NULL,NULL,"2026-04-10 09:35:03","2026-04-10 09:35:03","0.025","Ok","2","J20260411070002B10E329","2026-04-11 07:16:20.032019+00","Calpan","Building 12","Level 3","Step 34","","","","","","","B10E329","DSM"," Motor DE"
"508ac38fa58b89931454dda98e305380","SOT & WWTP/Building 46/Level 1 South Int",NULL,"2204674-18200","ddec0803-5671-4d5f-bcd2-6ad1ec7ba006",NULL,"Pump1",NULL,"3PP-DE",NULL,"3-PP-Ax",NULL,"VibrationVelocity","OV Vel","mm/s","AlarmTypeHigh","7.100","4.500","2.300",NULL,NULL,NULL,"2026-04-10 07:53:51","2026-04-10 07:53:20","0.458","Ok","2","J20260411070002B10E552","2026-04-11 07:15:30.323513+00","SOT & WWTP","Building 46","Level 1 South Int","","","","","","","","B10E552","DSM"," Pump DE"
"50fda5219559d98b1cb29ef6a15a7cf1","Calpan/Building 12/Level 3/Step 34",NULL,"100-12-34-112-01","6ede0422-81cb-4ec5-a1c5-1d25b11af911",NULL,"ElectricMotor1",NULL,"2MT-DE",NULL,"2-MT-RH",NULL,"BandEnergyFromSpectrum","MF RMS Accel","g","AlarmTypeHigh","2.000","1.000","0.500",NULL,NULL,NULL,"2026-04-10 09:38:31","2026-04-10 09:38:31","0.059","Ok","2","J20260411070002B10E332","2026-04-11 07:16:22.283852+00","Calpan","Building 12","Level 3","Step 34","","","","","","","B10E332","DSM"," Motor DE"
"51032b3523dd12bf69e7ea812c63cb7f","Calpan/Building 12/Level 3/Step 34",NULL,"100-12-34-052-01","4e95bfc9-5c27-4ef2-8f21-e1680ea3525a",NULL,"ElectricMotor1",NULL,"2MT-DE",NULL,"2-MT-Ax",NULL,"VibrationVelocity","OV Vel","mm/s","AlarmTypeHigh","7.100","4.500","2.300",NULL,NULL,NULL,"2026-04-10 09:35:03","2026-04-10 09:34:58","1.430","Ok","2","J20260411070002B10E329","2026-04-11 07:16:20.032019+00","Calpan","Building 12","Level 3","Step 34","","","","","","","B10E329","DSM"," Motor DE"
"511261b3e68c666eaed64ec0b0847878","SOT & WWTP/Building 46/Level 1 south Ext",NULL,"2204674-85200","44b72af3-d034-498f-8d9f-e5fe074eebbd",NULL,"Pump1",NULL,"3PP-DE",NULL,"3-PP-RV",NULL,"BandEnergyFromSpectrum","HF RMS Accel","g","AlarmTypeHigh","6.000","3.000","1.500",NULL,NULL,NULL,"2026-04-10 08:17:06","2026-04-10 08:17:06","0.025","Ok","2","J20260411070002B10E546","2026-04-11 07:15:28.820148+00","SOT & WWTP","Building 46","Level 1 south Ext","","","","","","","","B10E546","DSM"," Pump DE"
"511a4be84c2a89179b1ca17086e5fc37","Calpan/Building 12/Level 3/Step 34",NULL,"100-12-34-032-01","dfd2a084-a9f2-4a9f-bd33-34b210d47d0e",NULL,"ElectricMotor1",NULL,"1MT-NDE",NULL,"1-MT-RH",NULL,"Acceleration","OV Accel","g","AlarmTypeHigh","6.000","3.000","2.000",NULL,NULL,NULL,"2026-04-10 09:29:45","2026-04-10 09:29:11","0.101","Ok","2","J20260411070002B10E327","2026-04-11 07:15:47.921969+00","Calpan","Building 12","Level 3","Step 34","","","","","","","B10E327","DSM"," Motor NDE"
"513cd2b598954702ca1f9af73bda8d66","SOT & WWTP/Building 32/Ground Level",NULL,"4003245-01060 No.6","6b94553b-624d-41d6-ae32-d3ba7ca02dce",NULL,"ElectricMotor1",NULL,"2MT-DE",NULL,"2-MT-RH",NULL,"BandEnergyFromSpectrum","HF RMS Accel","g","AlarmTypeHigh","6.000","3.000","1.500",NULL,NULL,NULL,"2026-04-10 09:54:40","2026-04-10 09:54:40","1.192","Ok","2","J20260411070002B10E45","2026-04-11 07:15:28.823432+00","SOT & WWTP","Building 32","Ground Level","","","","","","","","B10E45","DSM"," Motor DE"
"514e67549693b2a041ffc28621692d41","SOT & WWTP/Building 46/Level 1 South Int",NULL,"2204674-25200","8c097769-c06f-45ff-b124-b425f9a07faf",NULL,"ElectricMotor1",NULL,"1MT-NDE",NULL,"1-MT-Ax",NULL,"BroadBand","Envelope Energy","g",NULL,NULL,NULL,NULL,NULL,NULL,NULL,"2026-04-10 08:05:54","2026-04-10 08:03:16","0.025","Unknown","1","J20260411070002B10E556","2026-04-11 07:15:14.724536+00","SOT & WWTP","Building 46","Level 1 South Int","","","","","","","","B10E556","DSM"," Motor NDE"
"518aef7c955495b91fc5577b9382a9c3","Calpan/Building 12/Level 3/Step 34",NULL,"100-12-34-452-01","95d59ee7-03e4-4a9e-b4c3-1eb0f2b52d18",NULL,"Pump1",NULL,"4PP-NDE",NULL,"4-PP-RH",NULL,"Acceleration","Pk-Pk Accel","g","AlarmTypeHigh","9.000","6.000","3.000",NULL,NULL,NULL,"2026-04-10 08:47:51","2026-04-10 08:47:44","3.016","PreAlarm","3","J20260411070002B10E313","2026-04-11 07:15:22.026089+00","Calpan","Building 12","Level 3","Step 34","","","","","","","B10E313","DSM"," Pump NDE"
"51a3a1b215c0027aa3ed7443b9c22765","SOT & WWTP/Building 46/Level 1 south Ext",NULL,"2204674-85200","44b72af3-d034-498f-8d9f-e5fe074eebbd",NULL,"Pump1",NULL,"3PP-DE",NULL,"3-PP-Ax",NULL,"Acceleration","Pk-Pk Accel","g","AlarmTypeHigh","9.000","6.000","3.000",NULL,NULL,NULL,"2026-04-10 08:17:06","2026-04-10 08:16:34","0.465","Ok","2","J20260411070002B10E546","2026-04-11 07:15:28.820148+00","SOT & WWTP","Building 46","Level 1 south Ext","","","","","","","","B10E546","DSM"," Pump DE"
"51b3dd0d275cf4be8e95711fa690f346","Calpan/Building 12/Level 3/Step 34",NULL,"100-12-34-182-01","cb82f5f4-a90f-417b-9120-982c9cc359e8",NULL,"ElectricMotor1",NULL,"2MT-DE",NULL,"2-MT-RV",NULL,"BandEnergyFromSpectrum","MF Velocity (~3-8X)","mm/s","AlarmTypeHigh","5.000","3.000","1.000",NULL,NULL,NULL,"2026-04-10 08:58:11","2026-04-10 08:58:11","0.387","Ok","2","J20260411070002B10E775","2026-04-11 07:15:47.606089+00","Calpan","Building 12","Level 3","Step 34","","","","","","","B10E775","DSM"," Motor DE"
"520132e84b947e4273e1adbba97687ec","SOT & WWTP/Building 46/Level 1 south Ext",NULL,"2204674-85200","44b72af3-d034-498f-8d9f-e5fe074eebbd",NULL,"ElectricMotor1",NULL,"1MT-NDE",NULL,"1-MT-RH",NULL,"BandEnergyFromSpectrum","MF Velocity (~3-8X)","mm/s","AlarmTypeHigh","5.000","3.000","1.000",NULL,NULL,NULL,"2026-04-10 08:17:06","2026-04-10 08:17:06","0.084","Ok","2","J20260411070002B10E546","2026-04-11 07:15:28.820148+00","SOT & WWTP","Building 46","Level 1 south Ext","","","","","","","","B10E546","DSM"," Motor NDE"
"521084a9cc177fb51b9eb3dc17d4df92","SOT & WWTP/Building 32/Ground Level",NULL,"4003245-01070","f0256864-92af-49d6-b5bb-fa91f04642f9",NULL,"ElectricMotor1",NULL,"1MT-NDE",NULL,"1-MT-RH",NULL,"VibrationVelocity","OV Vel","mm/s","AlarmTypeHigh","7.100","4.500","2.300",NULL,NULL,NULL,"2026-04-10 09:52:07","2026-04-10 09:50:29","2.060","Ok","2","J20260411070002B10E46","2026-04-11 07:15:22.091584+00","SOT & WWTP","Building 32","Ground Level","","","","","","","","B10E46","DSM"," Motor NDE"
"52118758aad6eaa128e25c320d3cdc20","Calpan/Building 12/Level 3/Step 34",NULL,"100-12-34-182-01","cb82f5f4-a90f-417b-9120-982c9cc359e8",NULL,"Pump1",NULL,"3PP-DE",NULL,"3-PP-RV",NULL,"BandEnergyFromSpectrum","MF RMS Accel","g","AlarmTypeHigh","2.000","1.000","0.500",NULL,NULL,NULL,"2026-04-10 08:58:11","2026-04-10 08:58:11","1.018","Alarm","4","J20260411070002B10E775","2026-04-11 07:15:47.606089+00","Calpan","Building 12","Level 3","Step 34","","","","","","","B10E775","DSM"," Pump DE"
"522b309036f6912f5dc999f3edfba8df","SOT & WWTP/Building 46/Level 1 South Int",NULL,"2204674-25200","8c097769-c06f-45ff-b124-b425f9a07faf",NULL,"ElectricMotor1",NULL,"2MT-DE",NULL,"2-MT-RV",NULL,"BandEnergyFromSpectrum","MF Velocity (~3-8X)","mm/s","AlarmTypeHigh","5.000","3.000","1.000",NULL,NULL,NULL,"2026-04-10 08:05:54","2026-04-10 08:05:54","0.758","Ok","2","J20260411070002B10E556","2026-04-11 07:15:14.724536+00","SOT & WWTP","Building 46","Level 1 South Int","","","","","","","","B10E556","DSM"," Motor DE"
"522ec9e00f6571d2223f62446525753e","Calpan/Building 12/Level 3/Step 34",NULL,"100-12-34-182-01","cb82f5f4-a90f-417b-9120-982c9cc359e8",NULL,"ElectricMotor1",NULL,"1MT-NDE",NULL,"1-MT-Ax",NULL,"BandEnergyFromSpectrum","LF RMS Accel","g","AlarmTypeHigh","0.800","0.400","0.200",NULL,NULL,NULL,"2026-04-10 08:58:11","2026-04-10 08:58:11","0.112","Ok","2","J20260411070002B10E775","2026-04-11 07:15:47.606089+00","Calpan","Building 12","Level 3","Step 34","","","","","","","B10E775","DSM"," Motor NDE"
"5254887b29e02c85a691c74709645d90","SOT & WWTP/Building 32/Ground Level",NULL,"4003245-01070","f0256864-92af-49d6-b5bb-fa91f04642f9",NULL,"ElectricMotor1",NULL,"2MT-DE",NULL,"2-MT-RH",NULL,"BandEnergyFromSpectrum","MF Velocity (~3-8X)","mm/s","AlarmTypeHigh","5.000","3.000","1.000",NULL,NULL,NULL,"2026-04-10 09:52:07","2026-04-10 09:52:07","0.471","Ok","2","J20260411070002B10E46","2026-04-11 07:15:22.091584+00","SOT & WWTP","Building 32","Ground Level","","","","","","","","B10E46","DSM"," Motor DE"
"5260c990b54e9d34baf5868fda04861f","SOT & WWTP/Building 46/Level 1 south Ext",NULL,"2204674-91200","63f8e6fe-5f68-4171-9ca8-5bb946a1571d",NULL,"ElectricMotor1",NULL,"2MT-DE",NULL,"2-MT-RV",NULL,"Acceleration","OV Accel","g","AlarmTypeHigh","6.000","3.000","2.000",NULL,NULL,NULL,"2026-04-10 08:29:56","2026-04-10 08:29:46","0.636","Ok","2","J20260411070002B10E548","2026-04-11 07:16:21.067974+00","SOT & WWTP","Building 46","Level 1 south Ext","","","","","","","","B10E548","DSM"," Motor DE"
"5268d089c9bf1175c10a012b36acf7fe","SOT & WWTP/Building 46/Level 1 South Int",NULL,"2204674-12200","920f4ad8-e17b-4e95-bb07-fe8ccfbdeb6a",NULL,"ElectricMotor1",NULL,"2MT-DE",NULL,"2-MT-RH",NULL,"BandEnergyFromSpectrum","MF RMS Accel","g","AlarmTypeHigh","2.000","1.000","0.500",NULL,NULL,NULL,"2026-04-10 07:59:41","2026-04-10 07:59:41","0.086","Ok","2","J20260411070002B10E550","2026-04-11 07:15:15.907019+00","SOT & WWTP","Building 46","Level 1 South Int","","","","","","","","B10E550","DSM"," Motor DE"
"527489d53988ca60feaf7237cac560fa","Calpan/Building 12/Level 3/Step 34",NULL,"100-12-34-599-01","ed08d57e-d030-4584-ba5c-b8e95227ae28",NULL,"ElectricMotor1",NULL,"2MT-DE",NULL,"2-MT-RH",NULL,"BandEnergyFromSpectrum","MF RMS Accel","g","AlarmTypeHigh","2.000","1.000","0.500",NULL,NULL,NULL,"2026-04-10 08:44:35","2026-04-10 08:44:35","0.071","Ok","2","J20260411070002B10E305","2026-04-11 07:15:28.836543+00","Calpan","Building 12","Level 3","Step 34","","","","","","","B10E305","DSM"," Motor DE"
"52ba9cd3fa8a403daaad8032a62879bd","SOT & WWTP/Building 46/Level 1 south Ext",NULL,"2204673-20200","971c1886-fae1-4e46-bdc2-fedaf770dc42",NULL,"ElectricMotor1",NULL,"1MT-NDE",NULL,"1-MT-RV",NULL,"BandEnergyFromSpectrum","MF Velocity (~3-8X)","mm/s","AlarmTypeHigh","5.000","3.000","1.000",NULL,NULL,NULL,"2026-04-10 08:11:00","2026-04-10 08:11:00","0.999","Ok","2","J20260411070002B10E986","2026-04-11 07:16:18.775238+00","SOT & WWTP","Building 46","Level 1 south Ext","","","","","","","","B10E986","DSM"," Motor NDE"
"52bf8e290a0f842919258b838f951cf4","SOT & WWTP/Building 32/Ground Level",NULL,"4003245-01070","f0256864-92af-49d6-b5bb-fa91f04642f9",NULL,"ElectricMotor1",NULL,"2MT-DE",NULL,"2-MT-RH",NULL,"VibrationVelocity","OV Vel","mm/s","AlarmTypeHigh","7.100","4.500","2.300",NULL,NULL,NULL,"2026-04-10 09:52:07","2026-04-10 09:50:57","3.939","PreAlarm","3","J20260411070002B10E46","2026-04-11 07:15:22.091584+00","SOT & WWTP","Building 32","Ground Level","","","","","","","","B10E46","DSM"," Motor DE"
"7320a4765dfe74b68d6f4501cc1045bb","C449 Saw Mill/E04 Outside",NULL,"Main Chipper","dac15679-ff74-42e6-81bb-cd12b82168ab",NULL,"ElectricMotor1",NULL,"2MT-DE",NULL,"2-MT-RH",NULL,"BroadBand","Envelope Energy","g",NULL,NULL,NULL,NULL,NULL,NULL,NULL,"2024-08-19 10:27:21","2024-08-19 10:25:54","0.641","Unknown","1","J20241114213000B21E34","2025-10-20 13:12:25.616719+00","C449 Saw Mill","E04 Outside","","","","","","","","","B21E34","Glennon Brothers"," Motor DE"
"53146e8808eeb8cf879cf03ce6461c42","SOT & WWTP/Building 46/Level 1 South Int",NULL,"2204674-18200","ddec0803-5671-4d5f-bcd2-6ad1ec7ba006",NULL,"Pump1",NULL,"4PP-NDE",NULL,"4-PP-Ax",NULL,"BandEnergyFromSpectrum","HF RMS Accel","g","AlarmTypeHigh","6.000","3.000","1.500",NULL,NULL,NULL,"2026-04-10 07:53:51","2026-04-10 07:53:51","0.045","Ok","2","J20260411070002B10E552","2026-04-11 07:15:30.323513+00","SOT & WWTP","Building 46","Level 1 South Int","","","","","","","","B10E552","DSM"," Pump NDE"
"53262d84c9ea76efacbcd0bdc236d9d5","Calpan/Building 12/Level 3/Step 34",NULL,"100-12-34-452-01","95d59ee7-03e4-4a9e-b4c3-1eb0f2b52d18",NULL,"Pump1",NULL,"3PP-DE",NULL,"3-PP-RV",NULL,"BandEnergyFromSpectrum","MF Velocity (~3-8X)","mm/s","AlarmTypeHigh","5.000","3.000","1.000",NULL,NULL,NULL,"2026-04-10 08:47:51","2026-04-10 08:47:51","0.566","Ok","2","J20260411070002B10E313","2026-04-11 07:15:22.026089+00","Calpan","Building 12","Level 3","Step 34","","","","","","","B10E313","DSM"," Pump DE"
"5326de909646e9abb8574647f514739d","SOT & WWTP/Building 46/Level 1 south Ext",NULL,"2204673-64200","1183b785-83bc-4239-9fd1-4c4e5ad0d5f0",NULL,"ElectricMotor1",NULL,"1MT-NDE",NULL,"1-MT-Ax",NULL,"BroadBand","Envelope Energy","g",NULL,NULL,NULL,NULL,NULL,NULL,NULL,"2026-04-10 07:43:24","2026-04-10 07:41:15","0.001","Unknown","1","J20260411070002B10E958","2026-04-11 07:15:31.367013+00","SOT & WWTP","Building 46","Level 1 south Ext","","","","","","","","B10E958","DSM"," Motor NDE"
"533d6ff199f01aa725479c2d4aa5d08d","SOT & WWTP/Building 46/Level 1 South Int",NULL,"2204674-18200","ddec0803-5671-4d5f-bcd2-6ad1ec7ba006",NULL,"ElectricMotor1",NULL,"1MT-NDE",NULL,"1-MT-RH",NULL,"BandEnergyFromSpectrum","LF RMS Accel","g","AlarmTypeHigh","0.800","0.400","0.200",NULL,NULL,NULL,"2026-04-10 07:53:51","2026-04-10 07:53:51","0.021","Ok","2","J20260411070002B10E552","2026-04-11 07:15:30.323513+00","SOT & WWTP","Building 46","Level 1 South Int","","","","","","","","B10E552","DSM"," Motor NDE"
"5342053093d6e1a81bda7ba5ef6efbd8","Calpan/Building 12/Level 3/Step 34",NULL,"100-12-34-042-01","baa957f8-47b1-4422-b93b-9c0e9c3cf8a3",NULL,"Pump1",NULL,"4PP-NDE",NULL,"4-PP-Ax",NULL,"Acceleration","OV Accel","g","AlarmTypeHigh","6.000","3.000","2.000",NULL,NULL,NULL,"2026-04-10 09:31:52","2026-04-10 09:31:42","0.049","Ok","2","J20260411070002B10E328","2026-04-11 07:15:17.347474+00","Calpan","Building 12","Level 3","Step 34","","","","","","","B10E328","DSM"," Pump NDE"
"53498af40a7508335784d982918fdd64","SOT & WWTP/Building 32/Ground Level",NULL,"4003245-01050","c6e1ea8c-b0aa-4ab3-b1ab-4a7c92913666",NULL,"ElectricMotor1",NULL,"1MT-NDE",NULL,"1-MT-RV",NULL,"BandEnergyFromSpectrum","LF RMS Accel","g","AlarmTypeHigh","0.800","0.400","0.200",NULL,NULL,NULL,"2026-04-10 09:57:30","2026-04-10 09:57:30","0.061","Ok","2","J20260411070002B10E44","2026-04-11 07:16:20.260687+00","SOT & WWTP","Building 32","Ground Level","","","","","","","","B10E44","DSM"," Motor NDE"
"535f085635464b3a40b24040c1ca1060","Calpan/Building 12/Level 3/Step 34",NULL,"100-12-34-052-01","4e95bfc9-5c27-4ef2-8f21-e1680ea3525a",NULL,"Pump1",NULL,"4PP-NDE",NULL,"4-PP-Ax",NULL,"Acceleration","Pk-Pk Accel","g","AlarmTypeHigh","9.000","6.000","3.000",NULL,NULL,NULL,"2026-04-10 09:35:03","2026-04-10 09:33:52","0.535","Ok","2","J20260411070002B10E329","2026-04-11 07:16:20.032019+00","Calpan","Building 12","Level 3","Step 34","","","","","","","B10E329","DSM"," Pump NDE"
"53e21536b07b5786c515ba262d9a6c0b","Calpan/Building 12/Level 3/Step 34",NULL,"100-12-34-452-01","95d59ee7-03e4-4a9e-b4c3-1eb0f2b52d18",NULL,"ElectricMotor1",NULL,"1MT-NDE",NULL,"1-MT-RV",NULL,"VibrationVelocity","OV Vel","mm/s","AlarmTypeHigh","7.100","4.500","2.300",NULL,NULL,NULL,"2026-04-10 08:47:51","2026-04-10 08:46:23","3.785","PreAlarm","3","J20260411070002B10E313","2026-04-11 07:15:22.026089+00","Calpan","Building 12","Level 3","Step 34","","","","","","","B10E313","DSM"," Motor NDE"
"53e4304fd2d759ce059dd8fca4d31e92","Calpan/Building 12/Level 2/Step 34",NULL,"100-12-34-442-01","10694b53-68ec-4cc5-ba70-011ea9cfc8cb",NULL,"Pump1",NULL,"4PP-NDE",NULL,"4-PP-Ax",NULL,"BandEnergyFromSpectrum","LF RMS Accel","g","AlarmTypeHigh","0.800","0.400","0.200",NULL,NULL,NULL,"2026-04-10 07:04:28","2026-04-10 07:04:28","0.075","Ok","2","J20260411070002B10E108","2026-04-11 07:15:30.283493+00","Calpan","Building 12","Level 2","Step 34","","","","","","","B10E108","DSM"," Pump NDE"
"54160488c59910f74239225e24480ff0","Calpan/Building 12/Level 3/Step 34",NULL,"100-12-34-122-01","2f0c1896-955a-4c2b-b25f-c632bd837c5d",NULL,"ElectricMotor1",NULL,"1MT-NDE",NULL,"1-MT-RV",NULL,"BandEnergyFromSpectrum","MF Velocity (~3-8X)","mm/s","AlarmTypeHigh","5.000","3.000","1.000",NULL,NULL,NULL,"2026-04-10 09:11:47","2026-04-10 09:11:47","0.521","Ok","2","J20260411070002B10E320","2026-04-11 07:15:20.786773+00","Calpan","Building 12","Level 3","Step 34","","","","","","","B10E320","DSM"," Motor NDE"
"545c22f174cd8ef572fba964f106470b","SOT & WWTP/Building 46/Level 1 south Ext",NULL,"2204674-91700","c5661652-b006-41ac-9678-a9f8cee30d2e",NULL,"ElectricMotor1",NULL,"2MT-DE",NULL,"2-MT-RH",NULL,"BandEnergyFromSpectrum","HF RMS Accel","g","AlarmTypeHigh","6.000","3.000","1.500",NULL,NULL,NULL,"2026-04-10 08:28:29","2026-04-10 08:28:29","0.211","Ok","2","J20260411070002B10E549","2026-04-11 07:15:44.625996+00","SOT & WWTP","Building 46","Level 1 south Ext","","","","","","","","B10E549","DSM"," Motor DE"
"5477be49e58821a6b73adab1b26d0d61","Calpan/Building 12/Level 3/Step 34",NULL,"100-12-34-177-01","4418a4f0-5185-4ca9-8a85-a8ed7d6d8870",NULL,"ElectricMotor1",NULL,"1MT-NDE",NULL,"1-MT-Ax",NULL,"VibrationVelocity","OV Vel","mm/s","AlarmTypeHigh","7.100","4.500","2.300",NULL,NULL,NULL,"2026-04-10 09:27:57","2026-04-10 09:19:56","0.793","Ok","2","J20260411070002B10E325","2026-04-11 07:15:44.90977+00","Calpan","Building 12","Level 3","Step 34","","","","","","","B10E325","DSM"," Motor NDE"
"54863e0e82ebbae0b78bfeee09ea163e","SOT & WWTP/Building 46/Level 1 south Ext",NULL,"2204673-65200","8f669413-f706-47d4-92c1-000af5b89657",NULL,"Pump1",NULL,"4PP-NDE",NULL,"4-PP-RV",NULL,"BroadBand","Envelope Energy","g",NULL,NULL,NULL,NULL,NULL,NULL,NULL,"2026-04-10 07:45:56","2026-04-10 07:45:43","0.042","Unknown","1","J20260411070002B10E960","2026-04-11 07:15:31.403974+00","SOT & WWTP","Building 46","Level 1 south Ext","","","","","","","","B10E960","DSM"," Pump NDE"
"5488e703074a91fac389a9769a869e85","Calpan/Building 12/Level 3/Step 34",NULL,"100-12-34-042-01","baa957f8-47b1-4422-b93b-9c0e9c3cf8a3",NULL,"Pump1",NULL,"3PP-DE",NULL,"3-PP-Ax",NULL,"Acceleration","OV Accel","g","AlarmTypeHigh","6.000","3.000","2.000",NULL,NULL,NULL,"2026-04-10 09:31:52","2026-04-10 09:31:16","0.043","Ok","2","J20260411070002B10E328","2026-04-11 07:15:17.347474+00","Calpan","Building 12","Level 3","Step 34","","","","","","","B10E328","DSM"," Pump DE"
"54b708224572dd471535c7fff2314655","SOT & WWTP/Building 32/Ground Level",NULL,"4003245-01030","43aad99e-1dbc-4d74-b061-e10b847dea3e",NULL,"Pump1",NULL,"4PP-NDE",NULL,"4-PP-RV",NULL,"VibrationVelocity","OV Vel","mm/s","AlarmTypeHigh","7.100","4.500","2.300",NULL,NULL,NULL,"2026-04-10 09:59:58","2026-04-10 09:59:54","2.399","PreAlarm","3","J20260411070002B10E42","2026-04-11 07:15:44.831133+00","SOT & WWTP","Building 32","Ground Level","","","","","","","","B10E42","DSM"," Pump NDE"
"55083e66bb9164f2457e442909886913","Calpan/Building 12/Level 3/Step 34",NULL,"100-12-34-599-01","ed08d57e-d030-4584-ba5c-b8e95227ae28",NULL,"ElectricMotor1",NULL,"2MT-DE",NULL,"2-MT-Ax",NULL,"BandEnergyFromSpectrum","LF RMS Accel","g","AlarmTypeHigh","0.800","0.400","0.200",NULL,NULL,NULL,"2026-04-10 08:44:35","2026-04-10 08:44:35","0.011","Ok","2","J20260411070002B10E305","2026-04-11 07:15:28.836543+00","Calpan","Building 12","Level 3","Step 34","","","","","","","B10E305","DSM"," Motor DE"
"550c8b3f50733d5bce438eefbd62e707","SOT & WWTP/Building 46/Level 1 south Ext",NULL,"2204673-65200","8f669413-f706-47d4-92c1-000af5b89657",NULL,"ElectricMotor1",NULL,"1MT-NDE",NULL,"1-MT-RH",NULL,"BroadBand","Envelope Energy","g",NULL,NULL,NULL,NULL,NULL,NULL,NULL,"2026-04-10 07:45:56","2026-04-10 07:44:09","0.026","Unknown","1","J20260411070002B10E960","2026-04-11 07:15:31.403974+00","SOT & WWTP","Building 46","Level 1 south Ext","","","","","","","","B10E960","DSM"," Motor NDE"
"5516fc1758e65f42f7fbb56ac26d62d5","SOT & WWTP/Building 46/Level 1 south Ext",NULL,"2204673-65200","8f669413-f706-47d4-92c1-000af5b89657",NULL,"Pump1",NULL,"3PP-DE",NULL,"3-PP-RV",NULL,"Acceleration","Pk-Pk Accel","g","AlarmTypeHigh","9.000","6.000","3.000",NULL,NULL,NULL,"2026-04-10 07:45:56","2026-04-10 07:45:19","0.842","Ok","2","J20260411070002B10E960","2026-04-11 07:15:31.403974+00","SOT & WWTP","Building 46","Level 1 south Ext","","","","","","","","B10E960","DSM"," Pump DE"
"551c311d3718758da1941c1e886e1254","SOT & WWTP/Building 46/Level 1 south Ext",NULL,"2204674-80200","4a5f1f07-5d69-47ff-ad0c-51f038ca26f5",NULL,"Pump1",NULL,"3PP-DE",NULL,"3-PP-RV",NULL,"BandEnergyFromSpectrum","MF RMS Accel","g","AlarmTypeHigh","2.000","1.000","0.500",NULL,NULL,NULL,"2026-04-10 08:33:22","2026-04-10 08:33:22","0.564","PreAlarm","3","J20260411070002B10E540","2026-04-11 07:15:30.329764+00","SOT & WWTP","Building 46","Level 1 south Ext","","","","","","","","B10E540","DSM"," Pump DE"
"551f1cd535a41e83cf0b10e5335d8de2","SOT & WWTP/Building 46/Level 1 south Ext",NULL,"2204674-82200","03730490-e586-4775-9f7d-24435dd06cae",NULL,"ElectricMotor1",NULL,"2MT-DE",NULL,"2-MT-RV",NULL,"Acceleration","Pk-Pk Accel","g","AlarmTypeHigh","9.000","6.000","3.000",NULL,NULL,NULL,"2026-04-10 08:36:06","2026-04-10 08:35:07","1.371","Ok","2","J20260411070002B10E542","2026-04-11 07:15:17.341809+00","SOT & WWTP","Building 46","Level 1 south Ext","","","","","","","","B10E542","DSM"," Motor DE"
"5524e4341f8ac27cb84270add40ccfd0","SOT & WWTP/Building 32/Ground Level",NULL,"4003245-01060 No.6","6b94553b-624d-41d6-ae32-d3ba7ca02dce",NULL,"Pump1",NULL,"4PP-NDE",NULL,"4-PP-RV",NULL,"BandEnergyFromSpectrum","LF RMS Accel","g","AlarmTypeHigh","0.800","0.400","0.200",NULL,NULL,NULL,"2026-04-10 09:54:40","2026-04-10 09:54:40","0.470","Alarm","4","J20260411070002B10E45","2026-04-11 07:15:28.823432+00","SOT & WWTP","Building 32","Ground Level","","","","","","","","B10E45","DSM"," Pump NDE"
"550ec63f70f6a86fdde8f0ef5d95def0","SOT & WWTP/Building 38/Ground Level",NULL,"4003881-06200","3a8cb6e0-1682-45e3-ade5-5a3659cec6da",NULL,NULL,NULL,NULL,NULL,NULL,NULL,"RotationSpeed","Rotation Speed","Hz",NULL,NULL,NULL,NULL,NULL,NULL,NULL,"2026-04-20 13:17:35","2026-04-20 13:30:30","34.615","Unknown","1","J20260421070000B10E21","2026-04-21 07:15:13.597632+00","SOT & WWTP","Building 38","Ground Level","","","","","","","","B10E21","DSM",NULL
"552c34f51496512d14a7228a494b71c8","Calpan/Building 12/Level 3/Step 34",NULL,"100-12-34-137-01","6b60b0aa-ef09-4630-b0c3-9a82f9488b6f",NULL,"GearBox1",NULL,"3GB-InDE",NULL,"3-GB-RH",NULL,"VibrationVelocity","OV Vel","mm/s","AlarmTypeHigh","7.100","4.500","2.300",NULL,NULL,NULL,"2026-04-10 09:16:58","2026-04-10 09:14:10","0.376","Ok","2","J20260411070002B10E322","2026-04-11 07:16:18.069423+00","Calpan","Building 12","Level 3","Step 34","","","","","","","B10E322","DSM"," Gearbox InDE"
"55396b3199740fb6889a952b99d2bb99","Calpan/Building 12/Level 3/Step 34",NULL,"100-12-34-177-01","4418a4f0-5185-4ca9-8a85-a8ed7d6d8870",NULL,"GearBox1",NULL,"3GB-InDE",NULL,"3-GB-Ax",NULL,"VibrationVelocity","OV Vel","mm/s","AlarmTypeHigh","7.100","4.500","2.300",NULL,NULL,NULL,"2026-04-10 09:27:57","2026-04-10 09:20:44","0.656","Ok","2","J20260411070002B10E325","2026-04-11 07:15:44.90977+00","Calpan","Building 12","Level 3","Step 34","","","","","","","B10E325","DSM"," Gearbox InDE"
"556188c659f09fd1dfe34a2a52271a88","Calpan/Building 12/Level 3/Step 34",NULL,"100-12-34-510-21","61567fca-5d02-4da4-933d-d5959c33b06d",NULL,"ElectricMotor1",NULL,"2MT-DE",NULL,"2-MT-RT",NULL,"BandEnergyFromSpectrum","HF RMS Accel","g","AlarmTypeHigh","6.000","3.000","1.500",NULL,NULL,NULL,"2026-04-10 08:42:19","2026-04-10 08:42:19","0.303","Ok","2","J20260411070002B10E303","2026-04-11 07:16:14.211894+00","Calpan","Building 12","Level 3","Step 34","","","","","","","B10E303","DSM",NULL
"5575a963773d7a48765dca0b9be23652","Calpan/Building 12/Level 3/Step 34",NULL,"100-12-34-510-11","551c74fc-55de-40ed-aafc-1e0e6781fdfd",NULL,"ElectricMotor1",NULL,"2MT-DE",NULL,"2-MT-RV",NULL,"VibrationVelocity","OV Vel","mm/s","AlarmTypeHigh","7.100","4.500","2.300",NULL,NULL,NULL,"2026-04-10 08:39:42","2026-04-10 08:36:54","2.071","Ok","2","J20260411070002B10E302","2026-04-11 07:15:16.45472+00","Calpan","Building 12","Level 3","Step 34","","","","","","","B10E302","DSM"," Motor DE"
"55897fda3205caacc810fe50af8db165","Calpan/Building 12/Level 3/Step 34",NULL,"100-12-34-452-01","95d59ee7-03e4-4a9e-b4c3-1eb0f2b52d18",NULL,"ElectricMotor1",NULL,"2MT-DE",NULL,"2-MT-Ax",NULL,"BandEnergyFromSpectrum","MF Velocity (~3-8X)","mm/s","AlarmTypeHigh","5.000","3.000","1.000",NULL,NULL,NULL,"2026-04-10 08:47:51","2026-04-10 08:47:51","0.791","Ok","2","J20260411070002B10E313","2026-04-11 07:15:22.026089+00","Calpan","Building 12","Level 3","Step 34","","","","","","","B10E313","DSM"," Motor DE"
"55922cd90458a017296bd083a62714df","SOT & WWTP/Building 46/Level 1 south Ext",NULL,"2204674-86700","df615b42-35ae-4d9e-8440-ec02f423d24f",NULL,"Pump1",NULL,"4PP-NDE",NULL,"4-PP-Ax",NULL,"Acceleration","OV Accel","g","AlarmTypeHigh","6.000","3.000","2.000",NULL,NULL,NULL,"2026-04-10 08:24:26","2026-04-10 08:19:55","1.002","Ok","2","J20260411070002B10E886","2026-04-11 07:15:18.11167+00","SOT & WWTP","Building 46","Level 1 south Ext","","","","","","","","B10E886","DSM"," Pump NDE"
"55966c5f2eef028a50aaa85ef8e7866d","SOT & WWTP/Building 32/Ground Level",NULL,"4003245-01050","c6e1ea8c-b0aa-4ab3-b1ab-4a7c92913666",NULL,"ElectricMotor1",NULL,"2MT-DE",NULL,"2-MT-RH",NULL,"BandEnergyFromSpectrum","HF RMS Accel","g","AlarmTypeHigh","6.000","3.000","1.500",NULL,NULL,NULL,"2026-04-10 09:57:30","2026-04-10 09:57:30","1.540","PreAlarm","3","J20260411070002B10E44","2026-04-11 07:16:20.260687+00","SOT & WWTP","Building 32","Ground Level","","","","","","","","B10E44","DSM"," Motor DE"
"55ba49a9b2a7f102525ad6d962f6e13c","SOT & WWTP/Building 46/Level 1 South Int",NULL,"2204674-12200","920f4ad8-e17b-4e95-bb07-fe8ccfbdeb6a",NULL,"ElectricMotor1",NULL,"2MT-DE",NULL,"2-MT-RV",NULL,"VibrationVelocity","OV Vel","mm/s","AlarmTypeHigh","7.100","4.500","2.300",NULL,NULL,NULL,"2026-04-10 07:59:41","2026-04-10 07:58:41","1.286","Ok","2","J20260411070002B10E550","2026-04-11 07:15:15.907019+00","SOT & WWTP","Building 46","Level 1 South Int","","","","","","","","B10E550","DSM"," Motor DE"
"55cfd5700c3a6e491c6028fa8d1045d0","Calpan/Building 12/Level 3/Step 34",NULL,"100-12-34-510-11","551c74fc-55de-40ed-aafc-1e0e6781fdfd",NULL,"ElectricMotor1",NULL,"2MT-DE",NULL,"2-MT-RV",NULL,"BandEnergyFromSpectrum","MF Velocity (~3-8X)","mm/s","AlarmTypeHigh","5.000","3.000","1.000",NULL,NULL,NULL,"2026-04-10 08:39:42","2026-04-10 08:39:42","0.419","Ok","2","J20260411070002B10E302","2026-04-11 07:15:16.45472+00","Calpan","Building 12","Level 3","Step 34","","","","","","","B10E302","DSM"," Motor DE"
"55d36ecfacf50293989de1b38e7666cd","SOT & WWTP/Building 46/Level 1 south Ext",NULL,"2204673-65200","8f669413-f706-47d4-92c1-000af5b89657",NULL,"ElectricMotor1",NULL,"1MT-NDE",NULL,"1-MT-RV",NULL,"BandEnergyFromSpectrum","HF RMS Accel","g","AlarmTypeHigh","6.000","3.000","1.500",NULL,NULL,NULL,"2026-04-10 07:45:56","2026-04-10 07:45:56","0.042","Ok","2","J20260411070002B10E960","2026-04-11 07:15:31.403974+00","SOT & WWTP","Building 46","Level 1 south Ext","","","","","","","","B10E960","DSM"," Motor NDE"
"55f6a8fd159265b113ce7853ae61ce0b","SOT & WWTP/Building 46/Level 1 south Ext",NULL,"2204674-85200","44b72af3-d034-498f-8d9f-e5fe074eebbd",NULL,"ElectricMotor1",NULL,"1MT-NDE",NULL,"1-MT-Ax",NULL,"BroadBand","Envelope Energy","g",NULL,NULL,NULL,NULL,NULL,NULL,NULL,"2026-04-10 08:17:06","2026-04-10 08:15:32","0.006","Unknown","1","J20260411070002B10E546","2026-04-11 07:15:28.820148+00","SOT & WWTP","Building 46","Level 1 south Ext","","","","","","","","B10E546","DSM"," Motor NDE"
"561d8bf64e54405f5873449ae06a9660","SOT & WWTP/Building 46/Level 1 south Ext",NULL,"2204674-85200","44b72af3-d034-498f-8d9f-e5fe074eebbd",NULL,"Pump1",NULL,"4PP-NDE",NULL,"4-PP-Ax",NULL,"BandEnergyFromSpectrum","LF RMS Accel","g","AlarmTypeHigh","0.800","0.400","0.200",NULL,NULL,NULL,"2026-04-10 08:17:06","2026-04-10 08:17:06","0.064","Ok","2","J20260411070002B10E546","2026-04-11 07:15:28.820148+00","SOT & WWTP","Building 46","Level 1 south Ext","","","","","","","","B10E546","DSM"," Pump NDE"
"565439b5ee0368e9f3a596fa089e232f","SOT & WWTP/Building 46/Level 1 South Int",NULL,"2204674-18200","ddec0803-5671-4d5f-bcd2-6ad1ec7ba006",NULL,"ElectricMotor1",NULL,"2MT-DE",NULL,"2-MT-RH",NULL,"Acceleration","OV Accel","g","AlarmTypeHigh","6.000","3.000","2.000",NULL,NULL,NULL,"2026-04-10 07:53:51","2026-04-10 07:52:47","0.352","Ok","2","J20260411070002B10E552","2026-04-11 07:15:30.323513+00","SOT & WWTP","Building 46","Level 1 South Int","","","","","","","","B10E552","DSM"," Motor DE"
"5691bdbfd372b2875784a23cbe97f82e","SOT & WWTP/Building 32/Ground Level",NULL,"4003245-01060 No.6","6b94553b-624d-41d6-ae32-d3ba7ca02dce",NULL,"ElectricMotor1",NULL,"1MT-NDE",NULL,"1-MT-RH",NULL,"BandEnergyFromSpectrum","MF RMS Accel","g","AlarmTypeHigh","2.000","1.000","0.500",NULL,NULL,NULL,"2026-04-10 09:54:40","2026-04-10 09:54:40","2.715","Danger","5","J20260411070002B10E45","2026-04-11 07:15:28.823432+00","SOT & WWTP","Building 32","Ground Level","","","","","","","","B10E45","DSM"," Motor NDE"
"5693d7f37573318524ea49a84755dc6d","SOT & WWTP/Building 46/Level 1 south Ext",NULL,"2204673-65200","8f669413-f706-47d4-92c1-000af5b89657",NULL,"ElectricMotor1",NULL,"2MT-DE",NULL,"2-MT-RV",NULL,"BroadBand","Envelope Energy","g",NULL,NULL,NULL,NULL,NULL,NULL,NULL,"2026-04-10 07:45:56","2026-04-10 07:44:38","0.018","Unknown","1","J20260411070002B10E960","2026-04-11 07:15:31.403974+00","SOT & WWTP","Building 46","Level 1 south Ext","","","","","","","","B10E960","DSM"," Motor DE"
"569d52033fa40bb1f95d51e68e6e456a","SOT & WWTP/Building 46/Level 1 South Int",NULL,"2204674-12700","5a52a7bb-3ac4-4087-b2ae-b50b8ac5d619",NULL,"Pump1",NULL,"3PP-DE",NULL,"3-PP-RH",NULL,"Acceleration","Pk-Pk Accel","g","AlarmTypeHigh","9.000","6.000","3.000",NULL,NULL,NULL,"2026-04-10 07:56:59","2026-04-10 07:56:28","1.358","Ok","2","J20260411070002B10E551","2026-04-11 07:16:18.755097+00","SOT & WWTP","Building 46","Level 1 South Int","","","","","","","","B10E551","DSM"," Pump DE"
"56b2aa5dcf38ecc3f1dcb1906cd99d4a","SOT & WWTP/Building 46/Level 1 south Ext",NULL,"2204673-65200","8f669413-f706-47d4-92c1-000af5b89657",NULL,"Pump1",NULL,"4PP-NDE",NULL,"4-PP-RH",NULL,"VibrationVelocity","OV Vel","mm/s","AlarmTypeHigh","7.100","4.500","2.300",NULL,NULL,NULL,"2026-04-10 07:45:56","2026-04-10 07:45:47","0.443","Ok","2","J20260411070002B10E960","2026-04-11 07:15:31.403974+00","SOT & WWTP","Building 46","Level 1 south Ext","","","","","","","","B10E960","DSM"," Pump NDE"
"56b835f43f9bd5cc0e2f288ee4e1a1eb","SOT & WWTP/Building 46/Level 1 south Ext",NULL,"2204673-20200","971c1886-fae1-4e46-bdc2-fedaf770dc42",NULL,"Pump1",NULL,"4PP-NDE",NULL,"4-PP-Ax",NULL,"BandEnergyFromSpectrum","MF Velocity (~3-8X)","mm/s","AlarmTypeHigh","5.000","3.000","1.000",NULL,NULL,NULL,"2026-04-10 08:11:00","2026-04-10 08:11:00","1.580","PreAlarm","3","J20260411070002B10E986","2026-04-11 07:16:18.775238+00","SOT & WWTP","Building 46","Level 1 south Ext","","","","","","","","B10E986","DSM"," Pump NDE"
"56c25bbded35dc31a49b5df93874e2a5","SOT & WWTP/Building 46/Level 1 south Ext",NULL,"2204674-86700","df615b42-35ae-4d9e-8440-ec02f423d24f",NULL,"ElectricMotor1",NULL,"1MT-NDE",NULL,"1-MT-Ax",NULL,"Acceleration","OV Accel","g","AlarmTypeHigh","6.000","3.000","2.000",NULL,NULL,NULL,"2026-04-10 08:24:26","2026-04-10 08:21:32","0.800","Ok","2","J20260411070002B10E886","2026-04-11 07:15:18.11167+00","SOT & WWTP","Building 46","Level 1 south Ext","","","","","","","","B10E886","DSM"," Motor NDE"
"57075bc9beba63b80e8583b53523744b","SOT & WWTP/Building 46/Level 1 South Int",NULL,"2204674-12200","920f4ad8-e17b-4e95-bb07-fe8ccfbdeb6a",NULL,"Pump1",NULL,"3PP-DE",NULL,"3-PP-RH",NULL,"BandEnergyFromSpectrum","MF Velocity (~3-8X)","mm/s","AlarmTypeHigh","5.000","3.000","1.000",NULL,NULL,NULL,"2026-04-10 07:59:41","2026-04-10 07:59:41","0.606","Ok","2","J20260411070002B10E550","2026-04-11 07:15:15.907019+00","SOT & WWTP","Building 46","Level 1 South Int","","","","","","","","B10E550","DSM"," Pump DE"
"571123d0dfc9a88ce226c808a3f721d4","SOT & WWTP/Building 46/Level 1 south Ext",NULL,"2204674-86700","df615b42-35ae-4d9e-8440-ec02f423d24f",NULL,"ElectricMotor1",NULL,"1MT-NDE",NULL,"1-MT-Ax",NULL,"VibrationVelocity","OV Vel","mm/s","AlarmTypeHigh","7.100","4.500","2.300",NULL,NULL,NULL,"2026-04-10 08:24:26","2026-04-10 08:21:33","5.846","Alarm","4","J20260411070002B10E886","2026-04-11 07:15:18.11167+00","SOT & WWTP","Building 46","Level 1 south Ext","","","","","","","","B10E886","DSM"," Motor NDE"
"5712e44ec23016964e94bee77edac479","Calpan/Building 12/Level 3/Step 34",NULL,"100-12-34-452-01","95d59ee7-03e4-4a9e-b4c3-1eb0f2b52d18",NULL,"Pump1",NULL,"3PP-DE",NULL,"3-PP-Ax",NULL,"BandEnergyFromSpectrum","HF RMS Accel","g","AlarmTypeHigh","6.000","3.000","1.500",NULL,NULL,NULL,"2026-04-10 08:47:51","2026-04-10 08:47:51","0.042","Ok","2","J20260411070002B10E313","2026-04-11 07:15:22.026089+00","Calpan","Building 12","Level 3","Step 34","","","","","","","B10E313","DSM"," Pump DE"
"574c449c23e53d6829d59d53b8c12f92","SOT & WWTP/Building 46/Level 1 south Ext",NULL,"2204674-84200","9cd3dcc6-d8f4-42a8-bfd4-4957a1c3d83b",NULL,"Pump1",NULL,"4PP-NDE",NULL,"4-PP-RH",NULL,"BandEnergyFromSpectrum","MF Velocity (~3-8X)","mm/s","AlarmTypeHigh","5.000","3.000","1.000",NULL,NULL,NULL,"2026-04-10 08:14:32","2026-04-10 08:14:32","0.139","Ok","2","J20260411070002B10E544","2026-04-11 07:15:22.151709+00","SOT & WWTP","Building 46","Level 1 south Ext","","","","","","","","B10E544","DSM"," Pump NDE"
"5750bd743a845baa247e038523bd9fd9","Calpan/Building 12/Level 3/Step 34",NULL,"100-12-34-177-01","4418a4f0-5185-4ca9-8a85-a8ed7d6d8870",NULL,"GearBox1",NULL,"3GB-InDE",NULL,"3-GB-Ax",NULL,"Acceleration","OV Accel","g","AlarmTypeHigh","6.000","3.000","2.000",NULL,NULL,NULL,"2026-04-10 09:27:57","2026-04-10 09:20:43","0.200","Ok","2","J20260411070002B10E325","2026-04-11 07:15:44.90977+00","Calpan","Building 12","Level 3","Step 34","","","","","","","B10E325","DSM"," Gearbox InDE"
"577b1fe489f799afc670f66908bf4e7c","SOT & WWTP/Building 46/Level 1 South Int",NULL,"2204674-18700","d02dc63f-663b-465c-8e99-133e530a34f3",NULL,"Pump1",NULL,"3PP-DE",NULL,"3-PP-RV",NULL,"VibrationVelocity","OV Vel","mm/s","AlarmTypeHigh","7.100","4.500","2.300",NULL,NULL,NULL,"2026-04-10 07:49:54","2026-04-10 07:49:24","0.837","Ok","2","J20260411070002B10E553","2026-04-11 07:15:31.376368+00","SOT & WWTP","Building 46","Level 1 South Int","","","","","","","","B10E553","DSM"," Pump DE"
"57957837331b849b3d33d85f6a7487f4","SOT & WWTP/Building 32/Ground Level",NULL,"4003245-01050","c6e1ea8c-b0aa-4ab3-b1ab-4a7c92913666",NULL,"ElectricMotor1",NULL,"2MT-DE",NULL,"2-MT-Ax",NULL,"Acceleration","OV Accel","g","AlarmTypeHigh","6.000","3.000","2.000",NULL,NULL,NULL,"2026-04-10 09:57:30","2026-04-10 09:56:11","0.215","Ok","2","J20260411070002B10E44","2026-04-11 07:16:20.260687+00","SOT & WWTP","Building 32","Ground Level","","","","","","","","B10E44","DSM"," Motor DE"
"57d480f249039a91ffcb11b8c2b09f96","SOT & WWTP/Building 46/Level 1 South Int",NULL,"2204674-18200","ddec0803-5671-4d5f-bcd2-6ad1ec7ba006",NULL,"ElectricMotor1",NULL,"1MT-NDE",NULL,"1-MT-RH",NULL,"Acceleration","OV Accel","g","AlarmTypeHigh","6.000","3.000","2.000",NULL,NULL,NULL,"2026-04-10 07:53:51","2026-04-10 07:52:12","0.836","Ok","2","J20260411070002B10E552","2026-04-11 07:15:30.323513+00","SOT & WWTP","Building 46","Level 1 South Int","","","","","","","","B10E552","DSM"," Motor NDE"
"57ecf6fe2e5bdc3317dbc13ed9b194dc","SOT & WWTP/Building 46/Level 1 South Int",NULL,"2204674-18200","ddec0803-5671-4d5f-bcd2-6ad1ec7ba006",NULL,"Pump1",NULL,"4PP-NDE",NULL,"4-PP-Ax",NULL,"Acceleration","OV Accel","g","AlarmTypeHigh","6.000","3.000","2.000",NULL,NULL,NULL,"2026-04-10 07:53:51","2026-04-10 07:53:47","0.182","Ok","2","J20260411070002B10E552","2026-04-11 07:15:30.323513+00","SOT & WWTP","Building 46","Level 1 South Int","","","","","","","","B10E552","DSM"," Pump NDE"
"57f5d3d4457f72f4d127b4dd081cd7dd","SOT & WWTP/Building 32/Ground Level",NULL,"4003245-01030","43aad99e-1dbc-4d74-b061-e10b847dea3e",NULL,"Pump1",NULL,"3PP-DE",NULL,"3-PP-RV",NULL,"BandEnergyFromSpectrum","MF Velocity (~3-8X)","mm/s","AlarmTypeHigh","5.000","3.000","1.000",NULL,NULL,NULL,"2026-04-10 09:59:58","2026-04-10 09:59:58","1.809","PreAlarm","3","J20260411070002B10E42","2026-04-11 07:15:44.831133+00","SOT & WWTP","Building 32","Ground Level","","","","","","","","B10E42","DSM"," Pump DE"
"581405144a2bc6f2d7dd75c1a775ffb9","Calpan/Building 12/Level 2/Step 34",NULL,"100-12-34-442-01","10694b53-68ec-4cc5-ba70-011ea9cfc8cb",NULL,"Pump1",NULL,"4PP-NDE",NULL,"4-PP-RV",NULL,"BandEnergyFromSpectrum","HF RMS Accel","g","AlarmTypeHigh","6.000","3.000","1.500",NULL,NULL,NULL,"2026-04-10 07:04:28","2026-04-10 07:04:28","0.150","Ok","2","J20260411070002B10E108","2026-04-11 07:15:30.283493+00","Calpan","Building 12","Level 2","Step 34","","","","","","","B10E108","DSM"," Pump NDE"
"5814f4cb3f4955a42d132d0b9caacd66","SOT & WWTP/Building 46/Level 1 south Ext",NULL,"2204674-86700","df615b42-35ae-4d9e-8440-ec02f423d24f",NULL,"ElectricMotor1",NULL,"2MT-DE",NULL,"2-MT-RH",NULL,"BandEnergyFromSpectrum","MF Velocity (~3-8X)","mm/s","AlarmTypeHigh","5.000","3.000","1.000",NULL,NULL,NULL,"2026-04-10 08:24:26","2026-04-10 08:24:26","2.467","PreAlarm","3","J20260411070002B10E886","2026-04-11 07:15:18.11167+00","SOT & WWTP","Building 46","Level 1 south Ext","","","","","","","","B10E886","DSM"," Motor DE"
"58971f77fc1b6d86f924fd0dcd4633c7","Calpan/Building 12/Level 3/Step 34",NULL,"100-12-34-157-01","5d071c42-70ae-41ae-ab75-66543fc85f14",NULL,"ElectricMotor1",NULL,"1MT-NDE",NULL,"1-MT-RV",NULL,"BroadBand","Envelope Energy","g",NULL,NULL,NULL,NULL,NULL,NULL,NULL,"2026-04-10 09:02:29","2026-04-10 08:59:39","0.012","Unknown","1","J20260411070002B10E319","2026-04-11 07:15:15.91658+00","Calpan","Building 12","Level 3","Step 34","","","","","","","B10E319","DSM"," Motor NDE"
"58d032cc4978dea2246d35f1f42cd4ac","SOT & WWTP/Building 32/Ground Level",NULL,"4003245-01060 No.6","6b94553b-624d-41d6-ae32-d3ba7ca02dce",NULL,"ElectricMotor1",NULL,"1MT-NDE",NULL,"1-MT-RH",NULL,"Acceleration","Pk-Pk Accel","g","AlarmTypeHigh","9.000","6.000","3.000",NULL,NULL,NULL,"2026-04-10 09:54:40","2026-04-10 09:52:51","10.984","Danger","5","J20260411070002B10E45","2026-04-11 07:15:28.823432+00","SOT & WWTP","Building 32","Ground Level","","","","","","","","B10E45","DSM"," Motor NDE"
"58d0a1dd83a3869f173ce725f19bdfb1","SOT & WWTP/Building 28/Ground Level",NULL,"4002861-50500","4322796b-6387-4da8-b21c-a60391237dcb",NULL,"ElectricMotor1",NULL,"1MT-NDE",NULL,"1-MT-Ax",NULL,"BandEnergyFromSpectrum","LF RMS Accel","g","AlarmTypeHigh","0.800","0.400","0.200",NULL,NULL,NULL,"2026-04-10 09:45:06","2026-04-10 09:45:06","0.025","Ok","2","J20260411070002B10E34","2026-04-11 07:15:46.515864+00","SOT & WWTP","Building 28","Ground Level","","","","","","","","B10E34","DSM"," Motor NDE"
"5988338d175307963fd083c46493b26c","Calpan/Building 12/Level 3/Step 34",NULL,"100-12-34-112-01","6ede0422-81cb-4ec5-a1c5-1d25b11af911",NULL,"ElectricMotor1",NULL,"1MT-NDE",NULL,"1-MT-RH",NULL,"Acceleration","OV Accel","g","AlarmTypeHigh","6.000","3.000","2.000",NULL,NULL,NULL,"2026-04-10 09:38:31","2026-04-10 09:36:58","0.098","Ok","2","J20260411070002B10E332","2026-04-11 07:16:22.283852+00","Calpan","Building 12","Level 3","Step 34","","","","","","","B10E332","DSM"," Motor NDE"
"59d304503df46eb14856b6a1e3230865","Calpan/Building 12/Level 3/Step 34",NULL,"100-12-34-137-01","6b60b0aa-ef09-4630-b0c3-9a82f9488b6f",NULL,"GearBox1",NULL,"3GB-InDE",NULL,"3-GB-RH",NULL,"Acceleration","Pk-Pk Accel","g","AlarmTypeHigh","9.000","6.000","3.000",NULL,NULL,NULL,"2026-04-10 09:16:58","2026-04-10 09:14:11","1.563","Ok","2","J20260411070002B10E322","2026-04-11 07:16:18.069423+00","Calpan","Building 12","Level 3","Step 34","","","","","","","B10E322","DSM"," Gearbox InDE"
"59f1596e617768d92db4bb865f6ba183","SOT & WWTP/Building 46/Level 1 south Ext",NULL,"2204674-84200","9cd3dcc6-d8f4-42a8-bfd4-4957a1c3d83b",NULL,"ElectricMotor1",NULL,"2MT-DE",NULL,"2-MT-Ax",NULL,"VibrationVelocity","OV Vel","mm/s","AlarmTypeHigh","7.100","4.500","2.300",NULL,NULL,NULL,"2026-04-10 08:14:32","2026-04-10 08:13:27","0.251","Ok","2","J20260411070002B10E544","2026-04-11 07:15:22.151709+00","SOT & WWTP","Building 46","Level 1 south Ext","","","","","","","","B10E544","DSM"," Motor DE"
"5a078ca8d24c0ef06351f10d8cbae5b0","SOT & WWTP/Building 46/Level 1 south Ext",NULL,"2204674-84200","9cd3dcc6-d8f4-42a8-bfd4-4957a1c3d83b",NULL,"Pump1",NULL,"3PP-DE",NULL,"3-PP-Ax",NULL,"BandEnergyFromSpectrum","MF RMS Accel","g","AlarmTypeHigh","2.000","1.000","0.500",NULL,NULL,NULL,"2026-04-10 08:14:32","2026-04-10 08:14:32","0.195","Ok","2","J20260411070002B10E544","2026-04-11 07:15:22.151709+00","SOT & WWTP","Building 46","Level 1 south Ext","","","","","","","","B10E544","DSM"," Pump DE"
"5a130bb6231f893e73d4cd62af32a31e","SOT & WWTP/Building 46/Level 1 South Int",NULL,"2204674-25200","8c097769-c06f-45ff-b124-b425f9a07faf",NULL,"LobulusCompressor1",NULL,"4LC-NDE",NULL,"4-LC-RV",NULL,"BandEnergyFromSpectrum","MF Velocity (~3-8X)","mm/s","AlarmTypeHigh","5.000","3.000","1.000",NULL,NULL,NULL,"2026-04-10 08:05:54","2026-04-10 08:05:54","0.493","Ok","2","J20260411070002B10E556","2026-04-11 07:15:14.724536+00","SOT & WWTP","Building 46","Level 1 South Int","","","","","","","","B10E556","DSM",NULL
"5a28be0eff7f065547ed940d29a06eab","Calpan/Building 12/Level 2/Step 34",NULL,"100-12-34-442-01","10694b53-68ec-4cc5-ba70-011ea9cfc8cb",NULL,"Pump1",NULL,"4PP-NDE",NULL,"4-PP-Ax",NULL,"VibrationVelocity","OV Vel","mm/s","AlarmTypeHigh","7.100","4.500","2.300",NULL,NULL,NULL,"2026-04-10 07:04:28","2026-04-10 07:04:19","1.977","Ok","2","J20260411070002B10E108","2026-04-11 07:15:30.283493+00","Calpan","Building 12","Level 2","Step 34","","","","","","","B10E108","DSM"," Pump NDE"
"5a42330d123fc6029cacba04792d86bf","Calpan/Building 12/Level 3/Step 34",NULL,"100-12-34-177-01","4418a4f0-5185-4ca9-8a85-a8ed7d6d8870",NULL,"Shaft1",NULL,"7SH-DE",NULL,"7-SH-RH",NULL,"BandEnergyFromSpectrum","LF RMS Accel","g","AlarmTypeHigh","0.800","0.400","0.200",NULL,NULL,NULL,"2026-04-10 09:27:57","2026-04-10 09:27:57","0.018","Ok","2","J20260411070002B10E325","2026-04-11 07:15:44.90977+00","Calpan","Building 12","Level 3","Step 34","","","","","","","B10E325","DSM",NULL
"5a44ab4ad764576f7d213823fad31562","Calpan/Building 12/Level 3/Step 34",NULL,"100-12-34-162-01","1d898064-4876-4e5b-885f-a3ac174fa02b",NULL,"ElectricMotor1",NULL,"2MT-DE",NULL,"2-MT-RV",NULL,"BandEnergyFromSpectrum","MF RMS Accel","g","AlarmTypeHigh","2.000","1.000","0.500",NULL,NULL,NULL,"2026-04-10 09:18:57","2026-04-10 09:18:57","0.089","Ok","2","J20260411070002B10E324","2026-04-11 07:15:20.786083+00","Calpan","Building 12","Level 3","Step 34","","","","","","","B10E324","DSM"," Motor DE"
"5a5be58e0f6825e7977c0d7e7c44e0da","SOT & WWTP/Building 46/Level 1 south Ext",NULL,"2204674-80200","4a5f1f07-5d69-47ff-ad0c-51f038ca26f5",NULL,"ElectricMotor1",NULL,"1MT-NDE",NULL,"1-MT-RV",NULL,"BandEnergyFromSpectrum","HF RMS Accel","g","AlarmTypeHigh","6.000","3.000","1.500",NULL,NULL,NULL,"2026-04-10 08:33:22","2026-04-10 08:33:22","0.012","Ok","2","J20260411070002B10E540","2026-04-11 07:15:30.329764+00","SOT & WWTP","Building 46","Level 1 south Ext","","","","","","","","B10E540","DSM"," Motor NDE"
"5a6c6ef4f6d873ee3cec7eec4507a221","SOT & WWTP/Building 46/Level 1 south Ext",NULL,"2204673-20200","971c1886-fae1-4e46-bdc2-fedaf770dc42",NULL,"ElectricMotor1",NULL,"1MT-NDE",NULL,"1-MT-Ax",NULL,"BroadBand","Envelope Energy","g",NULL,NULL,NULL,NULL,NULL,NULL,NULL,"2026-04-10 08:11:00","2026-04-10 08:09:11","0.002","Unknown","1","J20260411070002B10E986","2026-04-11 07:16:18.775238+00","SOT & WWTP","Building 46","Level 1 south Ext","","","","","","","","B10E986","DSM"," Motor NDE"
"5aa1aabb700acbe8b61b83fd8e3b3a92","SOT & WWTP/Building 46/Level 1 South Int",NULL,"2204674-12700","5a52a7bb-3ac4-4087-b2ae-b50b8ac5d619",NULL,"Pump1",NULL,"3PP-DE",NULL,"3-PP-Ax",NULL,"BandEnergyFromSpectrum","LF RMS Accel","g","AlarmTypeHigh","0.800","0.400","0.200",NULL,NULL,NULL,"2026-04-10 07:56:59","2026-04-10 07:56:59","0.034","Ok","2","J20260411070002B10E551","2026-04-11 07:16:18.755097+00","SOT & WWTP","Building 46","Level 1 South Int","","","","","","","","B10E551","DSM"," Pump DE"
"5aa4d60844aa4811da38bceb59d11679","SOT & WWTP/Building 32/Ground Level",NULL,"4003245-01070","f0256864-92af-49d6-b5bb-fa91f04642f9",NULL,"Pump1",NULL,"3PP-DE",NULL,"3-PP-RV",NULL,"BandEnergyFromSpectrum","LF RMS Accel","g","AlarmTypeHigh","0.800","0.400","0.200",NULL,NULL,NULL,"2026-04-10 09:52:07","2026-04-10 09:52:07","0.429","Alarm","4","J20260411070002B10E46","2026-04-11 07:15:22.091584+00","SOT & WWTP","Building 32","Ground Level","","","","","","","","B10E46","DSM"," Pump DE"
"5ab71e04a05f46605244170492a19e3d","Calpan/Building 12/Level 3/Step 34",NULL,"100-12-34-162-01","1d898064-4876-4e5b-885f-a3ac174fa02b",NULL,"Pump1",NULL,"3PP-DE",NULL,"3-PP-RV",NULL,"Acceleration","OV Accel","g","AlarmTypeHigh","6.000","3.000","2.000",NULL,NULL,NULL,"2026-04-10 09:18:57","2026-04-10 09:18:48","0.318","Ok","2","J20260411070002B10E324","2026-04-11 07:15:20.786083+00","Calpan","Building 12","Level 3","Step 34","","","","","","","B10E324","DSM"," Pump DE"
"5ab83ee77334f875f10789274184b0c2","Calpan/Building 12/Level 2/Step 34",NULL,"100-12-34-442-01","10694b53-68ec-4cc5-ba70-011ea9cfc8cb",NULL,"ElectricMotor1",NULL,"2MT-DE",NULL,"2-MT-Ax",NULL,"Acceleration","OV Accel","g","AlarmTypeHigh","6.000","3.000","2.000",NULL,NULL,NULL,"2026-04-10 07:04:28","2026-04-10 07:02:31","0.112","Ok","2","J20260411070002B10E108","2026-04-11 07:15:30.283493+00","Calpan","Building 12","Level 2","Step 34","","","","","","","B10E108","DSM"," Motor DE"
"5acaf031086a5672520990c762ebbf85","SOT & WWTP/Building 46/Level 1 South Int",NULL,"2204674-12700","5a52a7bb-3ac4-4087-b2ae-b50b8ac5d619",NULL,"Pump1",NULL,"3PP-DE",NULL,"3-PP-RH",NULL,"Acceleration","OV Accel","g","AlarmTypeHigh","6.000","3.000","2.000",NULL,NULL,NULL,"2026-04-10 07:56:59","2026-04-10 07:56:26","0.221","Ok","2","J20260411070002B10E551","2026-04-11 07:16:18.755097+00","SOT & WWTP","Building 46","Level 1 South Int","","","","","","","","B10E551","DSM"," Pump DE"
"5b1edc23cfc99eed516112d431d2af09","SOT & WWTP/Building 32/Ground Level",NULL,"4003245-01030","43aad99e-1dbc-4d74-b061-e10b847dea3e",NULL,"ElectricMotor1",NULL,"1MT-NDE",NULL,"1-MT-Ax",NULL,"VibrationVelocity","OV Vel","mm/s","AlarmTypeHigh","7.100","4.500","2.300",NULL,NULL,NULL,"2026-04-10 09:59:58","2026-04-10 09:58:26","2.050","Ok","2","J20260411070002B10E42","2026-04-11 07:15:44.831133+00","SOT & WWTP","Building 32","Ground Level","","","","","","","","B10E42","DSM"," Motor NDE"
"5b2a710398bc416360254022b9ad271a","SOT & WWTP/Building 46/Level 1 South Int",NULL,"2204674-12700","5a52a7bb-3ac4-4087-b2ae-b50b8ac5d619",NULL,"ElectricMotor1",NULL,"1MT-NDE",NULL,"1-MT-Ax",NULL,"BandEnergyFromSpectrum","MF RMS Accel","g","AlarmTypeHigh","2.000","1.000","0.500",NULL,NULL,NULL,"2026-04-10 07:56:59","2026-04-10 07:56:59","0.240","Ok","2","J20260411070002B10E551","2026-04-11 07:16:18.755097+00","SOT & WWTP","Building 46","Level 1 South Int","","","","","","","","B10E551","DSM"," Motor NDE"
"5b472b5e36242fa3f00c18fb8beee41d","SOT & WWTP/Building 46/Level 1 south Ext",NULL,"2204673-65200","8f669413-f706-47d4-92c1-000af5b89657",NULL,"Pump1",NULL,"3PP-DE",NULL,"3-PP-RH",NULL,"Acceleration","Pk-Pk Accel","g","AlarmTypeHigh","9.000","6.000","3.000",NULL,NULL,NULL,"2026-04-10 07:45:56","2026-04-10 07:45:19","2.096","Ok","2","J20260411070002B10E960","2026-04-11 07:15:31.403974+00","SOT & WWTP","Building 46","Level 1 south Ext","","","","","","","","B10E960","DSM"," Pump DE"
"5b5a3a4f82799c03a1c9ced80b1c9547","SOT & WWTP/Building 46/Level 1 south Ext",NULL,"2204674-91700","c5661652-b006-41ac-9678-a9f8cee30d2e",NULL,"ElectricMotor1",NULL,"2MT-DE",NULL,"2-MT-RV",NULL,"BandEnergyFromSpectrum","HF RMS Accel","g","AlarmTypeHigh","6.000","3.000","1.500",NULL,NULL,NULL,"2026-04-10 08:28:29","2026-04-10 08:28:29","0.153","Ok","2","J20260411070002B10E549","2026-04-11 07:15:44.625996+00","SOT & WWTP","Building 46","Level 1 south Ext","","","","","","","","B10E549","DSM"," Motor DE"
"5baf08a912754e39d7b22a5ca7722db3","Calpan/Building 12/Level 2/Step 34",NULL,"100-12-34-442-01","10694b53-68ec-4cc5-ba70-011ea9cfc8cb",NULL,"Pump1",NULL,"3PP-DE",NULL,"3-PP-RH",NULL,"BandEnergyFromSpectrum","HF RMS Accel","g","AlarmTypeHigh","6.000","3.000","1.500",NULL,NULL,NULL,"2026-04-10 07:04:28","2026-04-10 07:04:28","0.580","Ok","2","J20260411070002B10E108","2026-04-11 07:15:30.283493+00","Calpan","Building 12","Level 2","Step 34","","","","","","","B10E108","DSM"," Pump DE"
"5bc6a5a01a534253e721aa7ab99bb56d","SOT & WWTP/Building 32/Ground Level",NULL,"4003245-01060 No.6","6b94553b-624d-41d6-ae32-d3ba7ca02dce",NULL,"ElectricMotor1",NULL,"2MT-DE",NULL,"2-MT-RV",NULL,"BandEnergyFromSpectrum","MF RMS Accel","g","AlarmTypeHigh","2.000","1.000","0.500",NULL,NULL,NULL,"2026-04-10 09:54:40","2026-04-10 09:54:40","0.966","PreAlarm","3","J20260411070002B10E45","2026-04-11 07:15:28.823432+00","SOT & WWTP","Building 32","Ground Level","","","","","","","","B10E45","DSM"," Motor DE"
"5bc8624b73fce62ddbe669789c9c60d1","Calpan/Building 12/Level 3/Step 34",NULL,"100-12-34-112-01","6ede0422-81cb-4ec5-a1c5-1d25b11af911",NULL,"ElectricMotor1",NULL,"1MT-NDE",NULL,"1-MT-RV",NULL,"BandEnergyFromSpectrum","LF RMS Accel","g","AlarmTypeHigh","0.800","0.400","0.200",NULL,NULL,NULL,"2026-04-10 09:38:31","2026-04-10 09:38:31","0.013","Ok","2","J20260411070002B10E332","2026-04-11 07:16:22.283852+00","Calpan","Building 12","Level 3","Step 34","","","","","","","B10E332","DSM"," Motor NDE"
"5bf68d2996b6bf33b225ed86fc901286","Calpan/Building 12/Level 3/Step 34",NULL,"100-12-34-182-01","cb82f5f4-a90f-417b-9120-982c9cc359e8",NULL,"ElectricMotor1",NULL,"1MT-NDE",NULL,"1-MT-RV",NULL,"BandEnergyFromSpectrum","MF RMS Accel","g","AlarmTypeHigh","2.000","1.000","0.500",NULL,NULL,NULL,"2026-04-10 08:58:11","2026-04-10 08:58:11","0.092","Ok","2","J20260411070002B10E775","2026-04-11 07:15:47.606089+00","Calpan","Building 12","Level 3","Step 34","","","","","","","B10E775","DSM"," Motor NDE"
"5c0a8c33d03db07f00a92327e01822a2","Calpan/Building 12/Level 3/Step 34",NULL,"100-12-34-177-01","4418a4f0-5185-4ca9-8a85-a8ed7d6d8870",NULL,"ElectricMotor1",NULL,"1MT-NDE",NULL,"1-MT-Ax",NULL,"BandEnergyFromSpectrum","LF RMS Accel","g","AlarmTypeHigh","0.800","0.400","0.200",NULL,NULL,NULL,"2026-04-10 09:27:57","2026-04-10 09:27:57","0.043","Ok","2","J20260411070002B10E325","2026-04-11 07:15:44.90977+00","Calpan","Building 12","Level 3","Step 34","","","","","","","B10E325","DSM"," Motor NDE"
"5c1607941dcf9acfc3aaa131778675d3","SOT & WWTP/Building 46/Level 1 south Ext",NULL,"2204674-85200","44b72af3-d034-498f-8d9f-e5fe074eebbd",NULL,"Pump1",NULL,"4PP-NDE",NULL,"4-PP-RV",NULL,"BandEnergyFromSpectrum","MF Velocity (~3-8X)","mm/s","AlarmTypeHigh","5.000","3.000","1.000",NULL,NULL,NULL,"2026-04-10 08:17:06","2026-04-10 08:17:06","0.201","Ok","2","J20260411070002B10E546","2026-04-11 07:15:28.820148+00","SOT & WWTP","Building 46","Level 1 south Ext","","","","","","","","B10E546","DSM"," Pump NDE"
"5c5747df8b86efcc34114e27361ce008","SOT & WWTP/Building 46/Level 1 south Ext",NULL,"2204674-91200","63f8e6fe-5f68-4171-9ca8-5bb946a1571d",NULL,"ElectricMotor1",NULL,"2MT-DE",NULL,"2-MT-RV",NULL,"BandEnergyFromSpectrum","MF Velocity (~3-8X)","mm/s","AlarmTypeHigh","5.000","3.000","1.000",NULL,NULL,NULL,"2026-04-10 08:29:56","2026-04-10 08:29:56","2.809","PreAlarm","3","J20260411070002B10E548","2026-04-11 07:16:21.067974+00","SOT & WWTP","Building 46","Level 1 south Ext","","","","","","","","B10E548","DSM"," Motor DE"
"5c9602b2675f7838c773e144cbb58f92","Calpan/Building 12/Level 3/Step 34",NULL,"100-12-34-452-01","95d59ee7-03e4-4a9e-b4c3-1eb0f2b52d18",NULL,"ElectricMotor1",NULL,"2MT-DE",NULL,"2-MT-RH",NULL,"BandEnergyFromSpectrum","LF RMS Accel","g","AlarmTypeHigh","0.800","0.400","0.200",NULL,NULL,NULL,"2026-04-10 08:47:51","2026-04-10 08:47:51","0.058","Ok","2","J20260411070002B10E313","2026-04-11 07:15:22.026089+00","Calpan","Building 12","Level 3","Step 34","","","","","","","B10E313","DSM"," Motor DE"
"5d3d26fc9541024a1a5fa2ae04296d37","SOT & WWTP/Building 46/Level 1 south Ext",NULL,"2204674-86700","df615b42-35ae-4d9e-8440-ec02f423d24f",NULL,"ElectricMotor1",NULL,"2MT-DE",NULL,"2-MT-Ax",NULL,"VibrationVelocity","OV Vel","mm/s","AlarmTypeHigh","7.100","4.500","2.300",NULL,NULL,NULL,"2026-04-10 08:24:26","2026-04-10 08:23:06","3.732","PreAlarm","3","J20260411070002B10E886","2026-04-11 07:15:18.11167+00","SOT & WWTP","Building 46","Level 1 south Ext","","","","","","","","B10E886","DSM"," Motor DE"
"5d8aa5063a0462a53d6bd5e1faed7d7e","SOT & WWTP/Building 46/Level 1 south Ext",NULL,"2204673-65200","8f669413-f706-47d4-92c1-000af5b89657",NULL,"ElectricMotor1",NULL,"2MT-DE",NULL,"2-MT-Ax",NULL,"BandEnergyFromSpectrum","LF RMS Accel","g","AlarmTypeHigh","0.800","0.400","0.200",NULL,NULL,NULL,"2026-04-10 07:45:56","2026-04-10 07:45:56","0.053","Ok","2","J20260411070002B10E960","2026-04-11 07:15:31.403974+00","SOT & WWTP","Building 46","Level 1 south Ext","","","","","","","","B10E960","DSM"," Motor DE"
"5da368119985628986043612d7e011b0","SOT & WWTP/Building 32/Ground Level",NULL,"4003245-01030","43aad99e-1dbc-4d74-b061-e10b847dea3e",NULL,"ElectricMotor1",NULL,"2MT-DE",NULL,"2-MT-RH",NULL,"BandEnergyFromSpectrum","MF RMS Accel","g","AlarmTypeHigh","2.000","1.000","0.500",NULL,NULL,NULL,"2026-04-10 09:59:58","2026-04-10 09:59:58","0.493","Ok","2","J20260411070002B10E42","2026-04-11 07:15:44.831133+00","SOT & WWTP","Building 32","Ground Level","","","","","","","","B10E42","DSM"," Motor DE"
"5dbb3b1977c155b9d7c97d6112716dfc","SOT & WWTP/Building 46/Level 1 South Int",NULL,"2204674-25200","8c097769-c06f-45ff-b124-b425f9a07faf",NULL,"ElectricMotor1",NULL,"2MT-DE",NULL,"2-MT-RH",NULL,"BandEnergyFromSpectrum","HF RMS Accel","g","AlarmTypeHigh","6.000","3.000","1.500",NULL,NULL,NULL,"2026-04-10 08:05:54","2026-04-10 08:05:54","0.516","Ok","2","J20260411070002B10E556","2026-04-11 07:15:14.724536+00","SOT & WWTP","Building 46","Level 1 South Int","","","","","","","","B10E556","DSM"," Motor DE"
"5dbcb32a40934af954f806a671c8770f","SOT & WWTP/Building 46/Level 1 south Ext",NULL,"2204674-85200","44b72af3-d034-498f-8d9f-e5fe074eebbd",NULL,"Pump1",NULL,"3PP-DE",NULL,"3-PP-Ax",NULL,"BandEnergyFromSpectrum","HF RMS Accel","g","AlarmTypeHigh","6.000","3.000","1.500",NULL,NULL,NULL,"2026-04-10 08:17:06","2026-04-10 08:17:06","0.009","Ok","2","J20260411070002B10E546","2026-04-11 07:15:28.820148+00","SOT & WWTP","Building 46","Level 1 south Ext","","","","","","","","B10E546","DSM"," Pump DE"
"5dd92b6af8706dcd096f3482a0be0019","Calpan/Building 12/Level 3/Step 34",NULL,"100-12-34-032-01","dfd2a084-a9f2-4a9f-bd33-34b210d47d0e",NULL,"ElectricMotor1",NULL,"1MT-NDE",NULL,"1-MT-RH",NULL,"BandEnergyFromSpectrum","HF RMS Accel","g","AlarmTypeHigh","6.000","3.000","1.500",NULL,NULL,NULL,"2026-04-10 09:29:45","2026-04-10 09:29:45","0.024","Ok","2","J20260411070002B10E327","2026-04-11 07:15:47.921969+00","Calpan","Building 12","Level 3","Step 34","","","","","","","B10E327","DSM"," Motor NDE"
"5ddfddff5c7755c195ecc62a9e778ea4","SOT & WWTP/Building 46/Level 1 south Ext",NULL,"2204674-86700","df615b42-35ae-4d9e-8440-ec02f423d24f",NULL,"Pump1",NULL,"4PP-NDE",NULL,"4-PP-RV",NULL,"VibrationVelocity","OV Vel","mm/s","AlarmTypeHigh","7.100","4.500","2.300",NULL,NULL,NULL,"2026-04-10 08:24:26","2026-04-10 08:19:56","2.975","PreAlarm","3","J20260411070002B10E886","2026-04-11 07:15:18.11167+00","SOT & WWTP","Building 46","Level 1 south Ext","","","","","","","","B10E886","DSM"," Pump NDE"
"5deabfa3e96e49c8d57800de4ae159a8","Calpan/Building 12/Level 3/Step 34",NULL,"100-12-34-510-21","61567fca-5d02-4da4-933d-d5959c33b06d",NULL,"ElectricMotor1",NULL,"1MT-NDE",NULL,"1-MT-Ax",NULL,"VibrationVelocity","OV Vel","mm/s","AlarmTypeHigh","7.100","4.500","2.300",NULL,NULL,NULL,"2026-04-10 08:42:19","2026-04-10 08:40:15","3.305","PreAlarm","3","J20260411070002B10E303","2026-04-11 07:16:14.211894+00","Calpan","Building 12","Level 3","Step 34","","","","","","","B10E303","DSM"," Motor NDE"
"5df0600f28ca3fbfb94da5b3923c69b7","SOT & WWTP/Building 46/Level 1 south Ext",NULL,"2204674-85200","44b72af3-d034-498f-8d9f-e5fe074eebbd",NULL,"Pump1",NULL,"3PP-DE",NULL,"3-PP-RH",NULL,"BroadBand","Envelope Energy","g",NULL,NULL,NULL,NULL,NULL,NULL,NULL,"2026-04-10 08:17:06","2026-04-10 08:16:27","0.025","Unknown","1","J20260411070002B10E546","2026-04-11 07:15:28.820148+00","SOT & WWTP","Building 46","Level 1 south Ext","","","","","","","","B10E546","DSM"," Pump DE"
"5e0378433276ddc8f0b1c176373661a1","Calpan/Building 12/Level 3/Step 34",NULL,"100-12-34-122-01","2f0c1896-955a-4c2b-b25f-c632bd837c5d",NULL,"ElectricMotor1",NULL,"1MT-NDE",NULL,"1-MT-Ax",NULL,"BandEnergyFromSpectrum","HF RMS Accel","g","AlarmTypeHigh","6.000","3.000","1.500",NULL,NULL,NULL,"2026-04-10 09:11:47","2026-04-10 09:11:47","0.007","Ok","2","J20260411070002B10E320","2026-04-11 07:15:20.786773+00","Calpan","Building 12","Level 3","Step 34","","","","","","","B10E320","DSM"," Motor NDE"
"5e3c1296fea681850f93938f8ef9fd32","SOT & WWTP/Building 46/Level 1 south Ext",NULL,"2204674-86700","df615b42-35ae-4d9e-8440-ec02f423d24f",NULL,"Pump1",NULL,"3PP-DE",NULL,"3-PP-RV",NULL,"Acceleration","OV Accel","g","AlarmTypeHigh","6.000","3.000","2.000",NULL,NULL,NULL,"2026-04-10 08:24:26","2026-04-10 08:19:31","0.951","Ok","2","J20260411070002B10E886","2026-04-11 07:15:18.11167+00","SOT & WWTP","Building 46","Level 1 south Ext","","","","","","","","B10E886","DSM"," Pump DE"
"5e528850a9307386a20ce2f45bcdb4d3","Calpan/Building 12/Level 3/Step 34",NULL,"100-12-34-122-01","2f0c1896-955a-4c2b-b25f-c632bd837c5d",NULL,"Pump1",NULL,"4PP-NDE",NULL,"4-PP-Ax",NULL,"BandEnergyFromSpectrum","HF RMS Accel","g","AlarmTypeHigh","6.000","3.000","1.500",NULL,NULL,NULL,"2026-04-10 09:11:47","2026-04-10 09:11:47","0.046","Ok","2","J20260411070002B10E320","2026-04-11 07:15:20.786773+00","Calpan","Building 12","Level 3","Step 34","","","","","","","B10E320","DSM"," Pump NDE"
"5e67d3278d185552d21f244924db06b9","SOT & WWTP/Building 32/Ground Level",NULL,"4003245-01070","f0256864-92af-49d6-b5bb-fa91f04642f9",NULL,"ElectricMotor1",NULL,"1MT-NDE",NULL,"1-MT-RV",NULL,"Acceleration","OV Accel","g","AlarmTypeHigh","6.000","3.000","2.000",NULL,NULL,NULL,"2026-04-10 09:52:07","2026-04-10 09:50:28","0.318","Ok","2","J20260411070002B10E46","2026-04-11 07:15:22.091584+00","SOT & WWTP","Building 32","Ground Level","","","","","","","","B10E46","DSM"," Motor NDE"
"5ea0a473d282f1ceff3ae68af282d55d","SOT & WWTP/Building 46/Level 1 South Int",NULL,"2204674-25200","8c097769-c06f-45ff-b124-b425f9a07faf",NULL,"LobulusCompressor1",NULL,"6LC-NDE",NULL,"6-LC-RV",NULL,"BandEnergyFromSpectrum","MF Velocity (~3-8X)","mm/s","AlarmTypeHigh","5.000","3.000","1.000",NULL,NULL,NULL,"2026-04-10 08:05:54","2026-04-10 08:05:54","0.322","Ok","2","J20260411070002B10E556","2026-04-11 07:15:14.724536+00","SOT & WWTP","Building 46","Level 1 South Int","","","","","","","","B10E556","DSM",NULL
"3dc6851362ce732362380d786bd98639","SOT & WWTP/Building 38/Ground Level",NULL,"4003881-06200","3a8cb6e0-1682-45e3-ade5-5a3659cec6da",NULL,"Pump1",NULL,"7PP-DE",NULL,"7-PP-RV",NULL,"BroadBand","Envelope Energy","g",NULL,NULL,NULL,NULL,NULL,NULL,NULL,"2026-04-20 13:17:35","2026-04-20 13:16:21","0.951","Unknown","1","J20260421070000B10E21","2026-04-21 07:15:13.597632+00","SOT & WWTP","Building 38","Ground Level","","","","","","","","B10E21","DSM"," Pump DE"
"5ea81a49baed714011a8584fb76baf39","Calpan/Building 12/Level 3/Step 34",NULL,"100-12-34-452-01","95d59ee7-03e4-4a9e-b4c3-1eb0f2b52d18",NULL,"ElectricMotor1",NULL,"1MT-NDE",NULL,"1-MT-RV",NULL,"BroadBand","Envelope Energy","g",NULL,NULL,NULL,NULL,NULL,NULL,NULL,"2026-04-10 08:47:51","2026-04-10 08:46:19","0.001","Unknown","1","J20260411070002B10E313","2026-04-11 07:15:22.026089+00","Calpan","Building 12","Level 3","Step 34","","","","","","","B10E313","DSM"," Motor NDE"
"5eb6408658858b6089a8fba40b867639","SOT & WWTP/Building 46/Level 1 South Int",NULL,"2204674-18200","ddec0803-5671-4d5f-bcd2-6ad1ec7ba006",NULL,"Pump1",NULL,"4PP-NDE",NULL,"4-PP-RH",NULL,"BandEnergyFromSpectrum","MF RMS Accel","g","AlarmTypeHigh","2.000","1.000","0.500",NULL,NULL,NULL,"2026-04-10 07:53:51","2026-04-10 07:53:51","0.116","Ok","2","J20260411070002B10E552","2026-04-11 07:15:30.323513+00","SOT & WWTP","Building 46","Level 1 South Int","","","","","","","","B10E552","DSM"," Pump NDE"
"5ebcd3ae29c8ca695b61b7abfd0a47b2","SOT & WWTP/Building 32/Ground Level",NULL,"4003245-01070","f0256864-92af-49d6-b5bb-fa91f04642f9",NULL,"ElectricMotor1",NULL,"2MT-DE",NULL,"2-MT-RV",NULL,"BandEnergyFromSpectrum","MF Velocity (~3-8X)","mm/s","AlarmTypeHigh","5.000","3.000","1.000",NULL,NULL,NULL,"2026-04-10 09:52:07","2026-04-10 09:52:07","0.987","Ok","2","J20260411070002B10E46","2026-04-11 07:15:22.091584+00","SOT & WWTP","Building 32","Ground Level","","","","","","","","B10E46","DSM"," Motor DE"
"5ed8f6c9f2d255262ec839725f810bbb","Calpan/Building 12/Level 3/Step 34",NULL,"100-12-34-182-01","cb82f5f4-a90f-417b-9120-982c9cc359e8",NULL,"Pump1",NULL,"4PP-NDE",NULL,"4-PP-RH",NULL,"BandEnergyFromSpectrum","HF RMS Accel","g","AlarmTypeHigh","6.000","3.000","1.500",NULL,NULL,NULL,"2026-04-10 08:58:11","2026-04-10 08:58:11","0.725","Ok","2","J20260411070002B10E775","2026-04-11 07:15:47.606089+00","Calpan","Building 12","Level 3","Step 34","","","","","","","B10E775","DSM"," Pump NDE"
"5f1572dd0553e66769b6dd92ca6bb125","SOT & WWTP/Building 46/Level 1 south Ext",NULL,"2204673-64200","1183b785-83bc-4239-9fd1-4c4e5ad0d5f0",NULL,"Pump1",NULL,"3PP-DE",NULL,"3-PP-RV",NULL,"VibrationVelocity","OV Vel","mm/s","AlarmTypeHigh","7.100","4.500","2.300",NULL,NULL,NULL,"2026-04-10 07:43:24","2026-04-10 07:42:40","0.676","Ok","2","J20260411070002B10E958","2026-04-11 07:15:31.367013+00","SOT & WWTP","Building 46","Level 1 south Ext","","","","","","","","B10E958","DSM"," Pump DE"
"5f220375d2e0c7fb2186baf5408482ca","SOT & WWTP/Building 46/Level 1 south Ext",NULL,"2204674-82200","03730490-e586-4775-9f7d-24435dd06cae",NULL,"ElectricMotor1",NULL,"1MT-NDE",NULL,"1-MT-RH",NULL,"BandEnergyFromSpectrum","HF RMS Accel","g","AlarmTypeHigh","6.000","3.000","1.500",NULL,NULL,NULL,"2026-04-10 08:36:06","2026-04-10 08:36:06","0.091","Ok","2","J20260411070002B10E542","2026-04-11 07:15:17.341809+00","SOT & WWTP","Building 46","Level 1 south Ext","","","","","","","","B10E542","DSM"," Motor NDE"
"9ae6a6fa0b73cf39ab294a26d5178b64","Azimuth/AZ Port",NULL,"Port HPU 2","fb1f81b0-2173-42e4-87a8-7838ec6a5840",NULL,"ElectricMotor1",NULL,"1MT-NDE",NULL,"1-MT-RV",NULL,"BroadBand","Envelope Energy","g",NULL,NULL,NULL,NULL,NULL,NULL,NULL,"2022-12-23 10:17:23","2022-12-23 10:16:48","0.008","Unknown","1","J20240711000000B8E36","2025-10-20 12:59:30.114739+00","Azimuth","AZ Port","","","","","","","","","B8E36","Helix Seawell"," Motor NDE"
"5f8d6a944ef1406c5fe776f18c7f69d9","SOT & WWTP/Building 46/Level 1 south Ext",NULL,"2204673-64200","1183b785-83bc-4239-9fd1-4c4e5ad0d5f0",NULL,"Pump1",NULL,"3PP-DE",NULL,"3-PP-RH",NULL,"BandEnergyFromSpectrum","MF RMS Accel","g","AlarmTypeHigh","2.000","1.000","0.500",NULL,NULL,NULL,"2026-04-10 07:43:24","2026-04-10 07:43:24","0.129","Ok","2","J20260411070002B10E958","2026-04-11 07:15:31.367013+00","SOT & WWTP","Building 46","Level 1 south Ext","","","","","","","","B10E958","DSM"," Pump DE"
"5fdcfcb423436bc97a9300f632882cbd","Calpan/Building 12/Level 3/Step 34",NULL,"100-12-34-177-01","4418a4f0-5185-4ca9-8a85-a8ed7d6d8870",NULL,"Shaft1",NULL,"7SH-DE",NULL,"7-SH-RH",NULL,"Acceleration","Pk-Pk Accel","g","AlarmTypeHigh","6.000","4.000","2.000",NULL,NULL,NULL,"2026-04-10 09:27:57","2026-04-10 09:26:05","2.705","PreAlarm","3","J20260411070002B10E325","2026-04-11 07:15:44.90977+00","Calpan","Building 12","Level 3","Step 34","","","","","","","B10E325","DSM",NULL
"5fdda2547bef6950554a863abca105e6","Calpan/Building 12/Level 3/Step 34",NULL,"100-12-34-122-01","2f0c1896-955a-4c2b-b25f-c632bd837c5d",NULL,"ElectricMotor1",NULL,"2MT-DE",NULL,"2-MT-RV",NULL,"BandEnergyFromSpectrum","LF RMS Accel","g","AlarmTypeHigh","0.800","0.400","0.200",NULL,NULL,NULL,"2026-04-10 09:11:47","2026-04-10 09:11:47","0.049","Ok","2","J20260411070002B10E320","2026-04-11 07:15:20.786773+00","Calpan","Building 12","Level 3","Step 34","","","","","","","B10E320","DSM"," Motor DE"
"5fe6bef37c51d3dcac131f7a55ca4f1c","Calpan/Building 12/Level 3/Step 34",NULL,"100-12-34-772-01","6b5b6534-5ed7-4bf6-959a-47e0f9d1edb4",NULL,"ElectricMotor1",NULL,"1MT-NDE",NULL,"1-MT-Ax",NULL,"BandEnergyFromSpectrum","HF RMS Accel","g","AlarmTypeHigh","6.000","3.000","1.500",NULL,NULL,NULL,"2026-04-10 09:25:26","2026-04-10 09:25:26","0.004","Ok","2","J20260411070002B10E326","2026-04-11 07:15:18.100414+00","Calpan","Building 12","Level 3","Step 34","","","","","","","B10E326","DSM"," Motor NDE"
"5ff84f9f48ceaefed15b1a7c03eb8806","Calpan/Building 12/Level 3/Step 34",NULL,"100-12-34-112-01","6ede0422-81cb-4ec5-a1c5-1d25b11af911",NULL,"ElectricMotor1",NULL,"1MT-NDE",NULL,"1-MT-RH",NULL,"BandEnergyFromSpectrum","HF RMS Accel","g","AlarmTypeHigh","6.000","3.000","1.500",NULL,NULL,NULL,"2026-04-10 09:38:31","2026-04-10 09:38:31","0.085","Ok","2","J20260411070002B10E332","2026-04-11 07:16:22.283852+00","Calpan","Building 12","Level 3","Step 34","","","","","","","B10E332","DSM"," Motor NDE"
"60082f23f028768f5006cbc3906f3936","SOT & WWTP/Building 46/Level 1 south Ext",NULL,"2204674-86700","df615b42-35ae-4d9e-8440-ec02f423d24f",NULL,"Pump1",NULL,"4PP-NDE",NULL,"4-PP-RV",NULL,"Acceleration","Pk-Pk Accel","g","AlarmTypeHigh","9.000","6.000","3.000",NULL,NULL,NULL,"2026-04-10 08:24:26","2026-04-10 08:19:57","7.638","Alarm","4","J20260411070002B10E886","2026-04-11 07:15:18.11167+00","SOT & WWTP","Building 46","Level 1 south Ext","","","","","","","","B10E886","DSM"," Pump NDE"
"600b9dcf796afeb74a1d2791fe420ec4","Calpan/Building 12/Level 3/Step 34",NULL,"100-12-34-112-01","6ede0422-81cb-4ec5-a1c5-1d25b11af911",NULL,"Pump1",NULL,"3PP-DE",NULL,"3-PP-RH",NULL,"VibrationVelocity","OV Vel","mm/s","AlarmTypeHigh","7.100","4.500","2.300",NULL,NULL,NULL,"2026-04-10 09:38:31","2026-04-10 09:37:56","0.207","Ok","2","J20260411070002B10E332","2026-04-11 07:16:22.283852+00","Calpan","Building 12","Level 3","Step 34","","","","","","","B10E332","DSM"," Pump DE"
"6027e4fcb568d5118c3e00b42fc102e8","Calpan/Building 12/Level 3/Step 34",NULL,"100-12-34-510-21","61567fca-5d02-4da4-933d-d5959c33b06d",NULL,"ElectricMotor1",NULL,"2MT-DE",NULL,"2-MT-RT",NULL,"BandEnergyFromSpectrum","MF Velocity (~3-8X)","mm/s","AlarmTypeHigh","5.000","3.000","1.000",NULL,NULL,NULL,"2026-04-10 08:42:19","2026-04-10 08:42:19","0.735","Ok","2","J20260411070002B10E303","2026-04-11 07:16:14.211894+00","Calpan","Building 12","Level 3","Step 34","","","","","","","B10E303","DSM",NULL
"607d3786419f5bc632a22ae5ee305d02","Calpan/Building 12/Level 3/Step 34",NULL,"100-12-34-122-01","2f0c1896-955a-4c2b-b25f-c632bd837c5d",NULL,"ElectricMotor1",NULL,"1MT-NDE",NULL,"1-MT-RV",NULL,"VibrationVelocity","OV Vel","mm/s","AlarmTypeHigh","7.100","4.500","2.300",NULL,NULL,NULL,"2026-04-10 09:11:47","2026-04-10 09:08:24","1.539","Ok","2","J20260411070002B10E320","2026-04-11 07:15:20.786773+00","Calpan","Building 12","Level 3","Step 34","","","","","","","B10E320","DSM"," Motor NDE"
"60b2b9cf5b1f6262e28096e43a45454f","Calpan/Building 12/Level 3/Step 34",NULL,"100-12-34-162-01","1d898064-4876-4e5b-885f-a3ac174fa02b",NULL,"Pump1",NULL,"3PP-DE",NULL,"3-PP-Ax",NULL,"Acceleration","OV Accel","g","AlarmTypeHigh","6.000","3.000","2.000",NULL,NULL,NULL,"2026-04-10 09:18:57","2026-04-10 09:18:48","0.296","Ok","2","J20260411070002B10E324","2026-04-11 07:15:20.786083+00","Calpan","Building 12","Level 3","Step 34","","","","","","","B10E324","DSM"," Pump DE"
"60bb765dc74e3ddacfc049ec52f03d6f","Calpan/Building 12/Level 3/Step 34",NULL,"100-12-34-182-01","cb82f5f4-a90f-417b-9120-982c9cc359e8",NULL,"Pump1",NULL,"4PP-NDE",NULL,"4-PP-RV",NULL,"BandEnergyFromSpectrum","MF Velocity (~3-8X)","mm/s","AlarmTypeHigh","5.000","3.000","1.000",NULL,NULL,NULL,"2026-04-10 08:58:11","2026-04-10 08:58:11","0.569","Ok","2","J20260411070002B10E775","2026-04-11 07:15:47.606089+00","Calpan","Building 12","Level 3","Step 34","","","","","","","B10E775","DSM"," Pump NDE"
"60c2c8dd3d000f82021c50d0df7e2a2d","SOT & WWTP/Building 46/Level 1 south Ext",NULL,"2204674-80200","4a5f1f07-5d69-47ff-ad0c-51f038ca26f5",NULL,"ElectricMotor1",NULL,"2MT-DE",NULL,"2-MT-RH",NULL,"BandEnergyFromSpectrum","HF RMS Accel","g","AlarmTypeHigh","6.000","3.000","1.500",NULL,NULL,NULL,"2026-04-10 08:33:22","2026-04-10 08:33:22","0.122","Ok","2","J20260411070002B10E540","2026-04-11 07:15:30.329764+00","SOT & WWTP","Building 46","Level 1 south Ext","","","","","","","","B10E540","DSM"," Motor DE"
"6109d796e3aec98f448addb8026dcaa4","SOT & WWTP/Building 28/Ground Level",NULL,"4002861-50500","4322796b-6387-4da8-b21c-a60391237dcb",NULL,"Pump1",NULL,"4PP-NDE",NULL,"4-PP-RV",NULL,"BandEnergyFromSpectrum","MF RMS Accel","g","AlarmTypeHigh","2.000","1.000","0.500",NULL,NULL,NULL,"2026-04-10 09:45:06","2026-04-10 09:45:06","0.516","PreAlarm","3","J20260411070002B10E34","2026-04-11 07:15:46.515864+00","SOT & WWTP","Building 28","Ground Level","","","","","","","","B10E34","DSM"," Pump NDE"
"6111c4eb3ef7f93a40c782941e7eb0f4","SOT & WWTP/Building 46/Level 1 South Int",NULL,"2204674-12200","920f4ad8-e17b-4e95-bb07-fe8ccfbdeb6a",NULL,"ElectricMotor1",NULL,"2MT-DE",NULL,"2-MT-RH",NULL,"Acceleration","Pk-Pk Accel","g","AlarmTypeHigh","9.000","6.000","3.000",NULL,NULL,NULL,"2026-04-10 07:59:41","2026-04-10 07:58:43","0.785","Ok","2","J20260411070002B10E550","2026-04-11 07:15:15.907019+00","SOT & WWTP","Building 46","Level 1 South Int","","","","","","","","B10E550","DSM"," Motor DE"
"612e1f0c86e5788aaa8a0021c36f81e1","SOT & WWTP/Building 46/Level 1 south Ext",NULL,"2204674-82200","03730490-e586-4775-9f7d-24435dd06cae",NULL,"Pump1",NULL,"3PP-DE",NULL,"3-PP-RH",NULL,"VibrationVelocity","OV Vel","mm/s","AlarmTypeHigh","7.100","4.500","2.300",NULL,NULL,NULL,"2026-04-10 08:36:06","2026-04-10 08:35:33","0.758","Ok","2","J20260411070002B10E542","2026-04-11 07:15:17.341809+00","SOT & WWTP","Building 46","Level 1 south Ext","","","","","","","","B10E542","DSM"," Pump DE"
"613653500c8205921de4fdf028ac793e","SOT & WWTP/Building 32/Ground Level",NULL,"4003245-01030","43aad99e-1dbc-4d74-b061-e10b847dea3e",NULL,"ElectricMotor1",NULL,"2MT-DE",NULL,"2-MT-RV",NULL,"BandEnergyFromSpectrum","HF RMS Accel","g","AlarmTypeHigh","6.000","3.000","1.500",NULL,NULL,NULL,"2026-04-10 09:59:58","2026-04-10 09:59:58","0.440","Ok","2","J20260411070002B10E42","2026-04-11 07:15:44.831133+00","SOT & WWTP","Building 32","Ground Level","","","","","","","","B10E42","DSM"," Motor DE"
"6174a1a1b06a61d86fe3877eb6771d5d","SOT & WWTP/Building 46/Level 1 South Int",NULL,"2204674-25200","8c097769-c06f-45ff-b124-b425f9a07faf",NULL,"LobulusCompressor1",NULL,"6LC-NDE",NULL,"6-LC-Ax",NULL,"BandEnergyFromSpectrum","MF Velocity (~3-8X)","mm/s","AlarmTypeHigh","5.000","3.000","1.000",NULL,NULL,NULL,"2026-04-10 08:05:54","2026-04-10 08:05:54","0.061","Ok","2","J20260411070002B10E556","2026-04-11 07:15:14.724536+00","SOT & WWTP","Building 46","Level 1 South Int","","","","","","","","B10E556","DSM",NULL
"620318e3ae387d5caa4cae4da6a8e991","SOT & WWTP/Building 46/Level 1 south Ext",NULL,"2204674-80200","4a5f1f07-5d69-47ff-ad0c-51f038ca26f5",NULL,"Pump1",NULL,"4PP-NDE",NULL,"4-PP-RV",NULL,"Acceleration","Pk-Pk Accel","g","AlarmTypeHigh","9.000","6.000","3.000",NULL,NULL,NULL,"2026-04-10 08:33:22","2026-04-10 08:33:19","6.150","Alarm","4","J20260411070002B10E540","2026-04-11 07:15:30.329764+00","SOT & WWTP","Building 46","Level 1 south Ext","","","","","","","","B10E540","DSM"," Pump NDE"
"621232d80dff5e3dda6194e8433303ca","Calpan/Building 12/Level 3/Step 34",NULL,"100-12-34-772-01","6b5b6534-5ed7-4bf6-959a-47e0f9d1edb4",NULL,"Pump1",NULL,"4PP-NDE",NULL,"4-PP-Ax",NULL,"BandEnergyFromSpectrum","LF RMS Accel","g","AlarmTypeHigh","0.800","0.400","0.200",NULL,NULL,NULL,"2026-04-10 09:25:26","2026-04-10 09:25:26","0.058","Ok","2","J20260411070002B10E326","2026-04-11 07:15:18.100414+00","Calpan","Building 12","Level 3","Step 34","","","","","","","B10E326","DSM"," Pump NDE"
"62446d2a8b02003ed8c604a8b45d1df4","Calpan/Building 12/Level 3/Step 34",NULL,"100-12-34-052-01","4e95bfc9-5c27-4ef2-8f21-e1680ea3525a",NULL,"ElectricMotor1",NULL,"1MT-NDE",NULL,"1-MT-RV",NULL,"BandEnergyFromSpectrum","MF Velocity (~3-8X)","mm/s","AlarmTypeHigh","5.000","3.000","1.000",NULL,NULL,NULL,"2026-04-10 09:35:03","2026-04-10 09:35:03","0.807","Ok","2","J20260411070002B10E329","2026-04-11 07:16:20.032019+00","Calpan","Building 12","Level 3","Step 34","","","","","","","B10E329","DSM"," Motor NDE"
"627e80aee6e1517ce908dd5e475e9239","Calpan/Building 12/Level 3/Step 34",NULL,"100-12-34-177-01","4418a4f0-5185-4ca9-8a85-a8ed7d6d8870",NULL,"ElectricMotor1",NULL,"1MT-NDE",NULL,"1-MT-RV",NULL,"BroadBand","Envelope Energy","g",NULL,NULL,NULL,NULL,NULL,NULL,NULL,"2026-04-10 09:27:57","2026-04-10 09:19:52","0.050","Unknown","1","J20260411070002B10E325","2026-04-11 07:15:44.90977+00","Calpan","Building 12","Level 3","Step 34","","","","","","","B10E325","DSM"," Motor NDE"
"62dff9aed133f9de3b71c07e57a3d877","SOT & WWTP/Building 46/Level 1 south Ext",NULL,"2204674-82200","03730490-e586-4775-9f7d-24435dd06cae",NULL,"ElectricMotor1",NULL,"1MT-NDE",NULL,"1-MT-RH",NULL,"BroadBand","Envelope Energy","g",NULL,NULL,NULL,NULL,NULL,NULL,NULL,"2026-04-10 08:36:06","2026-04-10 08:34:33","0.043","Unknown","1","J20260411070002B10E542","2026-04-11 07:15:17.341809+00","SOT & WWTP","Building 46","Level 1 south Ext","","","","","","","","B10E542","DSM"," Motor NDE"
"630654c4146a715cbdd911d49d1c9319","SOT & WWTP/Building 46/Level 1 south Ext",NULL,"2204673-20200","971c1886-fae1-4e46-bdc2-fedaf770dc42",NULL,"ElectricMotor1",NULL,"2MT-DE",NULL,"2-MT-RH",NULL,"BandEnergyFromSpectrum","MF Velocity (~3-8X)","mm/s","AlarmTypeHigh","5.000","3.000","1.000",NULL,NULL,NULL,"2026-04-10 08:11:00","2026-04-10 08:11:00","0.221","Ok","2","J20260411070002B10E986","2026-04-11 07:16:18.775238+00","SOT & WWTP","Building 46","Level 1 south Ext","","","","","","","","B10E986","DSM"," Motor DE"
"6309615279d8bdcc61bd09d3335ab89d","Calpan/Building 12/Level 3/Step 34",NULL,"100-12-34-112-01","6ede0422-81cb-4ec5-a1c5-1d25b11af911",NULL,"Pump1",NULL,"3PP-DE",NULL,"3-PP-RV",NULL,"BandEnergyFromSpectrum","LF RMS Accel","g","AlarmTypeHigh","0.800","0.400","0.200",NULL,NULL,NULL,"2026-04-10 09:38:31","2026-04-10 09:38:31","0.010","Ok","2","J20260411070002B10E332","2026-04-11 07:16:22.283852+00","Calpan","Building 12","Level 3","Step 34","","","","","","","B10E332","DSM"," Pump DE"
"631642b729722cf115341d725bb4e48c","SOT & WWTP/Building 46/Level 1 south Ext",NULL,"2204674-86700","df615b42-35ae-4d9e-8440-ec02f423d24f",NULL,"ElectricMotor1",NULL,"1MT-NDE",NULL,"1-MT-RV",NULL,"BandEnergyFromSpectrum","MF RMS Accel","g","AlarmTypeHigh","2.000","1.000","0.500",NULL,NULL,NULL,"2026-04-10 08:24:26","2026-04-10 08:24:26","0.979","PreAlarm","3","J20260411070002B10E886","2026-04-11 07:15:18.11167+00","SOT & WWTP","Building 46","Level 1 south Ext","","","","","","","","B10E886","DSM"," Motor NDE"
"63296c232ac4a59f684b3a277d604e6b","Calpan/Building 12/Level 3/Step 34",NULL,"100-12-34-032-01","dfd2a084-a9f2-4a9f-bd33-34b210d47d0e",NULL,"ElectricMotor1",NULL,"1MT-NDE",NULL,"1-MT-Ax",NULL,"Acceleration","OV Accel","g","AlarmTypeHigh","6.000","3.000","2.000",NULL,NULL,NULL,"2026-04-10 09:29:45","2026-04-10 09:29:11","0.034","Ok","2","J20260411070002B10E327","2026-04-11 07:15:47.921969+00","Calpan","Building 12","Level 3","Step 34","","","","","","","B10E327","DSM"," Motor NDE"
"639485bf67116f92d64ebb03c1125e50","SOT & WWTP/Building 46/Level 1 south Ext",NULL,"2204674-91700","c5661652-b006-41ac-9678-a9f8cee30d2e",NULL,"ElectricMotor1",NULL,"2MT-DE",NULL,"2-MT-RV",NULL,"Acceleration","OV Accel","g","AlarmTypeHigh","6.000","3.000","2.000",NULL,NULL,NULL,"2026-04-10 08:28:29","2026-04-10 08:28:19","0.441","Ok","2","J20260411070002B10E549","2026-04-11 07:15:44.625996+00","SOT & WWTP","Building 46","Level 1 south Ext","","","","","","","","B10E549","DSM"," Motor DE"
"63ac47212beaaef493188d79b3b22930","SOT & WWTP/Building 46/Level 1 South Int",NULL,"2204674-18700","d02dc63f-663b-465c-8e99-133e530a34f3",NULL,"Pump1",NULL,"3PP-DE",NULL,"3-PP-RH",NULL,"Acceleration","Pk-Pk Accel","g","AlarmTypeHigh","9.000","6.000","3.000",NULL,NULL,NULL,"2026-04-10 07:49:54","2026-04-10 07:49:24","1.018","Ok","2","J20260411070002B10E553","2026-04-11 07:15:31.376368+00","SOT & WWTP","Building 46","Level 1 South Int","","","","","","","","B10E553","DSM"," Pump DE"
"63d2ab704f1c26e9dce2da1dd866f09a","SOT & WWTP/Building 46/Level 1 South Int",NULL,"2204674-18700","d02dc63f-663b-465c-8e99-133e530a34f3",NULL,"Pump1",NULL,"3PP-DE",NULL,"3-PP-RV",NULL,"BandEnergyFromSpectrum","MF Velocity (~3-8X)","mm/s","AlarmTypeHigh","5.000","3.000","1.000",NULL,NULL,NULL,"2026-04-10 07:49:54","2026-04-10 07:49:54","0.351","Ok","2","J20260411070002B10E553","2026-04-11 07:15:31.376368+00","SOT & WWTP","Building 46","Level 1 South Int","","","","","","","","B10E553","DSM"," Pump DE"
"63e53a9c168d13614c5d78c31b891048","SOT & WWTP/Building 46/Level 1 south Ext",NULL,"2204674-82200","03730490-e586-4775-9f7d-24435dd06cae",NULL,"Pump1",NULL,"3PP-DE",NULL,"3-PP-RV",NULL,"VibrationVelocity","OV Vel","mm/s","AlarmTypeHigh","7.100","4.500","2.300",NULL,NULL,NULL,"2026-04-10 08:36:06","2026-04-10 08:35:33","1.372","Ok","2","J20260411070002B10E542","2026-04-11 07:15:17.341809+00","SOT & WWTP","Building 46","Level 1 south Ext","","","","","","","","B10E542","DSM"," Pump DE"
"63fe9e92375353c3ca903a56b2186f52","SOT & WWTP/Building 32/Ground Level",NULL,"4003245-01060 No.6","6b94553b-624d-41d6-ae32-d3ba7ca02dce",NULL,"Pump1",NULL,"3PP-DE",NULL,"3-PP-Ax",NULL,"BroadBand","Envelope Energy","g",NULL,NULL,NULL,NULL,NULL,NULL,NULL,"2026-04-10 09:54:40","2026-04-10 09:53:57","0.059","Unknown","1","J20260411070002B10E45","2026-04-11 07:15:28.823432+00","SOT & WWTP","Building 32","Ground Level","","","","","","","","B10E45","DSM"," Pump DE"
"6402c1ebdf890cf25e5338f82ad000e3","SOT & WWTP/Building 46/Level 1 South Int",NULL,"2204674-18700","d02dc63f-663b-465c-8e99-133e530a34f3",NULL,"Pump1",NULL,"3PP-DE",NULL,"3-PP-Ax",NULL,"Acceleration","OV Accel","g","AlarmTypeHigh","6.000","3.000","2.000",NULL,NULL,NULL,"2026-04-10 07:49:54","2026-04-10 07:49:23","0.130","Ok","2","J20260411070002B10E553","2026-04-11 07:15:31.376368+00","SOT & WWTP","Building 46","Level 1 South Int","","","","","","","","B10E553","DSM"," Pump DE"
"64044acd272e1179e7cc6346ae3c49a6","Calpan/Building 12/Level 3/Step 34",NULL,"100-12-34-162-01","1d898064-4876-4e5b-885f-a3ac174fa02b",NULL,"ElectricMotor1",NULL,"2MT-DE",NULL,"2-MT-RH",NULL,"Acceleration","OV Accel","g","AlarmTypeHigh","6.000","3.000","2.000",NULL,NULL,NULL,"2026-04-10 09:18:57","2026-04-10 09:18:03","0.139","Ok","2","J20260411070002B10E324","2026-04-11 07:15:20.786083+00","Calpan","Building 12","Level 3","Step 34","","","","","","","B10E324","DSM"," Motor DE"
"640599089b3c234d10af53bb1352865b","Calpan/Building 12/Level 3/Step 34",NULL,"100-12-34-177-01","4418a4f0-5185-4ca9-8a85-a8ed7d6d8870",NULL,"GearBox1",NULL,"3GB-InDE",NULL,"3-GB-RV",NULL,"Acceleration","Pk-Pk Accel","g","AlarmTypeHigh","9.000","6.000","3.000",NULL,NULL,NULL,"2026-04-10 09:27:57","2026-04-10 09:20:44","1.165","Ok","2","J20260411070002B10E325","2026-04-11 07:15:44.90977+00","Calpan","Building 12","Level 3","Step 34","","","","","","","B10E325","DSM"," Gearbox InDE"
"644b4994e8146077311dd6055e53a6fe","SOT & WWTP/Building 32/Ground Level",NULL,"4003245-01060 No.6","6b94553b-624d-41d6-ae32-d3ba7ca02dce",NULL,"ElectricMotor1",NULL,"2MT-DE",NULL,"2-MT-RH",NULL,"BandEnergyFromSpectrum","MF Velocity (~3-8X)","mm/s","AlarmTypeHigh","5.000","3.000","1.000",NULL,NULL,NULL,"2026-04-10 09:54:40","2026-04-10 09:54:40","0.232","Ok","2","J20260411070002B10E45","2026-04-11 07:15:28.823432+00","SOT & WWTP","Building 32","Ground Level","","","","","","","","B10E45","DSM"," Motor DE"
"645c0dc08d421912ff27e9e9cf0d5aa9","SOT & WWTP/Building 28/Ground Level",NULL,"4002861-50500","4322796b-6387-4da8-b21c-a60391237dcb",NULL,"Pump1",NULL,"3PP-DE",NULL,"3-PP-RV",NULL,"BandEnergyFromSpectrum","MF RMS Accel","g","AlarmTypeHigh","2.000","1.000","0.500",NULL,NULL,NULL,"2026-04-10 09:45:06","2026-04-10 09:45:06","1.761","Alarm","4","J20260411070002B10E34","2026-04-11 07:15:46.515864+00","SOT & WWTP","Building 28","Ground Level","","","","","","","","B10E34","DSM"," Pump DE"
"6495c68adfec727a1c957c52bfd3f83f","Calpan/Building 12/Level 3/Step 34",NULL,"100-12-34-177-01","4418a4f0-5185-4ca9-8a85-a8ed7d6d8870",NULL,"GearBox1",NULL,"3GB-InDE",NULL,"3-GB-RH",NULL,"BandEnergyFromSpectrum","MF RMS Accel","g","AlarmTypeHigh","2.000","1.000","0.500",NULL,NULL,NULL,"2026-04-10 09:27:57","2026-04-10 09:27:57","0.340","Ok","2","J20260411070002B10E325","2026-04-11 07:15:44.90977+00","Calpan","Building 12","Level 3","Step 34","","","","","","","B10E325","DSM"," Gearbox InDE"
"64cee0ab42fd965b225fd13aa621d42d","Calpan/Building 12/Level 3/Step 34",NULL,"100-12-34-177-01","4418a4f0-5185-4ca9-8a85-a8ed7d6d8870",NULL,"GearBox1",NULL,"4GB-InNDE",NULL,"4-GB-RH",NULL,"BandEnergyFromSpectrum","LF RMS Accel","g","AlarmTypeHigh","0.800","0.400","0.200",NULL,NULL,NULL,"2026-04-10 09:27:57","2026-04-10 09:27:57","0.021","Ok","2","J20260411070002B10E325","2026-04-11 07:15:44.90977+00","Calpan","Building 12","Level 3","Step 34","","","","","","","B10E325","DSM"," Gearbox InNDE"
"64d70f21d25becb268b5b028d0773b13","SOT & WWTP/Building 46/Level 1 south Ext",NULL,"2204674-86700","df615b42-35ae-4d9e-8440-ec02f423d24f",NULL,"ElectricMotor1",NULL,"1MT-NDE",NULL,"1-MT-RH",NULL,"BandEnergyFromSpectrum","LF RMS Accel","g","AlarmTypeHigh","0.800","0.400","0.200",NULL,NULL,NULL,"2026-04-10 08:24:26","2026-04-10 08:24:26","0.519","Alarm","4","J20260411070002B10E886","2026-04-11 07:15:18.11167+00","SOT & WWTP","Building 46","Level 1 south Ext","","","","","","","","B10E886","DSM"," Motor NDE"
"64e10545b8187c19aa4e4d2e51304623","Calpan/Building 12/Level 3/Step 34",NULL,"100-12-34-157-01","5d071c42-70ae-41ae-ab75-66543fc85f14",NULL,"ElectricMotor1",NULL,"2MT-DE",NULL,"2-MT-RV",NULL,"BandEnergyFromSpectrum","HF RMS Accel","g","AlarmTypeHigh","6.000","3.000","1.500",NULL,NULL,NULL,"2026-04-10 09:02:29","2026-04-10 09:02:29","0.037","Ok","2","J20260411070002B10E319","2026-04-11 07:15:15.91658+00","Calpan","Building 12","Level 3","Step 34","","","","","","","B10E319","DSM"," Motor DE"
"64e51aa925319755f0dfee297aa31c3c","Calpan/Building 12/Level 3/Step 34",NULL,"100-12-34-042-01","baa957f8-47b1-4422-b93b-9c0e9c3cf8a3",NULL,"Pump1",NULL,"3PP-DE",NULL,"3-PP-Ax",NULL,"BandEnergyFromSpectrum","LF RMS Accel","g","AlarmTypeHigh","0.800","0.400","0.200",NULL,NULL,NULL,"2026-04-10 09:31:52","2026-04-10 09:31:52","0.020","Ok","2","J20260411070002B10E328","2026-04-11 07:15:17.347474+00","Calpan","Building 12","Level 3","Step 34","","","","","","","B10E328","DSM"," Pump DE"
"65145c04f8861c0f16beb608d9d445a5","Calpan/Building 12/Level 3/Step 34",NULL,"100-12-34-182-01","cb82f5f4-a90f-417b-9120-982c9cc359e8",NULL,"ElectricMotor1",NULL,"2MT-DE",NULL,"2-MT-Ax",NULL,"BandEnergyFromSpectrum","MF Velocity (~3-8X)","mm/s","AlarmTypeHigh","5.000","3.000","1.000",NULL,NULL,NULL,"2026-04-10 08:58:11","2026-04-10 08:58:11","0.264","Ok","2","J20260411070002B10E775","2026-04-11 07:15:47.606089+00","Calpan","Building 12","Level 3","Step 34","","","","","","","B10E775","DSM"," Motor DE"
"651e907ef604db15fc8be7747c4dd538","SOT & WWTP/Building 32/Ground Level",NULL,"4003245-01030","43aad99e-1dbc-4d74-b061-e10b847dea3e",NULL,"Pump1",NULL,"3PP-DE",NULL,"3-PP-Ax",NULL,"Acceleration","Pk-Pk Accel","g","AlarmTypeHigh","9.000","6.000","3.000",NULL,NULL,NULL,"2026-04-10 09:59:58","2026-04-10 09:59:20","3.773","PreAlarm","3","J20260411070002B10E42","2026-04-11 07:15:44.831133+00","SOT & WWTP","Building 32","Ground Level","","","","","","","","B10E42","DSM"," Pump DE"
"652210600e0f970f4d819a5cc036dda6","SOT & WWTP/Building 46/Level 1 South Int",NULL,"2204674-18700","d02dc63f-663b-465c-8e99-133e530a34f3",NULL,"ElectricMotor1",NULL,"2MT-DE",NULL,"2-MT-RV",NULL,"VibrationVelocity","OV Vel","mm/s","AlarmTypeHigh","7.100","4.500","2.300",NULL,NULL,NULL,"2026-04-10 07:49:54","2026-04-10 07:48:52","0.840","Ok","2","J20260411070002B10E553","2026-04-11 07:15:31.376368+00","SOT & WWTP","Building 46","Level 1 South Int","","","","","","","","B10E553","DSM"," Motor DE"
"65246845e6115c815717a0509dbe9dc8","SOT & WWTP/Building 46/Level 1 south Ext",NULL,"2204673-65200","8f669413-f706-47d4-92c1-000af5b89657",NULL,"ElectricMotor1",NULL,"2MT-DE",NULL,"2-MT-RH",NULL,"Acceleration","Pk-Pk Accel","g","AlarmTypeHigh","9.000","6.000","3.000",NULL,NULL,NULL,"2026-04-10 07:45:56","2026-04-10 07:44:44","1.201","Ok","2","J20260411070002B10E960","2026-04-11 07:15:31.403974+00","SOT & WWTP","Building 46","Level 1 south Ext","","","","","","","","B10E960","DSM"," Motor DE"
"6526e68e48ba75ebc5f411b123ca9b7b","SOT & WWTP/Building 46/Level 1 South Int",NULL,"2204674-12200","920f4ad8-e17b-4e95-bb07-fe8ccfbdeb6a",NULL,"ElectricMotor1",NULL,"2MT-DE",NULL,"2-MT-Ax",NULL,"BandEnergyFromSpectrum","HF RMS Accel","g","AlarmTypeHigh","6.000","3.000","1.500",NULL,NULL,NULL,"2026-04-10 07:59:41","2026-04-10 07:59:41","0.008","Ok","2","J20260411070002B10E550","2026-04-11 07:15:15.907019+00","SOT & WWTP","Building 46","Level 1 South Int","","","","","","","","B10E550","DSM"," Motor DE"
"656e34a69442bfa3567c296cf71bdc4e","SOT & WWTP/Building 46/Level 1 south Ext",NULL,"2204674-85200","44b72af3-d034-498f-8d9f-e5fe074eebbd",NULL,"ElectricMotor1",NULL,"1MT-NDE",NULL,"1-MT-RV",NULL,"BroadBand","Envelope Energy","g",NULL,NULL,NULL,NULL,NULL,NULL,NULL,"2026-04-10 08:17:06","2026-04-10 08:15:32","0.018","Unknown","1","J20260411070002B10E546","2026-04-11 07:15:28.820148+00","SOT & WWTP","Building 46","Level 1 south Ext","","","","","","","","B10E546","DSM"," Motor NDE"
"65862ddf0c02b964c34df0a5c680f93e","Calpan/Building 12/Level 3/Step 34",NULL,"100-12-34-052-01","4e95bfc9-5c27-4ef2-8f21-e1680ea3525a",NULL,"ElectricMotor1",NULL,"1MT-NDE",NULL,"1-MT-RV",NULL,"BandEnergyFromSpectrum","MF RMS Accel","g","AlarmTypeHigh","2.000","1.000","0.500",NULL,NULL,NULL,"2026-04-10 09:35:03","2026-04-10 09:35:03","0.215","Ok","2","J20260411070002B10E329","2026-04-11 07:16:20.032019+00","Calpan","Building 12","Level 3","Step 34","","","","","","","B10E329","DSM"," Motor NDE"
"65a2f75816c3535ab0cf16e69f59a506","SOT & WWTP/Building 46/Level 1 south Ext",NULL,"2204673-20200","971c1886-fae1-4e46-bdc2-fedaf770dc42",NULL,"Pump1",NULL,"3PP-DE",NULL,"3-PP-RV",NULL,"BroadBand","Envelope Energy","g",NULL,NULL,NULL,NULL,NULL,NULL,NULL,"2026-04-10 08:11:00","2026-04-10 08:10:16","0.006","Unknown","1","J20260411070002B10E986","2026-04-11 07:16:18.775238+00","SOT & WWTP","Building 46","Level 1 south Ext","","","","","","","","B10E986","DSM"," Pump DE"
"65ab126f97ed3e15356cb829c9e13410","Calpan/Building 12/Level 3/Step 34",NULL,"100-12-34-452-01","95d59ee7-03e4-4a9e-b4c3-1eb0f2b52d18",NULL,"Pump1",NULL,"3PP-DE",NULL,"3-PP-RV",NULL,"VibrationVelocity","OV Vel","mm/s","AlarmTypeHigh","7.100","4.500","2.300",NULL,NULL,NULL,"2026-04-10 08:47:51","2026-04-10 08:47:15","1.844","Ok","2","J20260411070002B10E313","2026-04-11 07:15:22.026089+00","Calpan","Building 12","Level 3","Step 34","","","","","","","B10E313","DSM"," Pump DE"
"65ebdbf4fb1e45928880e524ecd384f2","SOT & WWTP/Building 32/Ground Level",NULL,"4003245-01030","43aad99e-1dbc-4d74-b061-e10b847dea3e",NULL,"Pump1",NULL,"4PP-NDE",NULL,"4-PP-RV",NULL,"BandEnergyFromSpectrum","MF Velocity (~3-8X)","mm/s","AlarmTypeHigh","5.000","3.000","1.000",NULL,NULL,NULL,"2026-04-10 09:59:58","2026-04-10 09:59:58","2.305","PreAlarm","3","J20260411070002B10E42","2026-04-11 07:15:44.831133+00","SOT & WWTP","Building 32","Ground Level","","","","","","","","B10E42","DSM"," Pump NDE"
"663c0280d92e4902a3dd9a2fcb1a0ac7","SOT & WWTP/Building 46/Level 1 south Ext",NULL,"2204674-82200","03730490-e586-4775-9f7d-24435dd06cae",NULL,"Pump1",NULL,"4PP-NDE",NULL,"4-PP-RH",NULL,"BandEnergyFromSpectrum","MF RMS Accel","g","AlarmTypeHigh","2.000","1.000","0.500",NULL,NULL,NULL,"2026-04-10 08:36:06","2026-04-10 08:36:06","0.233","Ok","2","J20260411070002B10E542","2026-04-11 07:15:17.341809+00","SOT & WWTP","Building 46","Level 1 south Ext","","","","","","","","B10E542","DSM"," Pump NDE"
"66464d72ccc8e8c9671a65407e07b38e","SOT & WWTP/Building 46/Level 1 south Ext",NULL,"2204674-91700","c5661652-b006-41ac-9678-a9f8cee30d2e",NULL,"ElectricMotor1",NULL,"1MT-NDE",NULL,"1-MT-RV",NULL,"BandEnergyFromSpectrum","LF RMS Accel","g","AlarmTypeHigh","0.800","0.400","0.200",NULL,NULL,NULL,"2026-04-10 08:28:29","2026-04-10 08:28:29","0.156","Ok","2","J20260411070002B10E549","2026-04-11 07:15:44.625996+00","SOT & WWTP","Building 46","Level 1 south Ext","","","","","","","","B10E549","DSM"," Motor NDE"
"6668830a82212e99180a8a95b4cf5222","Calpan/Building 12/Level 3/Step 34",NULL,"100-12-34-177-01","4418a4f0-5185-4ca9-8a85-a8ed7d6d8870",NULL,"GearBox1",NULL,"4GB-InNDE",NULL,"4-GB-RV",NULL,"BandEnergyFromSpectrum","MF Velocity (~3-8X)","mm/s","AlarmTypeHigh","5.000","3.000","1.000",NULL,NULL,NULL,"2026-04-10 09:27:57","2026-04-10 09:27:57","0.275","Ok","2","J20260411070002B10E325","2026-04-11 07:15:44.90977+00","Calpan","Building 12","Level 3","Step 34","","","","","","","B10E325","DSM"," Gearbox InNDE"
"66a6ff7401387c847cbf1fd3cacf9a1d","SOT & WWTP/Building 46/Level 1 south Ext",NULL,"2204673-20200","971c1886-fae1-4e46-bdc2-fedaf770dc42",NULL,"Pump1",NULL,"3PP-DE",NULL,"3-PP-RH",NULL,"VibrationVelocity","OV Vel","mm/s","AlarmTypeHigh","7.100","4.500","2.300",NULL,NULL,NULL,"2026-04-10 08:11:00","2026-04-10 08:10:20","1.111","Ok","2","J20260411070002B10E986","2026-04-11 07:16:18.775238+00","SOT & WWTP","Building 46","Level 1 south Ext","","","","","","","","B10E986","DSM"," Pump DE"
"66cda2987290691b952218ded9d12f8e","Calpan/Building 12/Level 3/Step 34",NULL,"100-12-34-772-01","6b5b6534-5ed7-4bf6-959a-47e0f9d1edb4",NULL,"ElectricMotor1",NULL,"2MT-DE",NULL,"2-MT-RH",NULL,"BandEnergyFromSpectrum","HF RMS Accel","g","AlarmTypeHigh","6.000","3.000","1.500",NULL,NULL,NULL,"2026-04-10 09:25:26","2026-04-10 09:25:26","0.050","Ok","2","J20260411070002B10E326","2026-04-11 07:15:18.100414+00","Calpan","Building 12","Level 3","Step 34","","","","","","","B10E326","DSM"," Motor DE"
"66d305d10ff6ce710e2b899fcd3a45f1","SOT & WWTP/Building 32/Ground Level",NULL,"4003245-01060 No.6","6b94553b-624d-41d6-ae32-d3ba7ca02dce",NULL,"Pump1",NULL,"3PP-DE",NULL,"3-PP-Ax",NULL,"VibrationVelocity","OV Vel","mm/s","AlarmTypeHigh","7.100","4.500","2.300",NULL,NULL,NULL,"2026-04-10 09:54:40","2026-04-10 09:54:02","2.336","PreAlarm","3","J20260411070002B10E45","2026-04-11 07:15:28.823432+00","SOT & WWTP","Building 32","Ground Level","","","","","","","","B10E45","DSM"," Pump DE"
"66fe253a4dea040409957f80773f56c4","Calpan/Building 12/Level 3/Step 34",NULL,"100-12-34-177-01","4418a4f0-5185-4ca9-8a85-a8ed7d6d8870",NULL,"ElectricMotor1",NULL,"1MT-NDE",NULL,"1-MT-RV",NULL,"Acceleration","Pk-Pk Accel","g","AlarmTypeHigh","9.000","6.000","3.000",NULL,NULL,NULL,"2026-04-10 09:27:57","2026-04-10 09:19:58","1.593","Ok","2","J20260411070002B10E325","2026-04-11 07:15:44.90977+00","Calpan","Building 12","Level 3","Step 34","","","","","","","B10E325","DSM"," Motor NDE"
"6735b40c2a4ded0eaf89d08ebb5e0855","Calpan/Building 12/Level 3/Step 34",NULL,"100-12-34-157-01","5d071c42-70ae-41ae-ab75-66543fc85f14",NULL,"ElectricMotor1",NULL,"2MT-DE",NULL,"2-MT-Ax",NULL,"BroadBand","Envelope Energy","g",NULL,NULL,NULL,NULL,NULL,NULL,NULL,"2026-04-10 09:02:29","2026-04-10 09:01:51","0.031","Unknown","1","J20260411070002B10E319","2026-04-11 07:15:15.91658+00","Calpan","Building 12","Level 3","Step 34","","","","","","","B10E319","DSM"," Motor DE"
"677cb773549c4183a231ae8548dbac97","Calpan/Building 12/Level 3/Step 34",NULL,"100-12-34-137-01","6b60b0aa-ef09-4630-b0c3-9a82f9488b6f",NULL,"GearBox1",NULL,"3GB-InDE",NULL,"3-GB-RV",NULL,"BandEnergyFromSpectrum","HF RMS Accel","g","AlarmTypeHigh","6.000","3.000","1.500",NULL,NULL,NULL,"2026-04-10 09:16:58","2026-04-10 09:16:58","0.046","Ok","2","J20260411070002B10E322","2026-04-11 07:16:18.069423+00","Calpan","Building 12","Level 3","Step 34","","","","","","","B10E322","DSM"," Gearbox InDE"
"6797d94e569b05edccf2746536b574c4","Calpan/Building 12/Level 3/Step 34",NULL,"100-12-34-772-01","6b5b6534-5ed7-4bf6-959a-47e0f9d1edb4",NULL,"ElectricMotor1",NULL,"1MT-NDE",NULL,"1-MT-RH",NULL,"BandEnergyFromSpectrum","LF RMS Accel","g","AlarmTypeHigh","0.800","0.400","0.200",NULL,NULL,NULL,"2026-04-10 09:25:26","2026-04-10 09:25:26","0.121","Ok","2","J20260411070002B10E326","2026-04-11 07:15:18.100414+00","Calpan","Building 12","Level 3","Step 34","","","","","","","B10E326","DSM"," Motor NDE"
"67b7078b9ab9f351f304a440ed3236cc","SOT & WWTP/Building 46/Level 1 south Ext",NULL,"2204674-85200","44b72af3-d034-498f-8d9f-e5fe074eebbd",NULL,"ElectricMotor1",NULL,"2MT-DE",NULL,"2-MT-Ax",NULL,"BandEnergyFromSpectrum","LF RMS Accel","g","AlarmTypeHigh","0.800","0.400","0.200",NULL,NULL,NULL,"2026-04-10 08:17:06","2026-04-10 08:17:06","0.010","Ok","2","J20260411070002B10E546","2026-04-11 07:15:28.820148+00","SOT & WWTP","Building 46","Level 1 south Ext","","","","","","","","B10E546","DSM"," Motor DE"
"67dcff6533bdfa9017bfce445ba6ccc4","SOT & WWTP/Building 46/Level 1 South Int",NULL,"2204674-18700","d02dc63f-663b-465c-8e99-133e530a34f3",NULL,"Pump1",NULL,"3PP-DE",NULL,"3-PP-Ax",NULL,"BandEnergyFromSpectrum","HF RMS Accel","g","AlarmTypeHigh","6.000","3.000","1.500",NULL,NULL,NULL,"2026-04-10 07:49:54","2026-04-10 07:49:54","0.009","Ok","2","J20260411070002B10E553","2026-04-11 07:15:31.376368+00","SOT & WWTP","Building 46","Level 1 South Int","","","","","","","","B10E553","DSM"," Pump DE"
"d8911568bceba89f7512781ff8084232","SOT & WWTP/Building 38/Ground Level",NULL,"4003881-06100","164cfd2d-d063-4589-97cc-a51a08ac9d58",NULL,"ElectricMotor1",NULL,"1MT-NDE",NULL,"1-MT-Ax",NULL,"BandEnergyFromSpectrum","LF RMS Accel","g","AlarmTypeHigh","0.800","0.400","0.200",NULL,NULL,NULL,"2026-04-20 10:44:51","2026-04-20 10:44:51","0.040","Ok","2","J20260421070000B10E20","2026-04-21 07:15:18.421701+00","SOT & WWTP","Building 38","Ground Level","","","","","","","","B10E20","DSM"," Motor NDE"
"9a281dcd888e8780f9489878838e54ad","SOT & WWTP/Building 38/Ground Level",NULL,"4003881-06200","3a8cb6e0-1682-45e3-ade5-5a3659cec6da",NULL,"Pump1",NULL,"8PP-NDE",NULL,"8-PP-Ax",NULL,"BroadBand","Envelope Energy","g",NULL,NULL,NULL,NULL,NULL,NULL,NULL,"2026-04-20 13:17:35","2026-04-20 13:15:42","3.825","Unknown","1","J20260421070000B10E21","2026-04-21 07:15:13.597632+00","SOT & WWTP","Building 38","Ground Level","","","","","","","","B10E21","DSM"," Pump NDE"
"67e4cc22065ec93d5bac03c225769648","SOT & WWTP/Building 46/Level 1 South Int",NULL,"2204674-12200","920f4ad8-e17b-4e95-bb07-fe8ccfbdeb6a",NULL,"Pump1",NULL,"3PP-DE",NULL,"3-PP-RV",NULL,"Acceleration","OV Accel","g","AlarmTypeHigh","6.000","3.000","2.000",NULL,NULL,NULL,"2026-04-10 07:59:41","2026-04-10 07:59:10","0.452","Ok","2","J20260411070002B10E550","2026-04-11 07:15:15.907019+00","SOT & WWTP","Building 46","Level 1 South Int","","","","","","","","B10E550","DSM"," Pump DE"
"6844cd678428bae1a02016e46b73174b","SOT & WWTP/Building 46/Level 1 south Ext",NULL,"2204674-91200","63f8e6fe-5f68-4171-9ca8-5bb946a1571d",NULL,"ElectricMotor1",NULL,"2MT-DE",NULL,"2-MT-Ax",NULL,"BandEnergyFromSpectrum","HF RMS Accel","g","AlarmTypeHigh","6.000","3.000","1.500",NULL,NULL,NULL,"2026-04-10 08:29:56","2026-04-10 08:29:56","0.011","Ok","2","J20260411070002B10E548","2026-04-11 07:16:21.067974+00","SOT & WWTP","Building 46","Level 1 south Ext","","","","","","","","B10E548","DSM"," Motor DE"
"684f3364a1ef0524dde53dc27bf26b71","SOT & WWTP/Building 46/Level 1 South Int",NULL,"2204674-25200","8c097769-c06f-45ff-b124-b425f9a07faf",NULL,"ElectricMotor1",NULL,"2MT-DE",NULL,"2-MT-RV",NULL,"Acceleration","Pk-Pk Accel","g","AlarmTypeHigh","9.000","6.000","3.000",NULL,NULL,NULL,"2026-04-10 08:05:54","2026-04-10 08:03:55","1.003","Ok","2","J20260411070002B10E556","2026-04-11 07:15:14.724536+00","SOT & WWTP","Building 46","Level 1 South Int","","","","","","","","B10E556","DSM"," Motor DE"
"685cb138f0c1072f5da68afa011d978c","Calpan/Building 12/Level 3/Step 34",NULL,"100-12-34-452-01","95d59ee7-03e4-4a9e-b4c3-1eb0f2b52d18",NULL,"ElectricMotor1",NULL,"1MT-NDE",NULL,"1-MT-Ax",NULL,"Acceleration","OV Accel","g","AlarmTypeHigh","6.000","3.000","2.000",NULL,NULL,NULL,"2026-04-10 08:47:51","2026-04-10 08:46:22","0.205","Ok","2","J20260411070002B10E313","2026-04-11 07:15:22.026089+00","Calpan","Building 12","Level 3","Step 34","","","","","","","B10E313","DSM"," Motor NDE"
"68763548f4ce4becce61a88ea457454f","SOT & WWTP/Building 46/Level 1 South Int",NULL,"2204674-18200","ddec0803-5671-4d5f-bcd2-6ad1ec7ba006",NULL,"ElectricMotor1",NULL,"2MT-DE",NULL,"2-MT-RV",NULL,"BandEnergyFromSpectrum","HF RMS Accel","g","AlarmTypeHigh","6.000","3.000","1.500",NULL,NULL,NULL,"2026-04-10 07:53:51","2026-04-10 07:53:51","0.073","Ok","2","J20260411070002B10E552","2026-04-11 07:15:30.323513+00","SOT & WWTP","Building 46","Level 1 South Int","","","","","","","","B10E552","DSM"," Motor DE"
"68a09df892dea915009e4fd7159bf153","Calpan/Building 12/Level 3/Step 34",NULL,"100-12-34-137-01","6b60b0aa-ef09-4630-b0c3-9a82f9488b6f",NULL,"Shaft1",NULL,"7SH-DE",NULL,"7-SH-RV",NULL,"BandEnergyFromSpectrum","MF RMS Accel","g","AlarmTypeHigh","2.000","1.000","0.500",NULL,NULL,NULL,"2026-04-10 09:16:58","2026-04-10 09:16:58","0.132","Ok","2","J20260411070002B10E322","2026-04-11 07:16:18.069423+00","Calpan","Building 12","Level 3","Step 34","","","","","","","B10E322","DSM",NULL
"68c31cac8e7abb92654e4169b1c44c02","SOT & WWTP/Building 46/Level 1 South Int",NULL,"2204674-18700","d02dc63f-663b-465c-8e99-133e530a34f3",NULL,"ElectricMotor1",NULL,"1MT-NDE",NULL,"1-MT-RV",NULL,"BandEnergyFromSpectrum","MF Velocity (~3-8X)","mm/s","AlarmTypeHigh","5.000","3.000","1.000",NULL,NULL,NULL,"2026-04-10 07:49:54","2026-04-10 07:49:54","1.222","PreAlarm","3","J20260411070002B10E553","2026-04-11 07:15:31.376368+00","SOT & WWTP","Building 46","Level 1 South Int","","","","","","","","B10E553","DSM"," Motor NDE"
"692514ea97fc4c99b168fc35b9aeb2ab","SOT & WWTP/Building 46/Level 1 South Int",NULL,"2204674-18200","ddec0803-5671-4d5f-bcd2-6ad1ec7ba006",NULL,"ElectricMotor1",NULL,"2MT-DE",NULL,"2-MT-Ax",NULL,"BandEnergyFromSpectrum","HF RMS Accel","g","AlarmTypeHigh","6.000","3.000","1.500",NULL,NULL,NULL,"2026-04-10 07:53:51","2026-04-10 07:53:51","0.022","Ok","2","J20260411070002B10E552","2026-04-11 07:15:30.323513+00","SOT & WWTP","Building 46","Level 1 South Int","","","","","","","","B10E552","DSM"," Motor DE"
"6930b4a06e25a708beddc197795f5679","Calpan/Building 12/Level 3/Step 34",NULL,"100-12-34-112-01","6ede0422-81cb-4ec5-a1c5-1d25b11af911",NULL,"Pump1",NULL,"3PP-DE",NULL,"3-PP-RV",NULL,"VibrationVelocity","OV Vel","mm/s","AlarmTypeHigh","7.100","4.500","2.300",NULL,NULL,NULL,"2026-04-10 09:38:31","2026-04-10 09:37:56","0.317","Ok","2","J20260411070002B10E332","2026-04-11 07:16:22.283852+00","Calpan","Building 12","Level 3","Step 34","","","","","","","B10E332","DSM"," Pump DE"
"6930eb000cdc09c4a55674d0a881abfa","SOT & WWTP/Building 46/Level 1 south Ext",NULL,"2204674-82200","03730490-e586-4775-9f7d-24435dd06cae",NULL,"Pump1",NULL,"3PP-DE",NULL,"3-PP-RV",NULL,"BandEnergyFromSpectrum","MF RMS Accel","g","AlarmTypeHigh","2.000","1.000","0.500",NULL,NULL,NULL,"2026-04-10 08:36:06","2026-04-10 08:36:06","0.360","Ok","2","J20260411070002B10E542","2026-04-11 07:15:17.341809+00","SOT & WWTP","Building 46","Level 1 south Ext","","","","","","","","B10E542","DSM"," Pump DE"
"69544f1ee2fd3cd8009fd45f6734bbe0","Calpan/Building 12/Level 3/Step 34",NULL,"100-12-34-042-01","baa957f8-47b1-4422-b93b-9c0e9c3cf8a3",NULL,"ElectricMotor1",NULL,"1MT-NDE",NULL,"1-MT-RH",NULL,"Acceleration","OV Accel","g","AlarmTypeHigh","6.000","3.000","2.000",NULL,NULL,NULL,"2026-04-10 09:31:52","2026-04-10 09:30:22","0.150","Ok","2","J20260411070002B10E328","2026-04-11 07:15:17.347474+00","Calpan","Building 12","Level 3","Step 34","","","","","","","B10E328","DSM"," Motor NDE"
"6990b03d21f9c3fd690aefccfcfd0e90","SOT & WWTP/Building 32/Ground Level",NULL,"4003245-01070","f0256864-92af-49d6-b5bb-fa91f04642f9",NULL,"Pump1",NULL,"3PP-DE",NULL,"3-PP-RH",NULL,"VibrationVelocity","OV Vel","mm/s","AlarmTypeHigh","7.100","4.500","2.300",NULL,NULL,NULL,"2026-04-10 09:52:07","2026-04-10 09:51:22","16.052","Danger","5","J20260411070002B10E46","2026-04-11 07:15:22.091584+00","SOT & WWTP","Building 32","Ground Level","","","","","","","","B10E46","DSM"," Pump DE"
"69a7cf126accface0f173f923c8ac9ba","SOT & WWTP/Building 46/Level 1 South Int",NULL,"2204674-18200","ddec0803-5671-4d5f-bcd2-6ad1ec7ba006",NULL,"ElectricMotor1",NULL,"1MT-NDE",NULL,"1-MT-Ax",NULL,"BandEnergyFromSpectrum","LF RMS Accel","g","AlarmTypeHigh","0.800","0.400","0.200",NULL,NULL,NULL,"2026-04-10 07:53:51","2026-04-10 07:53:51","0.070","Ok","2","J20260411070002B10E552","2026-04-11 07:15:30.323513+00","SOT & WWTP","Building 46","Level 1 South Int","","","","","","","","B10E552","DSM"," Motor NDE"
"6a0bd7f5acb98773487ed5456493ae1f","SOT & WWTP/Building 28/Ground Level",NULL,"4002861-50500","4322796b-6387-4da8-b21c-a60391237dcb",NULL,"Pump1",NULL,"4PP-NDE",NULL,"4-PP-RH",NULL,"BandEnergyFromSpectrum","HF RMS Accel","g","AlarmTypeHigh","6.000","3.000","1.500",NULL,NULL,NULL,"2026-04-10 09:45:06","2026-04-10 09:45:06","0.329","Ok","2","J20260411070002B10E34","2026-04-11 07:15:46.515864+00","SOT & WWTP","Building 28","Ground Level","","","","","","","","B10E34","DSM"," Pump NDE"
"6a1075ac86c9f91eddf6bf2aac27c5d1","Calpan/Building 12/Level 3/Step 34",NULL,"100-12-34-177-01","4418a4f0-5185-4ca9-8a85-a8ed7d6d8870",NULL,"GearBox1",NULL,"3GB-InDE",NULL,"3-GB-RH",NULL,"BandEnergyFromSpectrum","MF Velocity (~3-8X)","mm/s","AlarmTypeHigh","5.000","3.000","1.000",NULL,NULL,NULL,"2026-04-10 09:27:57","2026-04-10 09:27:57","0.195","Ok","2","J20260411070002B10E325","2026-04-11 07:15:44.90977+00","Calpan","Building 12","Level 3","Step 34","","","","","","","B10E325","DSM"," Gearbox InDE"
"6a5d827dfa5bda25181ed213a358efff","SOT & WWTP/Building 46/Level 1 south Ext",NULL,"2204674-80200","4a5f1f07-5d69-47ff-ad0c-51f038ca26f5",NULL,"ElectricMotor1",NULL,"1MT-NDE",NULL,"1-MT-Ax",NULL,"Acceleration","Pk-Pk Accel","g","AlarmTypeHigh","9.000","6.000","3.000",NULL,NULL,NULL,"2026-04-10 08:33:22","2026-04-10 08:31:53","0.686","Ok","2","J20260411070002B10E540","2026-04-11 07:15:30.329764+00","SOT & WWTP","Building 46","Level 1 south Ext","","","","","","","","B10E540","DSM"," Motor NDE"
"20048cadc9712c69e2d958b956c309e8","Area 5 Carbon Milling/Tower 2 Bottom (Left)",NULL,"V503B Carbon Blender","7393cc61-8384-431b-b0d3-4a30cd4713c8",NULL,"GearBox2",NULL,"10GB 1-OutDE",NULL,"10-GB 1-RH",NULL,"PeakValueFromSpectrum","1X Vel","mm/s","AlarmTypeHigh","6.400","4.000","2.000",NULL,NULL,NULL,"2025-01-15 11:40:54","2025-01-15 11:40:54","0.038","Ok","2","J20260202231500B4E194","2026-02-03 04:00:28.335087+00","Area 5 Carbon Milling","Tower 2 Bottom (Left)","","","","","","","","","B4E194","Norit Glasgow",NULL
"2005ca6f7a891bd90bee4dbd1e6b4108","Area 9 R-Plant/Dryer Fans",NULL,"K906 ZONE 4 FAN A","ec7655a5-ca43-454f-8ba4-47bc4b71d723",NULL,"Fan1",NULL,"3FN-DE",NULL,"3-FN-Ax",NULL,"BandEnergyFromSpectrum","MF Velocity (~3-8X)","mm/s","AlarmTypeHigh","5.000","3.000","1.000",NULL,NULL,NULL,"2023-09-11 10:41:37","2023-09-11 10:41:37","1.719","PreAlarm","3","J20260202231500B4E39","2026-02-03 04:00:28.823726+00","Area 9 R-Plant","Dryer Fans","","","","","","","","","B4E39","Norit Glasgow"," Fan DE"
"6a9870c38914c9d0cbef87bde5050830","Calpan/Building 12/Level 3/Step 34",NULL,"100-12-34-157-01","5d071c42-70ae-41ae-ab75-66543fc85f14",NULL,"ElectricMotor1",NULL,"2MT-DE",NULL,"2-MT-RH",NULL,"Acceleration","Pk-Pk Accel","g","AlarmTypeHigh","9.000","6.000","3.000",NULL,NULL,NULL,"2026-04-10 09:02:29","2026-04-10 09:00:11","0.888","Ok","2","J20260411070002B10E319","2026-04-11 07:15:15.91658+00","Calpan","Building 12","Level 3","Step 34","","","","","","","B10E319","DSM"," Motor DE"
"6a98f7ff14a5dbcc03c918187be19053","SOT & WWTP/Building 46/Level 1 South Int",NULL,"2204674-12200","920f4ad8-e17b-4e95-bb07-fe8ccfbdeb6a",NULL,"ElectricMotor1",NULL,"2MT-DE",NULL,"2-MT-Ax",NULL,"BandEnergyFromSpectrum","MF RMS Accel","g","AlarmTypeHigh","2.000","1.000","0.500",NULL,NULL,NULL,"2026-04-10 07:59:41","2026-04-10 07:59:41","0.162","Ok","2","J20260411070002B10E550","2026-04-11 07:15:15.907019+00","SOT & WWTP","Building 46","Level 1 South Int","","","","","","","","B10E550","DSM"," Motor DE"
"6ac4eb9a5b188b0e767f2c17f3ddd29d","Calpan/Building 12/Level 3/Step 34",NULL,"100-12-34-137-01","6b60b0aa-ef09-4630-b0c3-9a82f9488b6f",NULL,"ElectricMotor1",NULL,"1MT-NDE",NULL,"1-MT-Ax",NULL,"BandEnergyFromSpectrum","MF Velocity (~3-8X)","mm/s","AlarmTypeHigh","5.000","3.000","1.000",NULL,NULL,NULL,"2026-04-10 09:16:58","2026-04-10 09:16:58","0.436","Ok","2","J20260411070002B10E322","2026-04-11 07:16:18.069423+00","Calpan","Building 12","Level 3","Step 34","","","","","","","B10E322","DSM"," Motor NDE"
"6af1b3fd2cb873b04b74099ca9380312","SOT & WWTP/Building 46/Level 1 South Int",NULL,"2204674-25200","8c097769-c06f-45ff-b124-b425f9a07faf",NULL,"ElectricMotor1",NULL,"2MT-DE",NULL,"2-MT-Ax",NULL,"Acceleration","Pk-Pk Accel","g","AlarmTypeHigh","9.000","6.000","3.000",NULL,NULL,NULL,"2026-04-10 08:05:54","2026-04-10 08:03:55","0.890","Ok","2","J20260411070002B10E556","2026-04-11 07:15:14.724536+00","SOT & WWTP","Building 46","Level 1 South Int","","","","","","","","B10E556","DSM"," Motor DE"
"6b222762784275aaa40c1457d4b03e3d","SOT & WWTP/Building 46/Level 1 South Int",NULL,"2204674-18700","d02dc63f-663b-465c-8e99-133e530a34f3",NULL,"Pump1",NULL,"4PP-NDE",NULL,"4-PP-Ax",NULL,"BandEnergyFromSpectrum","LF RMS Accel","g","AlarmTypeHigh","0.800","0.400","0.200",NULL,NULL,NULL,"2026-04-10 07:49:54","2026-04-10 07:49:54","0.033","Ok","2","J20260411070002B10E553","2026-04-11 07:15:31.376368+00","SOT & WWTP","Building 46","Level 1 South Int","","","","","","","","B10E553","DSM"," Pump NDE"
"6b2b0a52447d033f3546c1e953c343ac","Calpan/Building 12/Level 3/Step 34",NULL,"100-12-34-052-01","4e95bfc9-5c27-4ef2-8f21-e1680ea3525a",NULL,"ElectricMotor1",NULL,"1MT-NDE",NULL,"1-MT-RH",NULL,"BandEnergyFromSpectrum","LF RMS Accel","g","AlarmTypeHigh","0.800","0.400","0.200",NULL,NULL,NULL,"2026-04-10 09:35:03","2026-04-10 09:35:03","0.114","Ok","2","J20260411070002B10E329","2026-04-11 07:16:20.032019+00","Calpan","Building 12","Level 3","Step 34","","","","","","","B10E329","DSM"," Motor NDE"
"6b6751b580dce0db03c915373518c963","Calpan/Building 12/Level 3/Step 34",NULL,"100-12-34-042-01","baa957f8-47b1-4422-b93b-9c0e9c3cf8a3",NULL,"ElectricMotor1",NULL,"2MT-DE",NULL,"2-MT-Ax",NULL,"BandEnergyFromSpectrum","LF RMS Accel","g","AlarmTypeHigh","0.800","0.400","0.200",NULL,NULL,NULL,"2026-04-10 09:31:52","2026-04-10 09:31:52","0.033","Ok","2","J20260411070002B10E328","2026-04-11 07:15:17.347474+00","Calpan","Building 12","Level 3","Step 34","","","","","","","B10E328","DSM"," Motor DE"
"6c88f9e7e1bf4d001eeeff70e2057b88","SOT & WWTP/Building 46/Level 1 South Int",NULL,"2204674-12200","920f4ad8-e17b-4e95-bb07-fe8ccfbdeb6a",NULL,"Pump1",NULL,"4PP-NDE",NULL,"4-PP-RH",NULL,"BandEnergyFromSpectrum","MF RMS Accel","g","AlarmTypeHigh","2.000","1.000","0.500",NULL,NULL,NULL,"2026-04-10 07:59:41","2026-04-10 07:59:41","0.182","Ok","2","J20260411070002B10E550","2026-04-11 07:15:15.907019+00","SOT & WWTP","Building 46","Level 1 South Int","","","","","","","","B10E550","DSM"," Pump NDE"
"6d0e7f18329aa79db517b6012214f5c5","Calpan/Building 12/Level 3/Step 34",NULL,"100-12-34-177-01","4418a4f0-5185-4ca9-8a85-a8ed7d6d8870",NULL,"Shaft1",NULL,"8SH-NDE",NULL,"8-SH-RV",NULL,"BandEnergyFromSpectrum","LF RMS Accel","g","AlarmTypeHigh","0.800","0.400","0.200",NULL,NULL,NULL,"2026-04-10 09:27:57","2026-04-10 09:27:57","0.023","Ok","2","J20260411070002B10E325","2026-04-11 07:15:44.90977+00","Calpan","Building 12","Level 3","Step 34","","","","","","","B10E325","DSM"," Shaft NDE"
"6d7ceea741b57b62c65de8488c6be8e2","Calpan/Building 12/Level 3/Step 34",NULL,"100-12-34-112-01","6ede0422-81cb-4ec5-a1c5-1d25b11af911",NULL,"ElectricMotor1",NULL,"1MT-NDE",NULL,"1-MT-RV",NULL,"BandEnergyFromSpectrum","MF RMS Accel","g","AlarmTypeHigh","2.000","1.000","0.500",NULL,NULL,NULL,"2026-04-10 09:38:31","2026-04-10 09:38:31","0.108","Ok","2","J20260411070002B10E332","2026-04-11 07:16:22.283852+00","Calpan","Building 12","Level 3","Step 34","","","","","","","B10E332","DSM"," Motor NDE"
"6dff8372a4ad470b48642b6418a84b49","Calpan/Building 12/Level 3/Step 34",NULL,"100-12-34-112-01","6ede0422-81cb-4ec5-a1c5-1d25b11af911",NULL,"Pump1",NULL,"4PP-NDE",NULL,"4-PP-Ax",NULL,"BandEnergyFromSpectrum","LF RMS Accel","g","AlarmTypeHigh","0.800","0.400","0.200",NULL,NULL,NULL,"2026-04-10 09:38:31","2026-04-10 09:38:31","0.012","Ok","2","J20260411070002B10E332","2026-04-11 07:16:22.283852+00","Calpan","Building 12","Level 3","Step 34","","","","","","","B10E332","DSM"," Pump NDE"
"6e0c080f1c6555ca5298769dcc6f4ed9","Calpan/Building 12/Level 3/Step 34",NULL,"100-12-34-772-01","6b5b6534-5ed7-4bf6-959a-47e0f9d1edb4",NULL,"Pump1",NULL,"4PP-NDE",NULL,"4-PP-RH",NULL,"BandEnergyFromSpectrum","LF RMS Accel","g","AlarmTypeHigh","0.800","0.400","0.200",NULL,NULL,NULL,"2026-04-10 09:25:26","2026-04-10 09:25:26","0.125","Ok","2","J20260411070002B10E326","2026-04-11 07:15:18.100414+00","Calpan","Building 12","Level 3","Step 34","","","","","","","B10E326","DSM"," Pump NDE"
"6e2f82e0c38329d99d2599331b6218c1","SOT & WWTP/Building 46/Level 1 south Ext",NULL,"2204673-65200","8f669413-f706-47d4-92c1-000af5b89657",NULL,"Pump1",NULL,"4PP-NDE",NULL,"4-PP-Ax",NULL,"BandEnergyFromSpectrum","HF RMS Accel","g","AlarmTypeHigh","6.000","3.000","1.500",NULL,NULL,NULL,"2026-04-10 07:45:56","2026-04-10 07:45:56","0.023","Ok","2","J20260411070002B10E960","2026-04-11 07:15:31.403974+00","SOT & WWTP","Building 46","Level 1 south Ext","","","","","","","","B10E960","DSM"," Pump NDE"
"6e3f7ae743887925c28fbd9b1f0de679","Calpan/Building 12/Level 3/Step 34",NULL,"100-12-34-177-01","4418a4f0-5185-4ca9-8a85-a8ed7d6d8870",NULL,"ElectricMotor1",NULL,"2MT-DE",NULL,"2-MT-Ax",NULL,"BandEnergyFromSpectrum","LF RMS Accel","g","AlarmTypeHigh","0.800","0.400","0.200",NULL,NULL,NULL,"2026-04-10 09:27:57","2026-04-10 09:27:57","0.019","Ok","2","J20260411070002B10E325","2026-04-11 07:15:44.90977+00","Calpan","Building 12","Level 3","Step 34","","","","","","","B10E325","DSM"," Motor DE"
"6e5a3c9f7963acea75f32b523f9d5bd3","SOT & WWTP/Building 32/Ground Level",NULL,"4003245-01060 No.6","6b94553b-624d-41d6-ae32-d3ba7ca02dce",NULL,"ElectricMotor1",NULL,"1MT-NDE",NULL,"1-MT-RV",NULL,"VibrationVelocity","OV Vel","mm/s","AlarmTypeHigh","7.100","4.500","2.300",NULL,NULL,NULL,"2026-04-10 09:54:40","2026-04-10 09:52:49","2.290","Ok","2","J20260411070002B10E45","2026-04-11 07:15:28.823432+00","SOT & WWTP","Building 32","Ground Level","","","","","","","","B10E45","DSM"," Motor NDE"
"6e62f7ce4909c600fa96a13b44ae1962","SOT & WWTP/Building 46/Level 1 south Ext",NULL,"2204673-20200","971c1886-fae1-4e46-bdc2-fedaf770dc42",NULL,"Pump1",NULL,"3PP-DE",NULL,"3-PP-Ax",NULL,"BandEnergyFromSpectrum","MF RMS Accel","g","AlarmTypeHigh","2.000","1.000","0.500",NULL,NULL,NULL,"2026-04-10 08:11:00","2026-04-10 08:11:00","0.253","Ok","2","J20260411070002B10E986","2026-04-11 07:16:18.775238+00","SOT & WWTP","Building 46","Level 1 south Ext","","","","","","","","B10E986","DSM"," Pump DE"
"6e84843ba768e401b848382648345222","Calpan/Building 12/Level 3/Step 34",NULL,"100-12-34-182-01","cb82f5f4-a90f-417b-9120-982c9cc359e8",NULL,"Pump1",NULL,"3PP-DE",NULL,"3-PP-RV",NULL,"Acceleration","Pk-Pk Accel","g","AlarmTypeHigh","9.000","6.000","3.000",NULL,NULL,NULL,"2026-04-10 08:58:11","2026-04-10 08:58:06","8.628","Alarm","4","J20260411070002B10E775","2026-04-11 07:15:47.606089+00","Calpan","Building 12","Level 3","Step 34","","","","","","","B10E775","DSM"," Pump DE"
"6e900f389beab7c3ba79856f0f416139","SOT & WWTP/Building 32/Ground Level",NULL,"4003245-01070","f0256864-92af-49d6-b5bb-fa91f04642f9",NULL,"ElectricMotor1",NULL,"2MT-DE",NULL,"2-MT-RV",NULL,"BandEnergyFromSpectrum","LF RMS Accel","g","AlarmTypeHigh","0.800","0.400","0.200",NULL,NULL,NULL,"2026-04-10 09:52:07","2026-04-10 09:52:07","0.197","Ok","2","J20260411070002B10E46","2026-04-11 07:15:22.091584+00","SOT & WWTP","Building 32","Ground Level","","","","","","","","B10E46","DSM"," Motor DE"
"6ef4119cb59ca441aaa5859ae2b48fec","Calpan/Building 12/Level 2/Step 34",NULL,"100-12-34-442-01","10694b53-68ec-4cc5-ba70-011ea9cfc8cb",NULL,"Pump1",NULL,"4PP-NDE",NULL,"4-PP-RH",NULL,"BandEnergyFromSpectrum","HF RMS Accel","g","AlarmTypeHigh","6.000","3.000","1.500",NULL,NULL,NULL,"2026-04-10 07:04:28","2026-04-10 07:04:28","0.542","Ok","2","J20260411070002B10E108","2026-04-11 07:15:30.283493+00","Calpan","Building 12","Level 2","Step 34","","","","","","","B10E108","DSM"," Pump NDE"
"6efad7ec565e6130ce8c7603106726f6","Calpan/Building 12/Level 3/Step 34",NULL,"100-12-34-052-01","4e95bfc9-5c27-4ef2-8f21-e1680ea3525a",NULL,"Pump1",NULL,"3PP-DE",NULL,"3-PP-RH",NULL,"Acceleration","Pk-Pk Accel","g","AlarmTypeHigh","9.000","6.000","3.000",NULL,NULL,NULL,"2026-04-10 09:35:03","2026-04-10 09:33:25","1.523","Ok","2","J20260411070002B10E329","2026-04-11 07:16:20.032019+00","Calpan","Building 12","Level 3","Step 34","","","","","","","B10E329","DSM"," Pump DE"
"6f69f1aa7db1ff113dbe8552f932e9d1","SOT & WWTP/Building 46/Level 1 South Int",NULL,"2204674-18700","d02dc63f-663b-465c-8e99-133e530a34f3",NULL,"ElectricMotor1",NULL,"1MT-NDE",NULL,"1-MT-RV",NULL,"VibrationVelocity","OV Vel","mm/s","AlarmTypeHigh","7.100","4.500","2.300",NULL,NULL,NULL,"2026-04-10 07:49:54","2026-04-10 07:48:24","1.402","Ok","2","J20260411070002B10E553","2026-04-11 07:15:31.376368+00","SOT & WWTP","Building 46","Level 1 South Int","","","","","","","","B10E553","DSM"," Motor NDE"
"cc922f8c8044b94c42f906dd66a95d59","Winch Room",NULL,"Port Winch","08fe0314-df51-43f1-a75b-d168bd10ea43",NULL,"DrivenGeneric2",NULL,"6NDE-PMP",NULL,"6-NDE-PMP-RV",NULL,"PeakValueFromSpectrum","2X Vel","mm/s","AlarmTypeHigh","2.800","1.800","0.900",NULL,NULL,NULL,"2024-07-15 15:42:26","2024-07-15 15:42:26","1.890","Alarm","4","J20241117000000B8E63","2025-10-20 13:01:12.941038+00","Winch Room","","","","","","","","","","B8E63","Helix Seawell",NULL
"6fa2595b45b57bacb3b0745c2b0668b5","Calpan/Building 12/Level 3/Step 34",NULL,"100-12-34-162-01","1d898064-4876-4e5b-885f-a3ac174fa02b",NULL,"Pump1",NULL,"3PP-DE",NULL,"3-PP-RH",NULL,"BandEnergyFromSpectrum","HF RMS Accel","g","AlarmTypeHigh","6.000","3.000","1.500",NULL,NULL,NULL,"2026-04-10 09:18:57","2026-04-10 09:18:57","0.225","Ok","2","J20260411070002B10E324","2026-04-11 07:15:20.786083+00","Calpan","Building 12","Level 3","Step 34","","","","","","","B10E324","DSM"," Pump DE"
"6fc54d4d9d65eddb48030049ab0457da","SOT & WWTP/Building 46/Level 1 south Ext",NULL,"2204674-85200","44b72af3-d034-498f-8d9f-e5fe074eebbd",NULL,"Pump1",NULL,"3PP-DE",NULL,"3-PP-Ax",NULL,"Acceleration","OV Accel","g","AlarmTypeHigh","6.000","3.000","2.000",NULL,NULL,NULL,"2026-04-10 08:17:06","2026-04-10 08:16:33","0.077","Ok","2","J20260411070002B10E546","2026-04-11 07:15:28.820148+00","SOT & WWTP","Building 46","Level 1 south Ext","","","","","","","","B10E546","DSM"," Pump DE"
"700ebb29320aea8d31e30e3ce48dabae","Calpan/Building 12/Level 3/Step 34",NULL,"100-12-34-137-01","6b60b0aa-ef09-4630-b0c3-9a82f9488b6f",NULL,"Shaft1",NULL,"8SH-NDE",NULL,"8-SH-RH",NULL,"VibrationVelocity","OV Vel","mm/s","AlarmTypeHigh","7.100","4.500","2.300",NULL,NULL,NULL,"2026-04-10 09:16:58","2026-04-10 09:16:39","1.493","Ok","2","J20260411070002B10E322","2026-04-11 07:16:18.069423+00","Calpan","Building 12","Level 3","Step 34","","","","","","","B10E322","DSM"," Shaft NDE"
"7033b01d5f54cab7f5e7069bee8e4309","SOT & WWTP/Building 46/Level 1 South Int",NULL,"2204674-18200","ddec0803-5671-4d5f-bcd2-6ad1ec7ba006",NULL,"ElectricMotor1",NULL,"2MT-DE",NULL,"2-MT-RV",NULL,"BroadBand","Envelope Energy","g",NULL,NULL,NULL,NULL,NULL,NULL,NULL,"2026-04-10 07:53:51","2026-04-10 07:52:44","0.037","Unknown","1","J20260411070002B10E552","2026-04-11 07:15:30.323513+00","SOT & WWTP","Building 46","Level 1 South Int","","","","","","","","B10E552","DSM"," Motor DE"
"704b089310cc08301ed6a658929e5d28","SOT & WWTP/Building 46/Level 1 south Ext",NULL,"2204674-84200","9cd3dcc6-d8f4-42a8-bfd4-4957a1c3d83b",NULL,"Pump1",NULL,"4PP-NDE",NULL,"4-PP-RV",NULL,"Acceleration","OV Accel","g","AlarmTypeHigh","6.000","3.000","2.000",NULL,NULL,NULL,"2026-04-10 08:14:32","2026-04-10 08:14:28","0.163","Ok","2","J20260411070002B10E544","2026-04-11 07:15:22.151709+00","SOT & WWTP","Building 46","Level 1 south Ext","","","","","","","","B10E544","DSM"," Pump NDE"
"708ee4499b9b7ad4ecbeaf4f04c3c07e","SOT & WWTP/Building 46/Level 1 south Ext",NULL,"2204674-85200","44b72af3-d034-498f-8d9f-e5fe074eebbd",NULL,"ElectricMotor1",NULL,"2MT-DE",NULL,"2-MT-RH",NULL,"BandEnergyFromSpectrum","MF Velocity (~3-8X)","mm/s","AlarmTypeHigh","5.000","3.000","1.000",NULL,NULL,NULL,"2026-04-10 08:17:06","2026-04-10 08:17:06","0.082","Ok","2","J20260411070002B10E546","2026-04-11 07:15:28.820148+00","SOT & WWTP","Building 46","Level 1 south Ext","","","","","","","","B10E546","DSM"," Motor DE"
"70daaca4e510b97d52ed453621affbd4","Calpan/Building 12/Level 3/Step 34",NULL,"100-12-34-157-01","5d071c42-70ae-41ae-ab75-66543fc85f14",NULL,"Pump1",NULL,"3PP-DE",NULL,"3-PP-RV",NULL,"BroadBand","Envelope Energy","g",NULL,NULL,NULL,NULL,NULL,NULL,NULL,"2026-04-10 09:02:29","2026-04-10 09:00:30","0.051","Unknown","1","J20260411070002B10E319","2026-04-11 07:15:15.91658+00","Calpan","Building 12","Level 3","Step 34","","","","","","","B10E319","DSM"," Pump DE"
"70f29ec92de611230f1dba11c6e287c8","Calpan/Building 12/Level 2/Step 34",NULL,"100-12-34-442-01","10694b53-68ec-4cc5-ba70-011ea9cfc8cb",NULL,"Pump1",NULL,"4PP-NDE",NULL,"4-PP-RV",NULL,"Acceleration","Pk-Pk Accel","g","AlarmTypeHigh","9.000","6.000","3.000",NULL,NULL,NULL,"2026-04-10 07:04:28","2026-04-10 07:04:22","3.085","PreAlarm","3","J20260411070002B10E108","2026-04-11 07:15:30.283493+00","Calpan","Building 12","Level 2","Step 34","","","","","","","B10E108","DSM"," Pump NDE"
"713bb397797b932ab52b705d64b187e9","SOT & WWTP/Building 46/Level 1 south Ext",NULL,"2204674-80200","4a5f1f07-5d69-47ff-ad0c-51f038ca26f5",NULL,"ElectricMotor1",NULL,"1MT-NDE",NULL,"1-MT-RV",NULL,"BroadBand","Envelope Energy","g",NULL,NULL,NULL,NULL,NULL,NULL,NULL,"2026-04-10 08:33:22","2026-04-10 08:31:47","0.003","Unknown","1","J20260411070002B10E540","2026-04-11 07:15:30.329764+00","SOT & WWTP","Building 46","Level 1 south Ext","","","","","","","","B10E540","DSM"," Motor NDE"
"716e637b58dbde7d910f0880ee74b6d5","Calpan/Building 12/Level 3/Step 34",NULL,"100-12-34-510-21","61567fca-5d02-4da4-933d-d5959c33b06d",NULL,"ElectricMotor1",NULL,"2MT-DE",NULL,"2-MT-R=",NULL,"BandEnergyFromSpectrum","MF RMS Accel","g","AlarmTypeHigh","2.000","1.000","0.500",NULL,NULL,NULL,"2026-04-10 08:42:19","2026-04-10 08:42:19","0.352","Ok","2","J20260411070002B10E303","2026-04-11 07:16:14.211894+00","Calpan","Building 12","Level 3","Step 34","","","","","","","B10E303","DSM",NULL
"717b9d6bfb80da9731e7c53f2e974b12","Calpan/Building 12/Level 3/Step 34",NULL,"100-12-34-157-01","5d071c42-70ae-41ae-ab75-66543fc85f14",NULL,"ElectricMotor1",NULL,"1MT-NDE",NULL,"1-MT-RH",NULL,"BandEnergyFromSpectrum","MF RMS Accel","g","AlarmTypeHigh","2.000","1.000","0.500",NULL,NULL,NULL,"2026-04-10 09:02:29","2026-04-10 09:02:29","0.137","Ok","2","J20260411070002B10E319","2026-04-11 07:15:15.91658+00","Calpan","Building 12","Level 3","Step 34","","","","","","","B10E319","DSM"," Motor NDE"
"718e464062e62599b9c9fe2f614d14f4","Calpan/Building 12/Level 3/Step 34",NULL,"100-12-34-052-01","4e95bfc9-5c27-4ef2-8f21-e1680ea3525a",NULL,"ElectricMotor1",NULL,"1MT-NDE",NULL,"1-MT-RV",NULL,"BandEnergyFromSpectrum","LF RMS Accel","g","AlarmTypeHigh","0.800","0.400","0.200",NULL,NULL,NULL,"2026-04-10 09:35:03","2026-04-10 09:35:03","0.045","Ok","2","J20260411070002B10E329","2026-04-11 07:16:20.032019+00","Calpan","Building 12","Level 3","Step 34","","","","","","","B10E329","DSM"," Motor NDE"
"71fe916a73ed77b25c260f84cc83ad57","SOT & WWTP/Building 46/Level 1 south Ext",NULL,"2204674-86700","df615b42-35ae-4d9e-8440-ec02f423d24f",NULL,"ElectricMotor1",NULL,"2MT-DE",NULL,"2-MT-RV",NULL,"BandEnergyFromSpectrum","LF RMS Accel","g","AlarmTypeHigh","0.800","0.400","0.200",NULL,NULL,NULL,"2026-04-10 08:24:26","2026-04-10 08:24:26","0.560","Alarm","4","J20260411070002B10E886","2026-04-11 07:15:18.11167+00","SOT & WWTP","Building 46","Level 1 south Ext","","","","","","","","B10E886","DSM"," Motor DE"
"72276f46b1f46a81e35324ba3371e341","Calpan/Building 12/Level 3/Step 34",NULL,"100-12-34-177-01","4418a4f0-5185-4ca9-8a85-a8ed7d6d8870",NULL,"Shaft1",NULL,"8SH-NDE",NULL,"8-SH-RH",NULL,"BandEnergyFromSpectrum","MF Velocity (~3-8X)","mm/s","AlarmTypeHigh","3.000","1.000","0.500",NULL,NULL,NULL,"2026-04-10 09:27:57","2026-04-10 09:27:57","0.425","Ok","2","J20260411070002B10E325","2026-04-11 07:15:44.90977+00","Calpan","Building 12","Level 3","Step 34","","","","","","","B10E325","DSM"," Shaft NDE"
"7231638a4040e145083157bfab4a897e","Calpan/Building 12/Level 3/Step 34",NULL,"100-12-34-182-01","cb82f5f4-a90f-417b-9120-982c9cc359e8",NULL,"ElectricMotor1",NULL,"2MT-DE",NULL,"2-MT-RV",NULL,"BandEnergyFromSpectrum","MF RMS Accel","g","AlarmTypeHigh","2.000","1.000","0.500",NULL,NULL,NULL,"2026-04-10 08:58:11","2026-04-10 08:58:11","0.126","Ok","2","J20260411070002B10E775","2026-04-11 07:15:47.606089+00","Calpan","Building 12","Level 3","Step 34","","","","","","","B10E775","DSM"," Motor DE"
"72543c54d7d6f969dfd71bf131391cd9","SOT & WWTP/Building 46/Level 1 South Int",NULL,"2204674-18200","ddec0803-5671-4d5f-bcd2-6ad1ec7ba006",NULL,"ElectricMotor1",NULL,"2MT-DE",NULL,"2-MT-Ax",NULL,"BandEnergyFromSpectrum","MF RMS Accel","g","AlarmTypeHigh","2.000","1.000","0.500",NULL,NULL,NULL,"2026-04-10 07:53:51","2026-04-10 07:53:51","0.096","Ok","2","J20260411070002B10E552","2026-04-11 07:15:30.323513+00","SOT & WWTP","Building 46","Level 1 South Int","","","","","","","","B10E552","DSM"," Motor DE"
"7273d1fe860d0a49eabab6a1377c0877","Calpan/Building 12/Level 3/Step 34",NULL,"100-12-34-112-01","6ede0422-81cb-4ec5-a1c5-1d25b11af911",NULL,"ElectricMotor1",NULL,"2MT-DE",NULL,"2-MT-Ax",NULL,"BandEnergyFromSpectrum","MF RMS Accel","g","AlarmTypeHigh","2.000","1.000","0.500",NULL,NULL,NULL,"2026-04-10 09:38:31","2026-04-10 09:38:31","0.079","Ok","2","J20260411070002B10E332","2026-04-11 07:16:22.283852+00","Calpan","Building 12","Level 3","Step 34","","","","","","","B10E332","DSM"," Motor DE"
"72d8a59d3a1d1993f9b4341e907baa78","Calpan/Building 12/Level 3/Step 34",NULL,"100-12-34-137-01","6b60b0aa-ef09-4630-b0c3-9a82f9488b6f",NULL,"Shaft1",NULL,"7SH-DE",NULL,"7-SH-RH",NULL,"BandEnergyFromSpectrum","MF RMS Accel","g","AlarmTypeHigh","2.000","1.000","0.500",NULL,NULL,NULL,"2026-04-10 09:16:58","2026-04-10 09:16:58","0.117","Ok","2","J20260411070002B10E322","2026-04-11 07:16:18.069423+00","Calpan","Building 12","Level 3","Step 34","","","","","","","B10E322","DSM",NULL
"72e1aa5828edf19ed10093e026a58166","Calpan/Building 12/Level 3/Step 34",NULL,"100-12-34-452-01","95d59ee7-03e4-4a9e-b4c3-1eb0f2b52d18",NULL,"ElectricMotor1",NULL,"2MT-DE",NULL,"2-MT-Ax",NULL,"BandEnergyFromSpectrum","MF RMS Accel","g","AlarmTypeHigh","2.000","1.000","0.500",NULL,NULL,NULL,"2026-04-10 08:47:51","2026-04-10 08:47:51","0.238","Ok","2","J20260411070002B10E313","2026-04-11 07:15:22.026089+00","Calpan","Building 12","Level 3","Step 34","","","","","","","B10E313","DSM"," Motor DE"
"730178b1fcf97a4d7e8dd797413c5b3f","Calpan/Building 12/Level 3/Step 34",NULL,"100-12-34-177-01","4418a4f0-5185-4ca9-8a85-a8ed7d6d8870",NULL,"Shaft1",NULL,"8SH-NDE",NULL,"8-SH-RV",NULL,"Acceleration","Pk-Pk Accel","g","AlarmTypeHigh","6.000","4.000","2.000",NULL,NULL,NULL,"2026-04-10 09:27:57","2026-04-10 09:22:22","2.282","PreAlarm","3","J20260411070002B10E325","2026-04-11 07:15:44.90977+00","Calpan","Building 12","Level 3","Step 34","","","","","","","B10E325","DSM"," Shaft NDE"
"730b317f777d35b726493772857c7fa5","SOT & WWTP/Building 46/Level 1 South Int",NULL,"2204674-25200","8c097769-c06f-45ff-b124-b425f9a07faf",NULL,"LobulusCompressor1",NULL,"5LC-DE",NULL,"5-LC-RV",NULL,"BroadBand","Envelope Energy","g",NULL,NULL,NULL,NULL,NULL,NULL,NULL,"2026-04-10 08:05:54","2026-04-10 08:05:19","0.507","Unknown","1","J20260411070002B10E556","2026-04-11 07:15:14.724536+00","SOT & WWTP","Building 46","Level 1 South Int","","","","","","","","B10E556","DSM",NULL
"731005ad4b939092983b1606afc40d22","SOT & WWTP/Building 46/Level 1 South Int",NULL,"2204674-12700","5a52a7bb-3ac4-4087-b2ae-b50b8ac5d619",NULL,"ElectricMotor1",NULL,"2MT-DE",NULL,"2-MT-Ax",NULL,"VibrationVelocity","OV Vel","mm/s","AlarmTypeHigh","7.100","4.500","2.300",NULL,NULL,NULL,"2026-04-10 07:56:59","2026-04-10 07:55:59","1.219","Ok","2","J20260411070002B10E551","2026-04-11 07:16:18.755097+00","SOT & WWTP","Building 46","Level 1 South Int","","","","","","","","B10E551","DSM"," Motor DE"
"733fbeea837340dbfd79fe099eb643b6","Calpan/Building 12/Level 3/Step 34",NULL,"100-12-34-177-01","4418a4f0-5185-4ca9-8a85-a8ed7d6d8870",NULL,"ElectricMotor1",NULL,"2MT-DE",NULL,"2-MT-Ax",NULL,"BandEnergyFromSpectrum","HF RMS Accel","g","AlarmTypeHigh","6.000","3.000","1.500",NULL,NULL,NULL,"2026-04-10 09:27:57","2026-04-10 09:27:57","0.127","Ok","2","J20260411070002B10E325","2026-04-11 07:15:44.90977+00","Calpan","Building 12","Level 3","Step 34","","","","","","","B10E325","DSM"," Motor DE"
"735bc0ccfe36245b45c00bb0d253337b","Calpan/Building 12/Level 3/Step 34",NULL,"100-12-34-162-01","1d898064-4876-4e5b-885f-a3ac174fa02b",NULL,"ElectricMotor1",NULL,"2MT-DE",NULL,"2-MT-Ax",NULL,"VibrationVelocity","OV Vel","mm/s","AlarmTypeHigh","7.100","4.500","2.300",NULL,NULL,NULL,"2026-04-10 09:18:57","2026-04-10 09:18:03","2.358","PreAlarm","3","J20260411070002B10E324","2026-04-11 07:15:20.786083+00","Calpan","Building 12","Level 3","Step 34","","","","","","","B10E324","DSM"," Motor DE"
"73b6b6f594ee89f3f75c4137537ce6f5","SOT & WWTP/Building 32/Ground Level",NULL,"4003245-01060 No.6","6b94553b-624d-41d6-ae32-d3ba7ca02dce",NULL,"Pump1",NULL,"4PP-NDE",NULL,"4-PP-RV",NULL,"Acceleration","Pk-Pk Accel","g","AlarmTypeHigh","9.000","6.000","3.000",NULL,NULL,NULL,"2026-04-10 09:54:40","2026-04-10 09:54:33","8.490","Alarm","4","J20260411070002B10E45","2026-04-11 07:15:28.823432+00","SOT & WWTP","Building 32","Ground Level","","","","","","","","B10E45","DSM"," Pump NDE"
"73c8d3eec5ce7198a12f398ca03080cb","SOT & WWTP/Building 32/Ground Level",NULL,"4003245-01030","43aad99e-1dbc-4d74-b061-e10b847dea3e",NULL,"ElectricMotor1",NULL,"2MT-DE",NULL,"2-MT-RH",NULL,"Acceleration","Pk-Pk Accel","g","AlarmTypeHigh","9.000","6.000","3.000",NULL,NULL,NULL,"2026-04-10 09:59:58","2026-04-10 09:58:52","6.548","Alarm","4","J20260411070002B10E42","2026-04-11 07:15:44.831133+00","SOT & WWTP","Building 32","Ground Level","","","","","","","","B10E42","DSM"," Motor DE"
"73f5307e987efa46864caabce380519f","Calpan/Building 12/Level 3/Step 34",NULL,"100-12-34-112-01","6ede0422-81cb-4ec5-a1c5-1d25b11af911",NULL,"ElectricMotor1",NULL,"2MT-DE",NULL,"2-MT-RH",NULL,"Acceleration","Pk-Pk Accel","g","AlarmTypeHigh","9.000","6.000","3.000",NULL,NULL,NULL,"2026-04-10 09:38:31","2026-04-10 09:37:32","0.652","Ok","2","J20260411070002B10E332","2026-04-11 07:16:22.283852+00","Calpan","Building 12","Level 3","Step 34","","","","","","","B10E332","DSM"," Motor DE"
"73ff6145c8dfc28a49d972c50f8e58e6","Calpan/Building 12/Level 3/Step 34",NULL,"100-12-34-452-01","95d59ee7-03e4-4a9e-b4c3-1eb0f2b52d18",NULL,"Pump1",NULL,"3PP-DE",NULL,"3-PP-RH",NULL,"Acceleration","Pk-Pk Accel","g","AlarmTypeHigh","9.000","6.000","3.000",NULL,NULL,NULL,"2026-04-10 08:47:51","2026-04-10 08:47:17","3.461","PreAlarm","3","J20260411070002B10E313","2026-04-11 07:15:22.026089+00","Calpan","Building 12","Level 3","Step 34","","","","","","","B10E313","DSM"," Pump DE"
"7418bcc4e8b20eded85883d0c5fb0219","Calpan/Building 12/Level 3/Step 34",NULL,"100-12-34-510-11","551c74fc-55de-40ed-aafc-1e0e6781fdfd",NULL,"ElectricMotor1",NULL,"1MT-NDE",NULL,"1-MT-RH",NULL,"BandEnergyFromSpectrum","LF RMS Accel","g","AlarmTypeHigh","0.800","0.400","0.200",NULL,NULL,NULL,"2026-04-10 08:39:42","2026-04-10 08:39:42","0.160","Ok","2","J20260411070002B10E302","2026-04-11 07:15:16.45472+00","Calpan","Building 12","Level 3","Step 34","","","","","","","B10E302","DSM"," Motor NDE"
"744c8add65ca529d0bcfcb2ff552548c","SOT & WWTP/Building 46/Level 1 South Int",NULL,"2204674-12200","920f4ad8-e17b-4e95-bb07-fe8ccfbdeb6a",NULL,"ElectricMotor1",NULL,"2MT-DE",NULL,"2-MT-Ax",NULL,"BroadBand","Envelope Energy","g",NULL,NULL,NULL,NULL,NULL,NULL,NULL,"2026-04-10 07:59:41","2026-04-10 07:58:37","0.005","Unknown","1","J20260411070002B10E550","2026-04-11 07:15:15.907019+00","SOT & WWTP","Building 46","Level 1 South Int","","","","","","","","B10E550","DSM"," Motor DE"
"746a3fc04ab6094552927e2611a46e06","SOT & WWTP/Building 46/Level 1 south Ext",NULL,"2204674-84200","9cd3dcc6-d8f4-42a8-bfd4-4957a1c3d83b",NULL,"Pump1",NULL,"4PP-NDE",NULL,"4-PP-Ax",NULL,"BroadBand","Envelope Energy","g",NULL,NULL,NULL,NULL,NULL,NULL,NULL,"2026-04-10 08:14:32","2026-04-10 08:14:22","0.013","Unknown","1","J20260411070002B10E544","2026-04-11 07:15:22.151709+00","SOT & WWTP","Building 46","Level 1 south Ext","","","","","","","","B10E544","DSM"," Pump NDE"
"74784bfc4d0ab59a0fda0bf02d96ae46","SOT & WWTP/Building 46/Level 1 South Int",NULL,"2204674-12700","5a52a7bb-3ac4-4087-b2ae-b50b8ac5d619",NULL,"Pump1",NULL,"3PP-DE",NULL,"3-PP-Ax",NULL,"BandEnergyFromSpectrum","HF RMS Accel","g","AlarmTypeHigh","6.000","3.000","1.500",NULL,NULL,NULL,"2026-04-10 07:56:59","2026-04-10 07:56:59","0.031","Ok","2","J20260411070002B10E551","2026-04-11 07:16:18.755097+00","SOT & WWTP","Building 46","Level 1 South Int","","","","","","","","B10E551","DSM"," Pump DE"
"74ae7c036a378929da2cc7ab01e268b1","SOT & WWTP/Building 46/Level 1 south Ext",NULL,"2204674-84200","9cd3dcc6-d8f4-42a8-bfd4-4957a1c3d83b",NULL,"ElectricMotor1",NULL,"1MT-NDE",NULL,"1-MT-RH",NULL,"BandEnergyFromSpectrum","LF RMS Accel","g","AlarmTypeHigh","0.800","0.400","0.200",NULL,NULL,NULL,"2026-04-10 08:14:32","2026-04-10 08:14:32","0.024","Ok","2","J20260411070002B10E544","2026-04-11 07:15:22.151709+00","SOT & WWTP","Building 46","Level 1 south Ext","","","","","","","","B10E544","DSM"," Motor NDE"
"74af389536d6cc292e8d9570defeda22","Calpan/Building 12/Level 3/Step 34",NULL,"100-12-34-510-11","551c74fc-55de-40ed-aafc-1e0e6781fdfd",NULL,"ElectricMotor1",NULL,"1MT-NDE",NULL,"1-MT-RH",NULL,"BandEnergyFromSpectrum","HF RMS Accel","g","AlarmTypeHigh","6.000","3.000","1.500",NULL,NULL,NULL,"2026-04-10 08:39:42","2026-04-10 08:39:42","0.127","Ok","2","J20260411070002B10E302","2026-04-11 07:15:16.45472+00","Calpan","Building 12","Level 3","Step 34","","","","","","","B10E302","DSM"," Motor NDE"
"74d6b84737705fc36f9ee7c85a254725","SOT & WWTP/Building 46/Level 1 south Ext",NULL,"2204674-85200","44b72af3-d034-498f-8d9f-e5fe074eebbd",NULL,"ElectricMotor1",NULL,"1MT-NDE",NULL,"1-MT-RH",NULL,"BroadBand","Envelope Energy","g",NULL,NULL,NULL,NULL,NULL,NULL,NULL,"2026-04-10 08:17:06","2026-04-10 08:15:32","0.083","Unknown","1","J20260411070002B10E546","2026-04-11 07:15:28.820148+00","SOT & WWTP","Building 46","Level 1 south Ext","","","","","","","","B10E546","DSM"," Motor NDE"
"7502e32ea1e1e4a89ec667aeab996322","Calpan/Building 12/Level 3/Step 34",NULL,"100-12-34-112-01","6ede0422-81cb-4ec5-a1c5-1d25b11af911",NULL,"ElectricMotor1",NULL,"1MT-NDE",NULL,"1-MT-Ax",NULL,"BandEnergyFromSpectrum","LF RMS Accel","g","AlarmTypeHigh","0.800","0.400","0.200",NULL,NULL,NULL,"2026-04-10 09:38:31","2026-04-10 09:38:31","0.008","Ok","2","J20260411070002B10E332","2026-04-11 07:16:22.283852+00","Calpan","Building 12","Level 3","Step 34","","","","","","","B10E332","DSM"," Motor NDE"
"75087a6ccd092cb32a4c004ecbd8e3f6","SOT & WWTP/Building 46/Level 1 South Int",NULL,"2204674-18200","ddec0803-5671-4d5f-bcd2-6ad1ec7ba006",NULL,"ElectricMotor1",NULL,"2MT-DE",NULL,"2-MT-Ax",NULL,"BroadBand","Envelope Energy","g",NULL,NULL,NULL,NULL,NULL,NULL,NULL,"2026-04-10 07:53:51","2026-04-10 07:52:44","0.012","Unknown","1","J20260411070002B10E552","2026-04-11 07:15:30.323513+00","SOT & WWTP","Building 46","Level 1 South Int","","","","","","","","B10E552","DSM"," Motor DE"
"754199739b07905b1d644e7f90627177","SOT & WWTP/Building 46/Level 1 South Int",NULL,"2204674-25200","8c097769-c06f-45ff-b124-b425f9a07faf",NULL,"LobulusCompressor1",NULL,"6LC-NDE",NULL,"6-LC-RH",NULL,"BroadBand","Envelope Energy","g",NULL,NULL,NULL,NULL,NULL,NULL,NULL,"2026-04-10 08:05:54","2026-04-10 08:05:44","1.559","Unknown","1","J20260411070002B10E556","2026-04-11 07:15:14.724536+00","SOT & WWTP","Building 46","Level 1 South Int","","","","","","","","B10E556","DSM",NULL
"757b8d46309ad9c9a38bb34b404d0bdc","Calpan/Building 12/Level 3/Step 34",NULL,"100-12-34-177-01","4418a4f0-5185-4ca9-8a85-a8ed7d6d8870",NULL,"ElectricMotor1",NULL,"2MT-DE",NULL,"2-MT-Ax",NULL,"VibrationVelocity","OV Vel","mm/s","AlarmTypeHigh","7.100","4.500","2.300",NULL,NULL,NULL,"2026-04-10 09:27:57","2026-04-10 09:20:20","0.598","Ok","2","J20260411070002B10E325","2026-04-11 07:15:44.90977+00","Calpan","Building 12","Level 3","Step 34","","","","","","","B10E325","DSM"," Motor DE"
"758003eaa9ddc2c558a32c4d6c02828f","Calpan/Building 12/Level 3/Step 34",NULL,"100-12-34-032-01","dfd2a084-a9f2-4a9f-bd33-34b210d47d0e",NULL,"ElectricMotor1",NULL,"1MT-NDE",NULL,"1-MT-Ax",NULL,"VibrationVelocity","OV Vel","mm/s","AlarmTypeHigh","7.100","4.500","2.300",NULL,NULL,NULL,"2026-04-10 09:29:45","2026-04-10 09:29:12","0.843","Ok","2","J20260411070002B10E327","2026-04-11 07:15:47.921969+00","Calpan","Building 12","Level 3","Step 34","","","","","","","B10E327","DSM"," Motor NDE"
"759cdaf19624cf84ba4f57d9d2b16ed7","Calpan/Building 12/Level 3/Step 34",NULL,"100-12-34-162-01","1d898064-4876-4e5b-885f-a3ac174fa02b",NULL,"ElectricMotor1",NULL,"1MT-NDE",NULL,"1-MT-RH",NULL,"Acceleration","Pk-Pk Accel","g","AlarmTypeHigh","9.000","6.000","3.000",NULL,NULL,NULL,"2026-04-10 09:18:57","2026-04-10 09:17:37","0.885","Ok","2","J20260411070002B10E324","2026-04-11 07:15:20.786083+00","Calpan","Building 12","Level 3","Step 34","","","","","","","B10E324","DSM"," Motor NDE"
"75b470ec8ccc8dc562a771aefed1c341","Calpan/Building 12/Level 3/Step 34",NULL,"100-12-34-042-01","baa957f8-47b1-4422-b93b-9c0e9c3cf8a3",NULL,"ElectricMotor1",NULL,"1MT-NDE",NULL,"1-MT-Ax",NULL,"Acceleration","Pk-Pk Accel","g","AlarmTypeHigh","9.000","6.000","3.000",NULL,NULL,NULL,"2026-04-10 09:31:52","2026-04-10 09:30:24","0.965","Ok","2","J20260411070002B10E328","2026-04-11 07:15:17.347474+00","Calpan","Building 12","Level 3","Step 34","","","","","","","B10E328","DSM"," Motor NDE"
"75b6aa860b11d98a7e83e9242f0f079f","SOT & WWTP/Building 32/Ground Level",NULL,"4003245-01070","f0256864-92af-49d6-b5bb-fa91f04642f9",NULL,"Pump1",NULL,"4PP-NDE",NULL,"4-PP-RH",NULL,"BandEnergyFromSpectrum","LF RMS Accel","g","AlarmTypeHigh","0.800","0.400","0.200",NULL,NULL,NULL,"2026-04-10 09:52:07","2026-04-10 09:52:07","0.352","PreAlarm","3","J20260411070002B10E46","2026-04-11 07:15:22.091584+00","SOT & WWTP","Building 32","Ground Level","","","","","","","","B10E46","DSM"," Pump NDE"
"75c498ebf5782c158ab1a5c86c53fcc1","Calpan/Building 12/Level 3/Step 34",NULL,"100-12-34-772-01","6b5b6534-5ed7-4bf6-959a-47e0f9d1edb4",NULL,"Pump1",NULL,"4PP-NDE",NULL,"4-PP-RV",NULL,"Acceleration","Pk-Pk Accel","g","AlarmTypeHigh","9.000","6.000","3.000",NULL,NULL,NULL,"2026-04-10 09:25:26","2026-04-10 09:24:30","0.426","Ok","2","J20260411070002B10E326","2026-04-11 07:15:18.100414+00","Calpan","Building 12","Level 3","Step 34","","","","","","","B10E326","DSM"," Pump NDE"
"7653de075f427645fbc9159695bdc38d","SOT & WWTP/Building 32/Ground Level",NULL,"4003245-01060 No.6","6b94553b-624d-41d6-ae32-d3ba7ca02dce",NULL,"Pump1",NULL,"3PP-DE",NULL,"3-PP-RV",NULL,"Acceleration","Pk-Pk Accel","g","AlarmTypeHigh","9.000","6.000","3.000",NULL,NULL,NULL,"2026-04-10 09:54:40","2026-04-10 09:54:03","13.672","Danger","5","J20260411070002B10E45","2026-04-11 07:15:28.823432+00","SOT & WWTP","Building 32","Ground Level","","","","","","","","B10E45","DSM"," Pump DE"
"7656d7a5bbe04b8b70deda605a344f24","Calpan/Building 12/Level 3/Step 34",NULL,"100-12-34-112-01","6ede0422-81cb-4ec5-a1c5-1d25b11af911",NULL,"ElectricMotor1",NULL,"2MT-DE",NULL,"2-MT-RH",NULL,"Acceleration","OV Accel","g","AlarmTypeHigh","6.000","3.000","2.000",NULL,NULL,NULL,"2026-04-10 09:38:31","2026-04-10 09:37:30","0.084","Ok","2","J20260411070002B10E332","2026-04-11 07:16:22.283852+00","Calpan","Building 12","Level 3","Step 34","","","","","","","B10E332","DSM"," Motor DE"
"766aabde1390548a68cbddf7cd51b140","Calpan/Building 12/Level 3/Step 34",NULL,"100-12-34-177-01","4418a4f0-5185-4ca9-8a85-a8ed7d6d8870",NULL,"Shaft1",NULL,"8SH-NDE",NULL,"8-SH-RV",NULL,"VibrationVelocity","OV Vel","mm/s","AlarmTypeHigh","7.100","4.500","2.300",NULL,NULL,NULL,"2026-04-10 09:27:57","2026-04-10 09:22:22","1.806","Ok","2","J20260411070002B10E325","2026-04-11 07:15:44.90977+00","Calpan","Building 12","Level 3","Step 34","","","","","","","B10E325","DSM"," Shaft NDE"
"76705a7cac41436c79600bea2e73e98e","SOT & WWTP/Building 46/Level 1 South Int",NULL,"2204674-18700","d02dc63f-663b-465c-8e99-133e530a34f3",NULL,"ElectricMotor1",NULL,"2MT-DE",NULL,"2-MT-RV",NULL,"BroadBand","Envelope Energy","g",NULL,NULL,NULL,NULL,NULL,NULL,NULL,"2026-04-10 07:49:54","2026-04-10 07:48:48","0.045","Unknown","1","J20260411070002B10E553","2026-04-11 07:15:31.376368+00","SOT & WWTP","Building 46","Level 1 South Int","","","","","","","","B10E553","DSM"," Motor DE"
"7688ecd60ee6427277c74b9ee18621bb","Calpan/Building 12/Level 3/Step 34",NULL,"100-12-34-162-01","1d898064-4876-4e5b-885f-a3ac174fa02b",NULL,"ElectricMotor1",NULL,"2MT-DE",NULL,"2-MT-RH",NULL,"BroadBand","Envelope Energy","g",NULL,NULL,NULL,NULL,NULL,NULL,NULL,"2026-04-10 09:18:57","2026-04-10 09:18:00","0.017","Unknown","1","J20260411070002B10E324","2026-04-11 07:15:20.786083+00","Calpan","Building 12","Level 3","Step 34","","","","","","","B10E324","DSM"," Motor DE"
"76896155a4cdd9e9a8ef85faa3339cc1","SOT & WWTP/Building 32/Ground Level",NULL,"4003245-01050","c6e1ea8c-b0aa-4ab3-b1ab-4a7c92913666",NULL,"ElectricMotor1",NULL,"2MT-DE",NULL,"2-MT-Ax",NULL,"BandEnergyFromSpectrum","MF RMS Accel","g","AlarmTypeHigh","2.000","1.000","0.500",NULL,NULL,NULL,"2026-04-10 09:57:30","2026-04-10 09:57:30","0.114","Ok","2","J20260411070002B10E44","2026-04-11 07:16:20.260687+00","SOT & WWTP","Building 32","Ground Level","","","","","","","","B10E44","DSM"," Motor DE"
"768c8e9da5782e32a5564e6e7d4e5abd","SOT & WWTP/Building 46/Level 1 South Int",NULL,"2204674-25200","8c097769-c06f-45ff-b124-b425f9a07faf",NULL,"LobulusCompressor1",NULL,"3LC-DE",NULL,"3-LC-RV",NULL,"VibrationVelocity","OV Vel","mm/s","AlarmTypeHigh","7.100","4.500","2.300",NULL,NULL,NULL,"2026-04-10 08:05:54","2026-04-10 08:04:21","1.634","Ok","2","J20260411070002B10E556","2026-04-11 07:15:14.724536+00","SOT & WWTP","Building 46","Level 1 South Int","","","","","","","","B10E556","DSM",NULL
"76b80dacd264191b9f6dfdf13da3d00d","SOT & WWTP/Building 46/Level 1 South Int",NULL,"2204674-12200","920f4ad8-e17b-4e95-bb07-fe8ccfbdeb6a",NULL,"Pump1",NULL,"4PP-NDE",NULL,"4-PP-RV",NULL,"BandEnergyFromSpectrum","MF RMS Accel","g","AlarmTypeHigh","2.000","1.000","0.500",NULL,NULL,NULL,"2026-04-10 07:59:41","2026-04-10 07:59:41","0.480","Ok","2","J20260411070002B10E550","2026-04-11 07:15:15.907019+00","SOT & WWTP","Building 46","Level 1 South Int","","","","","","","","B10E550","DSM"," Pump NDE"
"76b8d44cbf9c9181049c83daabea7e25","Calpan/Building 12/Level 3/Step 34",NULL,"100-12-34-182-01","cb82f5f4-a90f-417b-9120-982c9cc359e8",NULL,"Pump1",NULL,"3PP-DE",NULL,"3-PP-RH",NULL,"BandEnergyFromSpectrum","MF RMS Accel","g","AlarmTypeHigh","2.000","1.000","0.500",NULL,NULL,NULL,"2026-04-10 08:58:11","2026-04-10 08:58:11","0.608","PreAlarm","3","J20260411070002B10E775","2026-04-11 07:15:47.606089+00","Calpan","Building 12","Level 3","Step 34","","","","","","","B10E775","DSM"," Pump DE"
"76ba0be9ae015c3063baeb7d28c0b0ff","Calpan/Building 12/Level 3/Step 34",NULL,"100-12-34-510-11","551c74fc-55de-40ed-aafc-1e0e6781fdfd",NULL,"GearBox1",NULL,"4GB-InNDE",NULL,"4-GB-RV",NULL,"BandEnergyFromSpectrum","MF RMS Accel","g","AlarmTypeHigh","2.000","1.000","0.500",NULL,NULL,NULL,"2026-04-10 08:39:42","2026-04-10 08:39:42","0.448","Ok","2","J20260411070002B10E302","2026-04-11 07:15:16.45472+00","Calpan","Building 12","Level 3","Step 34","","","","","","","B10E302","DSM"," Gearbox InNDE"
"76c76348c74c2ccae22b1375456bb9e8","SOT & WWTP/Building 46/Level 1 South Int",NULL,"2204674-12700","5a52a7bb-3ac4-4087-b2ae-b50b8ac5d619",NULL,"Pump1",NULL,"4PP-NDE",NULL,"4-PP-RH",NULL,"BandEnergyFromSpectrum","MF Velocity (~3-8X)","mm/s","AlarmTypeHigh","5.000","3.000","1.000",NULL,NULL,NULL,"2026-04-10 07:56:59","2026-04-10 07:56:59","0.192","Ok","2","J20260411070002B10E551","2026-04-11 07:16:18.755097+00","SOT & WWTP","Building 46","Level 1 South Int","","","","","","","","B10E551","DSM"," Pump NDE"
"76f271c8ecf1def23e5ca5f0c5533ae4","SOT & WWTP/Building 46/Level 1 South Int",NULL,"2204674-18700","d02dc63f-663b-465c-8e99-133e530a34f3",NULL,"ElectricMotor1",NULL,"2MT-DE",NULL,"2-MT-RV",NULL,"Acceleration","Pk-Pk Accel","g","AlarmTypeHigh","9.000","6.000","3.000",NULL,NULL,NULL,"2026-04-10 07:49:54","2026-04-10 07:48:54","1.597","Ok","2","J20260411070002B10E553","2026-04-11 07:15:31.376368+00","SOT & WWTP","Building 46","Level 1 South Int","","","","","","","","B10E553","DSM"," Motor DE"
"76fde805397d5700e5f700eb6738fec7","Calpan/Building 12/Level 3/Step 34",NULL,"100-12-34-510-11","551c74fc-55de-40ed-aafc-1e0e6781fdfd",NULL,"GearBox1",NULL,"4GB-InNDE",NULL,"4-GB-Ax",NULL,"BandEnergyFromSpectrum","LF RMS Accel","g","AlarmTypeHigh","0.800","0.400","0.200",NULL,NULL,NULL,"2026-04-10 08:39:42","2026-04-10 08:39:42","0.077","Ok","2","J20260411070002B10E302","2026-04-11 07:15:16.45472+00","Calpan","Building 12","Level 3","Step 34","","","","","","","B10E302","DSM"," Gearbox InNDE"
"774e7daa6030b6dd85d0c14c0a50b139","SOT & WWTP/Building 32/Ground Level",NULL,"4003245-01060 No.6","6b94553b-624d-41d6-ae32-d3ba7ca02dce",NULL,"Pump1",NULL,"4PP-NDE",NULL,"4-PP-Ax",NULL,"BandEnergyFromSpectrum","MF Velocity (~3-8X)","mm/s","AlarmTypeHigh","5.000","3.000","1.000",NULL,NULL,NULL,"2026-04-10 09:54:40","2026-04-10 09:54:40","2.007","PreAlarm","3","J20260411070002B10E45","2026-04-11 07:15:28.823432+00","SOT & WWTP","Building 32","Ground Level","","","","","","","","B10E45","DSM"," Pump NDE"
"776fee2e3bc88d356a7854d3e8892cce","SOT & WWTP/Building 46/Level 1 south Ext",NULL,"2204674-80200","4a5f1f07-5d69-47ff-ad0c-51f038ca26f5",NULL,"Pump1",NULL,"4PP-NDE",NULL,"4-PP-RV",NULL,"VibrationVelocity","OV Vel","mm/s","AlarmTypeHigh","7.100","4.500","2.300",NULL,NULL,NULL,"2026-04-10 08:33:22","2026-04-10 08:33:18","2.084","Ok","2","J20260411070002B10E540","2026-04-11 07:15:30.329764+00","SOT & WWTP","Building 46","Level 1 south Ext","","","","","","","","B10E540","DSM"," Pump NDE"
"778ae82c9757bd062b7f6efa5b7395f0","Calpan/Building 12/Level 3/Step 34",NULL,"100-12-34-157-01","5d071c42-70ae-41ae-ab75-66543fc85f14",NULL,"ElectricMotor1",NULL,"2MT-DE",NULL,"2-MT-RV",NULL,"BandEnergyFromSpectrum","MF Velocity (~3-8X)","mm/s","AlarmTypeHigh","5.000","3.000","1.000",NULL,NULL,NULL,"2026-04-10 09:02:29","2026-04-10 09:02:29","0.232","Ok","2","J20260411070002B10E319","2026-04-11 07:15:15.91658+00","Calpan","Building 12","Level 3","Step 34","","","","","","","B10E319","DSM"," Motor DE"
"77aa806e02d001a010a0673338e3f2b2","SOT & WWTP/Building 32/Ground Level",NULL,"4003245-01070","f0256864-92af-49d6-b5bb-fa91f04642f9",NULL,"ElectricMotor1",NULL,"1MT-NDE",NULL,"1-MT-RV",NULL,"Acceleration","Pk-Pk Accel","g","AlarmTypeHigh","9.000","6.000","3.000",NULL,NULL,NULL,"2026-04-10 09:52:07","2026-04-10 09:50:31","1.866","Ok","2","J20260411070002B10E46","2026-04-11 07:15:22.091584+00","SOT & WWTP","Building 32","Ground Level","","","","","","","","B10E46","DSM"," Motor NDE"
"77d3e29a36828ba1c3ed8a3940d0e9f8","SOT & WWTP/Building 32/Ground Level",NULL,"4003245-01030","43aad99e-1dbc-4d74-b061-e10b847dea3e",NULL,"Pump1",NULL,"3PP-DE",NULL,"3-PP-RH",NULL,"VibrationVelocity","OV Vel","mm/s","AlarmTypeHigh","7.100","4.500","2.300",NULL,NULL,NULL,"2026-04-10 09:59:58","2026-04-10 09:59:19","1.183","Ok","2","J20260411070002B10E42","2026-04-11 07:15:44.831133+00","SOT & WWTP","Building 32","Ground Level","","","","","","","","B10E42","DSM"," Pump DE"
"77ff70f73a0c4c2ae9ab46729089b854","Calpan/Building 12/Level 3/Step 34",NULL,"100-12-34-137-01","6b60b0aa-ef09-4630-b0c3-9a82f9488b6f",NULL,"ElectricMotor1",NULL,"1MT-NDE",NULL,"1-MT-RH",NULL,"BroadBand","Envelope Energy","g",NULL,NULL,NULL,NULL,NULL,NULL,NULL,"2026-04-10 09:16:58","2026-04-10 09:13:17","0.259","Unknown","1","J20260411070002B10E322","2026-04-11 07:16:18.069423+00","Calpan","Building 12","Level 3","Step 34","","","","","","","B10E322","DSM"," Motor NDE"
"780040c15a01e3edf67fa14bfdb84a06","SOT & WWTP/Building 28/Ground Level",NULL,"4002861-50500","4322796b-6387-4da8-b21c-a60391237dcb",NULL,"ElectricMotor1",NULL,"1MT-NDE",NULL,"1-MT-RV",NULL,"BandEnergyFromSpectrum","MF Velocity (~3-8X)","mm/s","AlarmTypeHigh","5.000","3.000","1.000",NULL,NULL,NULL,"2026-04-10 09:45:06","2026-04-10 09:45:06","0.378","Ok","2","J20260411070002B10E34","2026-04-11 07:15:46.515864+00","SOT & WWTP","Building 28","Ground Level","","","","","","","","B10E34","DSM"," Motor NDE"
"780a9676ce34bda7e83e782b4a28c953","SOT & WWTP/Building 46/Level 1 south Ext",NULL,"2204674-84200","9cd3dcc6-d8f4-42a8-bfd4-4957a1c3d83b",NULL,"Pump1",NULL,"4PP-NDE",NULL,"4-PP-RH",NULL,"Acceleration","OV Accel","g","AlarmTypeHigh","6.000","3.000","2.000",NULL,NULL,NULL,"2026-04-10 08:14:32","2026-04-10 08:14:28","0.328","Ok","2","J20260411070002B10E544","2026-04-11 07:15:22.151709+00","SOT & WWTP","Building 46","Level 1 south Ext","","","","","","","","B10E544","DSM"," Pump NDE"
"7833a9bcc8ef9b76f4d15c037a6f96db","Calpan/Building 12/Level 2/Step 34",NULL,"100-12-34-442-01","10694b53-68ec-4cc5-ba70-011ea9cfc8cb",NULL,"Pump1",NULL,"4PP-NDE",NULL,"4-PP-RH",NULL,"BandEnergyFromSpectrum","LF RMS Accel","g","AlarmTypeHigh","0.800","0.400","0.200",NULL,NULL,NULL,"2026-04-10 07:04:28","2026-04-10 07:04:28","0.078","Ok","2","J20260411070002B10E108","2026-04-11 07:15:30.283493+00","Calpan","Building 12","Level 2","Step 34","","","","","","","B10E108","DSM"," Pump NDE"
"786faf38f66a0d543a463f42bb186138","Calpan/Building 12/Level 3/Step 34",NULL,"100-12-34-510-21","61567fca-5d02-4da4-933d-d5959c33b06d",NULL,"ElectricMotor1",NULL,"1MT-NDE",NULL,"1-MT-R=",NULL,"PeakValueFromSpectrum","2X Vel","mm/s","AlarmTypeHigh","2.800","1.800","0.900",NULL,NULL,NULL,"2026-04-10 08:42:19","2026-04-10 08:42:19","0.304","Ok","2","J20260411070002B10E303","2026-04-11 07:16:14.211894+00","Calpan","Building 12","Level 3","Step 34","","","","","","","B10E303","DSM",NULL
"7884c5e0086cf320f86aa3942cc59e54","Calpan/Building 12/Level 3/Step 34",NULL,"100-12-34-177-01","4418a4f0-5185-4ca9-8a85-a8ed7d6d8870",NULL,"ElectricMotor1",NULL,"1MT-NDE",NULL,"1-MT-RH",NULL,"Acceleration","Pk-Pk Accel","g","AlarmTypeHigh","9.000","6.000","3.000",NULL,NULL,NULL,"2026-04-10 09:27:57","2026-04-10 09:19:58","1.313","Ok","2","J20260411070002B10E325","2026-04-11 07:15:44.90977+00","Calpan","Building 12","Level 3","Step 34","","","","","","","B10E325","DSM"," Motor NDE"
"78be0362d3430895aa9f4e12c1665039","SOT & WWTP/Building 46/Level 1 south Ext",NULL,"2204674-80200","4a5f1f07-5d69-47ff-ad0c-51f038ca26f5",NULL,"ElectricMotor1",NULL,"2MT-DE",NULL,"2-MT-RV",NULL,"BandEnergyFromSpectrum","LF RMS Accel","g","AlarmTypeHigh","0.800","0.400","0.200",NULL,NULL,NULL,"2026-04-10 08:33:22","2026-04-10 08:33:22","0.024","Ok","2","J20260411070002B10E540","2026-04-11 07:15:30.329764+00","SOT & WWTP","Building 46","Level 1 south Ext","","","","","","","","B10E540","DSM"," Motor DE"
"78cf490cb1b97de10c5d2e3ebd4fdd68","Calpan/Building 12/Level 3/Step 34",NULL,"100-12-34-772-01","6b5b6534-5ed7-4bf6-959a-47e0f9d1edb4",NULL,"ElectricMotor1",NULL,"2MT-DE",NULL,"2-MT-RH",NULL,"BandEnergyFromSpectrum","MF Velocity (~3-8X)","mm/s","AlarmTypeHigh","5.000","3.000","1.000",NULL,NULL,NULL,"2026-04-10 09:25:26","2026-04-10 09:25:26","0.045","Ok","2","J20260411070002B10E326","2026-04-11 07:15:18.100414+00","Calpan","Building 12","Level 3","Step 34","","","","","","","B10E326","DSM"," Motor DE"
"7a3ffed3eb5f201771f182de7bd65fad","SOT & WWTP/Building 46/Level 1 south Ext",NULL,"2204673-65200","8f669413-f706-47d4-92c1-000af5b89657",NULL,"Pump1",NULL,"4PP-NDE",NULL,"4-PP-RV",NULL,"BandEnergyFromSpectrum","LF RMS Accel","g","AlarmTypeHigh","0.800","0.400","0.200",NULL,NULL,NULL,"2026-04-10 07:45:56","2026-04-10 07:45:56","0.023","Ok","2","J20260411070002B10E960","2026-04-11 07:15:31.403974+00","SOT & WWTP","Building 46","Level 1 south Ext","","","","","","","","B10E960","DSM"," Pump NDE"
"7ab7e1f215d7c040f93719657f1f4703","SOT & WWTP/Building 46/Level 1 South Int",NULL,"2204674-12200","920f4ad8-e17b-4e95-bb07-fe8ccfbdeb6a",NULL,"Pump1",NULL,"4PP-NDE",NULL,"4-PP-RH",NULL,"BandEnergyFromSpectrum","LF RMS Accel","g","AlarmTypeHigh","0.800","0.400","0.200",NULL,NULL,NULL,"2026-04-10 07:59:41","2026-04-10 07:59:41","0.028","Ok","2","J20260411070002B10E550","2026-04-11 07:15:15.907019+00","SOT & WWTP","Building 46","Level 1 South Int","","","","","","","","B10E550","DSM"," Pump NDE"
"7abea0cc5bc42c9c294c6c1be7493597","Calpan/Building 12/Level 3/Step 34",NULL,"100-12-34-772-01","6b5b6534-5ed7-4bf6-959a-47e0f9d1edb4",NULL,"Pump1",NULL,"3PP-DE",NULL,"3-PP-Ax",NULL,"BandEnergyFromSpectrum","MF RMS Accel","g","AlarmTypeHigh","2.000","1.000","0.500",NULL,NULL,NULL,"2026-04-10 09:25:26","2026-04-10 09:25:26","0.034","Ok","2","J20260411070002B10E326","2026-04-11 07:15:18.100414+00","Calpan","Building 12","Level 3","Step 34","","","","","","","B10E326","DSM"," Pump DE"
"7ad5afa7b5390fa15d10fcefc66384ae","SOT & WWTP/Building 46/Level 1 South Int",NULL,"2204674-18700","d02dc63f-663b-465c-8e99-133e530a34f3",NULL,"Pump1",NULL,"4PP-NDE",NULL,"4-PP-Ax",NULL,"BandEnergyFromSpectrum","MF Velocity (~3-8X)","mm/s","AlarmTypeHigh","5.000","3.000","1.000",NULL,NULL,NULL,"2026-04-10 07:49:54","2026-04-10 07:49:54","0.272","Ok","2","J20260411070002B10E553","2026-04-11 07:15:31.376368+00","SOT & WWTP","Building 46","Level 1 South Int","","","","","","","","B10E553","DSM"," Pump NDE"
"7ae48280f709f5d0c276927c0d3d5919","SOT & WWTP/Building 46/Level 1 South Int",NULL,"2204674-18700","d02dc63f-663b-465c-8e99-133e530a34f3",NULL,"ElectricMotor1",NULL,"1MT-NDE",NULL,"1-MT-RH",NULL,"BandEnergyFromSpectrum","MF Velocity (~3-8X)","mm/s","AlarmTypeHigh","5.000","3.000","1.000",NULL,NULL,NULL,"2026-04-10 07:49:54","2026-04-10 07:49:54","0.386","Ok","2","J20260411070002B10E553","2026-04-11 07:15:31.376368+00","SOT & WWTP","Building 46","Level 1 South Int","","","","","","","","B10E553","DSM"," Motor NDE"
"7b011910198bc1c42468682f20ec0690","Calpan/Building 12/Level 3/Step 34",NULL,"100-12-34-510-11","551c74fc-55de-40ed-aafc-1e0e6781fdfd",NULL,"ElectricMotor1",NULL,"1MT-NDE",NULL,"1-MT-Ax",NULL,"BandEnergyFromSpectrum","LF RMS Accel","g","AlarmTypeHigh","0.800","0.400","0.200",NULL,NULL,NULL,"2026-04-10 08:39:42","2026-04-10 08:39:42","0.158","Ok","2","J20260411070002B10E302","2026-04-11 07:15:16.45472+00","Calpan","Building 12","Level 3","Step 34","","","","","","","B10E302","DSM"," Motor NDE"
"7b102b5a40605931fcebe6fd78128c35","Calpan/Building 12/Level 3/Step 34",NULL,"100-12-34-772-01","6b5b6534-5ed7-4bf6-959a-47e0f9d1edb4",NULL,"ElectricMotor1",NULL,"1MT-NDE",NULL,"1-MT-Ax",NULL,"BandEnergyFromSpectrum","MF Velocity (~3-8X)","mm/s","AlarmTypeHigh","5.000","3.000","1.000",NULL,NULL,NULL,"2026-04-10 09:25:26","2026-04-10 09:25:26","0.169","Ok","2","J20260411070002B10E326","2026-04-11 07:15:18.100414+00","Calpan","Building 12","Level 3","Step 34","","","","","","","B10E326","DSM"," Motor NDE"
"7b29e9f74e9be89916dfb1fe9887f169","SOT & WWTP/Building 28/Ground Level",NULL,"4002861-50500","4322796b-6387-4da8-b21c-a60391237dcb",NULL,"ElectricMotor1",NULL,"2MT-DE",NULL,"2-MT-RV",NULL,"VibrationVelocity","OV Vel","mm/s","AlarmTypeHigh","7.100","4.500","2.300",NULL,NULL,NULL,"2026-04-10 09:45:06","2026-04-10 09:43:07","0.771","Ok","2","J20260411070002B10E34","2026-04-11 07:15:46.515864+00","SOT & WWTP","Building 28","Ground Level","","","","","","","","B10E34","DSM"," Motor DE"
"7b52bdd6f5c9baea4d83f97b2fdf0285","SOT & WWTP/Building 46/Level 1 south Ext",NULL,"2204673-64200","1183b785-83bc-4239-9fd1-4c4e5ad0d5f0",NULL,"ElectricMotor1",NULL,"2MT-DE",NULL,"2-MT-RH",NULL,"Acceleration","Pk-Pk Accel","g","AlarmTypeHigh","9.000","6.000","3.000",NULL,NULL,NULL,"2026-04-10 07:43:24","2026-04-10 07:41:48","2.600","Ok","2","J20260411070002B10E958","2026-04-11 07:15:31.367013+00","SOT & WWTP","Building 46","Level 1 south Ext","","","","","","","","B10E958","DSM"," Motor DE"
"7b88d54a74ce08a081bc93f687f2e688","SOT & WWTP/Building 46/Level 1 south Ext",NULL,"2204674-85200","44b72af3-d034-498f-8d9f-e5fe074eebbd",NULL,"ElectricMotor1",NULL,"1MT-NDE",NULL,"1-MT-RH",NULL,"Acceleration","Pk-Pk Accel","g","AlarmTypeHigh","9.000","6.000","3.000",NULL,NULL,NULL,"2026-04-10 08:17:06","2026-04-10 08:15:38","3.474","PreAlarm","3","J20260411070002B10E546","2026-04-11 07:15:28.820148+00","SOT & WWTP","Building 46","Level 1 south Ext","","","","","","","","B10E546","DSM"," Motor NDE"
"7bb3560081e6624540f1b03dcb1aeaee","SOT & WWTP/Building 46/Level 1 South Int",NULL,"2204674-25200","8c097769-c06f-45ff-b124-b425f9a07faf",NULL,"LobulusCompressor1",NULL,"5LC-DE",NULL,"5-LC-RH",NULL,"Acceleration","Pk-Pk Accel","g","AlarmTypeHigh","9.000","6.000","3.000",NULL,NULL,NULL,"2026-04-10 08:05:54","2026-04-10 08:05:26","9.383","Danger","5","J20260411070002B10E556","2026-04-11 07:15:14.724536+00","SOT & WWTP","Building 46","Level 1 South Int","","","","","","","","B10E556","DSM",NULL
"7be90d5ff81964b6ce8593ea9c4be0c1","SOT & WWTP/Building 32/Ground Level",NULL,"4003245-01050","c6e1ea8c-b0aa-4ab3-b1ab-4a7c92913666",NULL,"ElectricMotor1",NULL,"2MT-DE",NULL,"2-MT-Ax",NULL,"BandEnergyFromSpectrum","LF RMS Accel","g","AlarmTypeHigh","0.800","0.400","0.200",NULL,NULL,NULL,"2026-04-10 09:57:30","2026-04-10 09:57:30","0.131","Ok","2","J20260411070002B10E44","2026-04-11 07:16:20.260687+00","SOT & WWTP","Building 32","Ground Level","","","","","","","","B10E44","DSM"," Motor DE"
"7c364d0f751353f89d8f68b0d2450a3b","SOT & WWTP/Building 32/Ground Level",NULL,"4003245-01070","f0256864-92af-49d6-b5bb-fa91f04642f9",NULL,"ElectricMotor1",NULL,"1MT-NDE",NULL,"1-MT-Ax",NULL,"Acceleration","OV Accel","g","AlarmTypeHigh","6.000","3.000","2.000",NULL,NULL,NULL,"2026-04-10 09:52:07","2026-04-10 09:50:28","0.282","Ok","2","J20260411070002B10E46","2026-04-11 07:15:22.091584+00","SOT & WWTP","Building 32","Ground Level","","","","","","","","B10E46","DSM"," Motor NDE"
"7c3864df014a73f25a1ffb53c299db78","Calpan/Building 12/Level 3/Step 34",NULL,"100-12-34-042-01","baa957f8-47b1-4422-b93b-9c0e9c3cf8a3",NULL,"Pump1",NULL,"4PP-NDE",NULL,"4-PP-Ax",NULL,"Acceleration","Pk-Pk Accel","g","AlarmTypeHigh","9.000","6.000","3.000",NULL,NULL,NULL,"2026-04-10 09:31:52","2026-04-10 09:31:46","0.330","Ok","2","J20260411070002B10E328","2026-04-11 07:15:17.347474+00","Calpan","Building 12","Level 3","Step 34","","","","","","","B10E328","DSM"," Pump NDE"
"7c42276b4943b4636077e2566f85e5a7","SOT & WWTP/Building 46/Level 1 south Ext",NULL,"2204674-86700","df615b42-35ae-4d9e-8440-ec02f423d24f",NULL,"Pump1",NULL,"3PP-DE",NULL,"3-PP-RH",NULL,"Acceleration","Pk-Pk Accel","g","AlarmTypeHigh","9.000","6.000","3.000",NULL,NULL,NULL,"2026-04-10 08:24:26","2026-04-10 08:24:25","6.185","Alarm","4","J20260411070002B10E886","2026-04-11 07:15:18.11167+00","SOT & WWTP","Building 46","Level 1 south Ext","","","","","","","","B10E886","DSM"," Pump DE"
"7c59a059444df5465a9d83f4f237d785","Calpan/Building 12/Level 3/Step 34",NULL,"100-12-34-137-01","6b60b0aa-ef09-4630-b0c3-9a82f9488b6f",NULL,"ElectricMotor1",NULL,"1MT-NDE",NULL,"1-MT-RH",NULL,"BandEnergyFromSpectrum","HF RMS Accel","g","AlarmTypeHigh","6.000","3.000","1.500",NULL,NULL,NULL,"2026-04-10 09:16:58","2026-04-10 09:16:58","0.445","Ok","2","J20260411070002B10E322","2026-04-11 07:16:18.069423+00","Calpan","Building 12","Level 3","Step 34","","","","","","","B10E322","DSM"," Motor NDE"
"7c7f6b5045f1160e74dc975a22641dcf","Calpan/Building 12/Level 3/Step 34",NULL,"100-12-34-772-01","6b5b6534-5ed7-4bf6-959a-47e0f9d1edb4",NULL,"ElectricMotor1",NULL,"1MT-NDE",NULL,"1-MT-RH",NULL,"BandEnergyFromSpectrum","MF Velocity (~3-8X)","mm/s","AlarmTypeHigh","5.000","3.000","1.000",NULL,NULL,NULL,"2026-04-10 09:25:26","2026-04-10 09:25:26","0.087","Ok","2","J20260411070002B10E326","2026-04-11 07:15:18.100414+00","Calpan","Building 12","Level 3","Step 34","","","","","","","B10E326","DSM"," Motor NDE"
"7c86162eba9afd09d3a7e5e2ca889e19","Calpan/Building 12/Level 3/Step 34",NULL,"100-12-34-772-01","6b5b6534-5ed7-4bf6-959a-47e0f9d1edb4",NULL,"ElectricMotor1",NULL,"1MT-NDE",NULL,"1-MT-Ax",NULL,"BandEnergyFromSpectrum","LF RMS Accel","g","AlarmTypeHigh","0.800","0.400","0.200",NULL,NULL,NULL,"2026-04-10 09:25:26","2026-04-10 09:25:26","0.087","Ok","2","J20260411070002B10E326","2026-04-11 07:15:18.100414+00","Calpan","Building 12","Level 3","Step 34","","","","","","","B10E326","DSM"," Motor NDE"
"7c99af9924b3ae013aa457f1d6d2a2e6","Calpan/Building 12/Level 3/Step 34",NULL,"100-12-34-162-01","1d898064-4876-4e5b-885f-a3ac174fa02b",NULL,"ElectricMotor1",NULL,"1MT-NDE",NULL,"1-MT-RV",NULL,"VibrationVelocity","OV Vel","mm/s","AlarmTypeHigh","7.100","4.500","2.300",NULL,NULL,NULL,"2026-04-10 09:18:57","2026-04-10 09:17:35","0.885","Ok","2","J20260411070002B10E324","2026-04-11 07:15:20.786083+00","Calpan","Building 12","Level 3","Step 34","","","","","","","B10E324","DSM"," Motor NDE"
"7cbe9616afb113366a6e0d244b1696a9","SOT & WWTP/Building 46/Level 1 South Int",NULL,"2204674-25200","8c097769-c06f-45ff-b124-b425f9a07faf",NULL,"ElectricMotor1",NULL,"1MT-NDE",NULL,"1-MT-RH",NULL,"Acceleration","Pk-Pk Accel","g","AlarmTypeHigh","9.000","6.000","3.000",NULL,NULL,NULL,"2026-04-10 08:05:54","2026-04-10 08:03:21","1.206","Ok","2","J20260411070002B10E556","2026-04-11 07:15:14.724536+00","SOT & WWTP","Building 46","Level 1 South Int","","","","","","","","B10E556","DSM"," Motor NDE"
"7cff0d75f8da20e636516d2dbacb7dd6","SOT & WWTP/Building 46/Level 1 South Int",NULL,"2204674-12200","920f4ad8-e17b-4e95-bb07-fe8ccfbdeb6a",NULL,"ElectricMotor1",NULL,"2MT-DE",NULL,"2-MT-RV",NULL,"Acceleration","Pk-Pk Accel","g","AlarmTypeHigh","9.000","6.000","3.000",NULL,NULL,NULL,"2026-04-10 07:59:41","2026-04-10 07:58:43","1.304","Ok","2","J20260411070002B10E550","2026-04-11 07:15:15.907019+00","SOT & WWTP","Building 46","Level 1 South Int","","","","","","","","B10E550","DSM"," Motor DE"
"7d0b4abbab6af1654434c30c1e83c07a","Calpan/Building 12/Level 3/Step 34",NULL,"100-12-34-599-01","ed08d57e-d030-4584-ba5c-b8e95227ae28",NULL,"ElectricMotor1",NULL,"1MT-NDE",NULL,"1-MT-RV",NULL,"BandEnergyFromSpectrum","MF RMS Accel","g","AlarmTypeHigh","2.000","1.000","0.500",NULL,NULL,NULL,"2026-04-10 08:44:35","2026-04-10 08:44:35","0.100","Ok","2","J20260411070002B10E305","2026-04-11 07:15:28.836543+00","Calpan","Building 12","Level 3","Step 34","","","","","","","B10E305","DSM"," Motor NDE"
"7d2aed3ec830e71203b7899c30872888","SOT & WWTP/Building 28/Ground Level",NULL,"4002861-50500","4322796b-6387-4da8-b21c-a60391237dcb",NULL,"Pump1",NULL,"4PP-NDE",NULL,"4-PP-Ax",NULL,"BroadBand","Envelope Energy","g",NULL,NULL,NULL,NULL,NULL,NULL,NULL,"2026-04-10 09:45:06","2026-04-10 09:44:56","0.024","Unknown","1","J20260411070002B10E34","2026-04-11 07:15:46.515864+00","SOT & WWTP","Building 28","Ground Level","","","","","","","","B10E34","DSM"," Pump NDE"
"7d588593a47dd0384a5fd03221dd3fcb","SOT & WWTP/Building 46/Level 1 South Int",NULL,"2204674-25200","8c097769-c06f-45ff-b124-b425f9a07faf",NULL,"LobulusCompressor1",NULL,"6LC-NDE",NULL,"6-LC-Ax",NULL,"BandEnergyFromSpectrum","MF RMS Accel","g","AlarmTypeHigh","2.000","1.000","0.500",NULL,NULL,NULL,"2026-04-10 08:05:54","2026-04-10 08:05:54","0.060","Ok","2","J20260411070002B10E556","2026-04-11 07:15:14.724536+00","SOT & WWTP","Building 46","Level 1 South Int","","","","","","","","B10E556","DSM",NULL
"7d6bd8d7c97977ac33ce29c3f8693aa8","SOT & WWTP/Building 46/Level 1 south Ext",NULL,"2204673-65200","8f669413-f706-47d4-92c1-000af5b89657",NULL,"ElectricMotor1",NULL,"1MT-NDE",NULL,"1-MT-Ax",NULL,"Acceleration","OV Accel","g","AlarmTypeHigh","6.000","3.000","2.000",NULL,NULL,NULL,"2026-04-10 07:45:56","2026-04-10 07:44:12","0.096","Ok","2","J20260411070002B10E960","2026-04-11 07:15:31.403974+00","SOT & WWTP","Building 46","Level 1 south Ext","","","","","","","","B10E960","DSM"," Motor NDE"
"7d768665deae24f717fdb4dd97a5c39c","Calpan/Building 12/Level 3/Step 34",NULL,"100-12-34-510-11","551c74fc-55de-40ed-aafc-1e0e6781fdfd",NULL,"ElectricMotor1",NULL,"1MT-NDE",NULL,"1-MT-RV",NULL,"VibrationVelocity","OV Vel","mm/s","AlarmTypeHigh","7.100","4.500","2.300",NULL,NULL,NULL,"2026-04-10 08:39:42","2026-04-10 08:39:13","1.879","Ok","2","J20260411070002B10E302","2026-04-11 07:15:16.45472+00","Calpan","Building 12","Level 3","Step 34","","","","","","","B10E302","DSM"," Motor NDE"
"7d811959c74cf4fb871b2b03667e8bb2","Calpan/Building 12/Level 3/Step 34",NULL,"100-12-34-052-01","4e95bfc9-5c27-4ef2-8f21-e1680ea3525a",NULL,"Pump1",NULL,"3PP-DE",NULL,"3-PP-RV",NULL,"BandEnergyFromSpectrum","LF RMS Accel","g","AlarmTypeHigh","0.800","0.400","0.200",NULL,NULL,NULL,"2026-04-10 09:35:03","2026-04-10 09:35:03","0.059","Ok","2","J20260411070002B10E329","2026-04-11 07:16:20.032019+00","Calpan","Building 12","Level 3","Step 34","","","","","","","B10E329","DSM"," Pump DE"
"7db6740197a38f64c5b8c49c7f9acd9e","SOT & WWTP/Building 46/Level 1 south Ext",NULL,"2204674-84200","9cd3dcc6-d8f4-42a8-bfd4-4957a1c3d83b",NULL,"ElectricMotor1",NULL,"2MT-DE",NULL,"2-MT-RV",NULL,"BandEnergyFromSpectrum","HF RMS Accel","g","AlarmTypeHigh","6.000","3.000","1.500",NULL,NULL,NULL,"2026-04-10 08:14:32","2026-04-10 08:14:32","0.052","Ok","2","J20260411070002B10E544","2026-04-11 07:15:22.151709+00","SOT & WWTP","Building 46","Level 1 south Ext","","","","","","","","B10E544","DSM"," Motor DE"
"7ddf6b885339410d34369358f4a27de5","Calpan/Building 12/Level 3/Step 34",NULL,"100-12-34-452-01","95d59ee7-03e4-4a9e-b4c3-1eb0f2b52d18",NULL,"Pump1",NULL,"4PP-NDE",NULL,"4-PP-Ax",NULL,"BandEnergyFromSpectrum","HF RMS Accel","g","AlarmTypeHigh","6.000","3.000","1.500",NULL,NULL,NULL,"2026-04-10 08:47:51","2026-04-10 08:47:51","0.021","Ok","2","J20260411070002B10E313","2026-04-11 07:15:22.026089+00","Calpan","Building 12","Level 3","Step 34","","","","","","","B10E313","DSM"," Pump NDE"
"7e381800cdb75228c5415d0989795268","SOT & WWTP/Building 46/Level 1 south Ext",NULL,"2204674-85200","44b72af3-d034-498f-8d9f-e5fe074eebbd",NULL,"ElectricMotor1",NULL,"1MT-NDE",NULL,"1-MT-RV",NULL,"BandEnergyFromSpectrum","MF RMS Accel","g","AlarmTypeHigh","2.000","1.000","0.500",NULL,NULL,NULL,"2026-04-10 08:17:06","2026-04-10 08:17:06","0.180","Ok","2","J20260411070002B10E546","2026-04-11 07:15:28.820148+00","SOT & WWTP","Building 46","Level 1 south Ext","","","","","","","","B10E546","DSM"," Motor NDE"
"7e4086dff88ba20606a98380fb67d3bb","Calpan/Building 12/Level 3/Step 34",NULL,"100-12-34-182-01","cb82f5f4-a90f-417b-9120-982c9cc359e8",NULL,"Pump1",NULL,"3PP-DE",NULL,"3-PP-Ax",NULL,"BandEnergyFromSpectrum","MF RMS Accel","g","AlarmTypeHigh","2.000","1.000","0.500",NULL,NULL,NULL,"2026-04-10 08:58:11","2026-04-10 08:58:11","0.538","PreAlarm","3","J20260411070002B10E775","2026-04-11 07:15:47.606089+00","Calpan","Building 12","Level 3","Step 34","","","","","","","B10E775","DSM"," Pump DE"
"7e4f5a189c3d0dded70591ce3fbc764c","SOT & WWTP/Building 46/Level 1 South Int",NULL,"2204674-12200","920f4ad8-e17b-4e95-bb07-fe8ccfbdeb6a",NULL,"ElectricMotor1",NULL,"1MT-NDE",NULL,"1-MT-RV",NULL,"BandEnergyFromSpectrum","LF RMS Accel","g","AlarmTypeHigh","0.800","0.400","0.200",NULL,NULL,NULL,"2026-04-10 07:59:41","2026-04-10 07:59:41","0.030","Ok","2","J20260411070002B10E550","2026-04-11 07:15:15.907019+00","SOT & WWTP","Building 46","Level 1 South Int","","","","","","","","B10E550","DSM"," Motor NDE"
"7e73a9f022599fde5e01f10018ffb25e","SOT & WWTP/Building 46/Level 1 south Ext",NULL,"2204674-91700","c5661652-b006-41ac-9678-a9f8cee30d2e",NULL,"ElectricMotor1",NULL,"2MT-DE",NULL,"2-MT-RV",NULL,"BandEnergyFromSpectrum","MF RMS Accel","g","AlarmTypeHigh","2.000","1.000","0.500",NULL,NULL,NULL,"2026-04-10 08:28:29","2026-04-10 08:28:29","0.381","Ok","2","J20260411070002B10E549","2026-04-11 07:15:44.625996+00","SOT & WWTP","Building 46","Level 1 south Ext","","","","","","","","B10E549","DSM"," Motor DE"
"7ec17581b7b70af4e8f2aa2d10e0cd58","SOT & WWTP/Building 46/Level 1 south Ext",NULL,"2204674-85200","44b72af3-d034-498f-8d9f-e5fe074eebbd",NULL,"ElectricMotor1",NULL,"2MT-DE",NULL,"2-MT-RH",NULL,"Acceleration","Pk-Pk Accel","g","AlarmTypeHigh","9.000","6.000","3.000",NULL,NULL,NULL,"2026-04-10 08:17:06","2026-04-10 08:16:06","3.785","PreAlarm","3","J20260411070002B10E546","2026-04-11 07:15:28.820148+00","SOT & WWTP","Building 46","Level 1 south Ext","","","","","","","","B10E546","DSM"," Motor DE"
"7f16a7eba1eb838460df5b5945d056ef","Calpan/Building 12/Level 3/Step 34",NULL,"100-12-34-122-01","2f0c1896-955a-4c2b-b25f-c632bd837c5d",NULL,"ElectricMotor1",NULL,"1MT-NDE",NULL,"1-MT-RH",NULL,"BroadBand","Envelope Energy","g",NULL,NULL,NULL,NULL,NULL,NULL,NULL,"2026-04-10 09:11:47","2026-04-10 09:08:20","0.014","Unknown","1","J20260411070002B10E320","2026-04-11 07:15:20.786773+00","Calpan","Building 12","Level 3","Step 34","","","","","","","B10E320","DSM"," Motor NDE"
"7f27fdedb301d0456d97fd462802d713","Calpan/Building 12/Level 3/Step 34",NULL,"100-12-34-137-01","6b60b0aa-ef09-4630-b0c3-9a82f9488b6f",NULL,"GearBox1",NULL,"3GB-InDE",NULL,"3-GB-Ax",NULL,"BandEnergyFromSpectrum","MF RMS Accel","g","AlarmTypeHigh","2.000","1.000","0.500",NULL,NULL,NULL,"2026-04-10 09:16:58","2026-04-10 09:16:58","0.146","Ok","2","J20260411070002B10E322","2026-04-11 07:16:18.069423+00","Calpan","Building 12","Level 3","Step 34","","","","","","","B10E322","DSM"," Gearbox InDE"
"7f3374789bd26a7a9d3751a381ff0b22","SOT & WWTP/Building 46/Level 1 South Int",NULL,"2204674-18200","ddec0803-5671-4d5f-bcd2-6ad1ec7ba006",NULL,"Pump1",NULL,"3PP-DE",NULL,"3-PP-RH",NULL,"BroadBand","Envelope Energy","g",NULL,NULL,NULL,NULL,NULL,NULL,NULL,"2026-04-10 07:53:51","2026-04-10 07:53:14","0.073","Unknown","1","J20260411070002B10E552","2026-04-11 07:15:30.323513+00","SOT & WWTP","Building 46","Level 1 South Int","","","","","","","","B10E552","DSM"," Pump DE"
"7f5c5c26e1ac9e93f42936033e4feb0c","SOT & WWTP/Building 46/Level 1 south Ext",NULL,"2204673-20200","971c1886-fae1-4e46-bdc2-fedaf770dc42",NULL,"ElectricMotor1",NULL,"1MT-NDE",NULL,"1-MT-RV",NULL,"BandEnergyFromSpectrum","LF RMS Accel","g","AlarmTypeHigh","0.800","0.400","0.200",NULL,NULL,NULL,"2026-04-10 08:11:00","2026-04-10 08:11:00","0.059","Ok","2","J20260411070002B10E986","2026-04-11 07:16:18.775238+00","SOT & WWTP","Building 46","Level 1 south Ext","","","","","","","","B10E986","DSM"," Motor NDE"
"7f8fd65839af742f1931d3bb336584cd","Calpan/Building 12/Level 3/Step 34",NULL,"100-12-34-510-21","61567fca-5d02-4da4-933d-d5959c33b06d",NULL,"ElectricMotor1",NULL,"2MT-DE",NULL,"2-MT-R=",NULL,"PeakValueFromSpectrum","1X Vel","mm/s","AlarmTypeHigh","6.400","4.000","2.000",NULL,NULL,NULL,"2026-04-10 08:42:19","2026-04-10 08:42:19","2.609","PreAlarm","3","J20260411070002B10E303","2026-04-11 07:16:14.211894+00","Calpan","Building 12","Level 3","Step 34","","","","","","","B10E303","DSM",NULL
"7f9e3e05b5cdfe52c5ae559b295cd66f","SOT & WWTP/Building 32/Ground Level",NULL,"4003245-01060 No.6","6b94553b-624d-41d6-ae32-d3ba7ca02dce",NULL,"ElectricMotor1",NULL,"2MT-DE",NULL,"2-MT-Ax",NULL,"BandEnergyFromSpectrum","HF RMS Accel","g","AlarmTypeHigh","6.000","3.000","1.500",NULL,NULL,NULL,"2026-04-10 09:54:40","2026-04-10 09:54:40","0.079","Ok","2","J20260411070002B10E45","2026-04-11 07:15:28.823432+00","SOT & WWTP","Building 32","Ground Level","","","","","","","","B10E45","DSM"," Motor DE"
"7fd204e9aa2cb4445c4cb74551fd02cb","Calpan/Building 12/Level 3/Step 34",NULL,"100-12-34-452-01","95d59ee7-03e4-4a9e-b4c3-1eb0f2b52d18",NULL,"ElectricMotor1",NULL,"2MT-DE",NULL,"2-MT-RH",NULL,"VibrationVelocity","OV Vel","mm/s","AlarmTypeHigh","7.100","4.500","2.300",NULL,NULL,NULL,"2026-04-10 08:47:51","2026-04-10 08:46:48","1.353","Ok","2","J20260411070002B10E313","2026-04-11 07:15:22.026089+00","Calpan","Building 12","Level 3","Step 34","","","","","","","B10E313","DSM"," Motor DE"
"7fd314b6d8fd6eb5e44bfba27ddd895a","Calpan/Building 12/Level 2/Step 34",NULL,"100-12-34-442-01","10694b53-68ec-4cc5-ba70-011ea9cfc8cb",NULL,"ElectricMotor1",NULL,"2MT-DE",NULL,"2-MT-Ax",NULL,"BandEnergyFromSpectrum","LF RMS Accel","g","AlarmTypeHigh","0.800","0.400","0.200",NULL,NULL,NULL,"2026-04-10 07:04:28","2026-04-10 07:04:28","0.105","Ok","2","J20260411070002B10E108","2026-04-11 07:15:30.283493+00","Calpan","Building 12","Level 2","Step 34","","","","","","","B10E108","DSM"," Motor DE"
"7fd5f0a4e4546a51d5de3daa369c6f90","SOT & WWTP/Building 32/Ground Level",NULL,"4003245-01070","f0256864-92af-49d6-b5bb-fa91f04642f9",NULL,"Pump1",NULL,"3PP-DE",NULL,"3-PP-Ax",NULL,"BandEnergyFromSpectrum","LF RMS Accel","g","AlarmTypeHigh","0.800","0.400","0.200",NULL,NULL,NULL,"2026-04-10 09:52:07","2026-04-10 09:52:07","0.333","PreAlarm","3","J20260411070002B10E46","2026-04-11 07:15:22.091584+00","SOT & WWTP","Building 32","Ground Level","","","","","","","","B10E46","DSM"," Pump DE"
"801fb263b53afa4094025ca9aa41d282","SOT & WWTP/Building 32/Ground Level",NULL,"4003245-01070","f0256864-92af-49d6-b5bb-fa91f04642f9",NULL,"Pump1",NULL,"4PP-NDE",NULL,"4-PP-RV",NULL,"VibrationVelocity","OV Vel","mm/s","AlarmTypeHigh","7.100","4.500","2.300",NULL,NULL,NULL,"2026-04-10 09:52:07","2026-04-10 09:52:03","6.907","Alarm","4","J20260411070002B10E46","2026-04-11 07:15:22.091584+00","SOT & WWTP","Building 32","Ground Level","","","","","","","","B10E46","DSM"," Pump NDE"
"8024874e5ea15e96fc6e2a7026d5c803","SOT & WWTP/Building 32/Ground Level",NULL,"4003245-01060 No.6","6b94553b-624d-41d6-ae32-d3ba7ca02dce",NULL,"ElectricMotor1",NULL,"1MT-NDE",NULL,"1-MT-Ax",NULL,"BroadBand","Envelope Energy","g",NULL,NULL,NULL,NULL,NULL,NULL,NULL,"2026-04-10 09:54:40","2026-04-10 09:52:45","0.035","Unknown","1","J20260411070002B10E45","2026-04-11 07:15:28.823432+00","SOT & WWTP","Building 32","Ground Level","","","","","","","","B10E45","DSM"," Motor NDE"
"804294ae6bf84f94d852f06c4e284805","SOT & WWTP/Building 32/Ground Level",NULL,"4003245-01070","f0256864-92af-49d6-b5bb-fa91f04642f9",NULL,"Pump1",NULL,"4PP-NDE",NULL,"4-PP-Ax",NULL,"Acceleration","OV Accel","g","AlarmTypeHigh","6.000","3.000","2.000",NULL,NULL,NULL,"2026-04-10 09:52:07","2026-04-10 09:52:03","0.902","Ok","2","J20260411070002B10E46","2026-04-11 07:15:22.091584+00","SOT & WWTP","Building 32","Ground Level","","","","","","","","B10E46","DSM"," Pump NDE"
"805eb28d871babd824f4f8394ee5e7f9","SOT & WWTP/Building 46/Level 1 south Ext",NULL,"2204674-80200","4a5f1f07-5d69-47ff-ad0c-51f038ca26f5",NULL,"ElectricMotor1",NULL,"2MT-DE",NULL,"2-MT-RV",NULL,"Acceleration","Pk-Pk Accel","g","AlarmTypeHigh","9.000","6.000","3.000",NULL,NULL,NULL,"2026-04-10 08:33:22","2026-04-10 08:32:22","1.969","Ok","2","J20260411070002B10E540","2026-04-11 07:15:30.329764+00","SOT & WWTP","Building 46","Level 1 south Ext","","","","","","","","B10E540","DSM"," Motor DE"
"8091c84a3783bae0e84e7923967b2636","SOT & WWTP/Building 46/Level 1 south Ext",NULL,"2204673-64200","1183b785-83bc-4239-9fd1-4c4e5ad0d5f0",NULL,"ElectricMotor1",NULL,"1MT-NDE",NULL,"1-MT-RV",NULL,"BroadBand","Envelope Energy","g",NULL,NULL,NULL,NULL,NULL,NULL,NULL,"2026-04-10 07:43:24","2026-04-10 07:41:15","0.006","Unknown","1","J20260411070002B10E958","2026-04-11 07:15:31.367013+00","SOT & WWTP","Building 46","Level 1 south Ext","","","","","","","","B10E958","DSM"," Motor NDE"
"811b1752e85c92c70626a8a3bb549e56","Calpan/Building 12/Level 3/Step 34",NULL,"100-12-34-137-01","6b60b0aa-ef09-4630-b0c3-9a82f9488b6f",NULL,"ElectricMotor1",NULL,"2MT-DE",NULL,"2-MT-RH",NULL,"BandEnergyFromSpectrum","MF RMS Accel","g","AlarmTypeHigh","2.000","1.000","0.500",NULL,NULL,NULL,"2026-04-10 09:16:58","2026-04-10 09:16:58","0.283","Ok","2","J20260411070002B10E322","2026-04-11 07:16:18.069423+00","Calpan","Building 12","Level 3","Step 34","","","","","","","B10E322","DSM"," Motor DE"
"815909ce9697400dbfe8e9f84c9371e2","Calpan/Building 12/Level 3/Step 34",NULL,"100-12-34-510-21","61567fca-5d02-4da4-933d-d5959c33b06d",NULL,"ElectricMotor1",NULL,"1MT-NDE",NULL,"1-MT-Ax",NULL,"PeakValueFromSpectrum","3X Vel","mm/s","AlarmTypeHigh","2.150","1.350","0.700",NULL,NULL,NULL,"2026-04-10 08:42:19","2026-04-10 08:42:19","0.079","Ok","2","J20260411070002B10E303","2026-04-11 07:16:14.211894+00","Calpan","Building 12","Level 3","Step 34","","","","","","","B10E303","DSM"," Motor NDE"
"815b04bc8479cb49d2d1af3b1c0708ca","Calpan/Building 12/Level 3/Step 34",NULL,"100-12-34-177-01","4418a4f0-5185-4ca9-8a85-a8ed7d6d8870",NULL,"Shaft1",NULL,"7SH-DE",NULL,"7-SH-RV",NULL,"BandEnergyFromSpectrum","MF RMS Accel","g","AlarmTypeHigh","2.000","1.000","0.500",NULL,NULL,NULL,"2026-04-10 09:27:57","2026-04-10 09:27:57","0.055","Ok","2","J20260411070002B10E325","2026-04-11 07:15:44.90977+00","Calpan","Building 12","Level 3","Step 34","","","","","","","B10E325","DSM",NULL
"817e992a859aedec1db0908d61a045ba","Calpan/Building 12/Level 3/Step 34",NULL,"100-12-34-042-01","baa957f8-47b1-4422-b93b-9c0e9c3cf8a3",NULL,"ElectricMotor1",NULL,"2MT-DE",NULL,"2-MT-RH",NULL,"Acceleration","OV Accel","g","AlarmTypeHigh","6.000","3.000","2.000",NULL,NULL,NULL,"2026-04-10 09:31:52","2026-04-10 09:30:50","0.111","Ok","2","J20260411070002B10E328","2026-04-11 07:15:17.347474+00","Calpan","Building 12","Level 3","Step 34","","","","","","","B10E328","DSM"," Motor DE"
"81adc0c5581dd0e9309e28fcd6b188a8","SOT & WWTP/Building 32/Ground Level",NULL,"4003245-01030","43aad99e-1dbc-4d74-b061-e10b847dea3e",NULL,"ElectricMotor1",NULL,"2MT-DE",NULL,"2-MT-RH",NULL,"Acceleration","OV Accel","g","AlarmTypeHigh","6.000","3.000","2.000",NULL,NULL,NULL,"2026-04-10 09:59:58","2026-04-10 09:58:52","1.746","Ok","2","J20260411070002B10E42","2026-04-11 07:15:44.831133+00","SOT & WWTP","Building 32","Ground Level","","","","","","","","B10E42","DSM"," Motor DE"
"81b59ff6696950b122bb8444b1531e93","Calpan/Building 12/Level 3/Step 34",NULL,"100-12-34-052-01","4e95bfc9-5c27-4ef2-8f21-e1680ea3525a",NULL,"ElectricMotor1",NULL,"2MT-DE",NULL,"2-MT-RH",NULL,"BandEnergyFromSpectrum","HF RMS Accel","g","AlarmTypeHigh","6.000","3.000","1.500",NULL,NULL,NULL,"2026-04-10 09:35:03","2026-04-10 09:35:03","0.053","Ok","2","J20260411070002B10E329","2026-04-11 07:16:20.032019+00","Calpan","Building 12","Level 3","Step 34","","","","","","","B10E329","DSM"," Motor DE"
"81d406b6a710104bb1c647ed257d707d","SOT & WWTP/Building 46/Level 1 south Ext",NULL,"2204673-20200","971c1886-fae1-4e46-bdc2-fedaf770dc42",NULL,"Pump1",NULL,"4PP-NDE",NULL,"4-PP-RH",NULL,"Acceleration","Pk-Pk Accel","g","AlarmTypeHigh","9.000","6.000","3.000",NULL,NULL,NULL,"2026-04-10 08:11:00","2026-04-10 08:10:54","1.468","Ok","2","J20260411070002B10E986","2026-04-11 07:16:18.775238+00","SOT & WWTP","Building 46","Level 1 south Ext","","","","","","","","B10E986","DSM"," Pump NDE"
"82459bebbb69bca66f7afe624457ab2f","SOT & WWTP/Building 46/Level 1 south Ext",NULL,"2204674-80200","4a5f1f07-5d69-47ff-ad0c-51f038ca26f5",NULL,"ElectricMotor1",NULL,"2MT-DE",NULL,"2-MT-RV",NULL,"BroadBand","Envelope Energy","g",NULL,NULL,NULL,NULL,NULL,NULL,NULL,"2026-04-10 08:33:22","2026-04-10 08:32:16","0.017","Unknown","1","J20260411070002B10E540","2026-04-11 07:15:30.329764+00","SOT & WWTP","Building 46","Level 1 south Ext","","","","","","","","B10E540","DSM"," Motor DE"
"8261973b9083e8bcd410d46a9aa122e5","SOT & WWTP/Building 46/Level 1 South Int",NULL,"2204674-18700","d02dc63f-663b-465c-8e99-133e530a34f3",NULL,"Pump1",NULL,"4PP-NDE",NULL,"4-PP-RV",NULL,"BroadBand","Envelope Energy","g",NULL,NULL,NULL,NULL,NULL,NULL,NULL,"2026-04-10 07:49:54","2026-04-10 07:49:44","0.042","Unknown","1","J20260411070002B10E553","2026-04-11 07:15:31.376368+00","SOT & WWTP","Building 46","Level 1 South Int","","","","","","","","B10E553","DSM"," Pump NDE"
"82ec85e5a80cf8175aac0bbbf7841e5b","SOT & WWTP/Building 46/Level 1 South Int",NULL,"2204674-12200","920f4ad8-e17b-4e95-bb07-fe8ccfbdeb6a",NULL,"Pump1",NULL,"3PP-DE",NULL,"3-PP-Ax",NULL,"BroadBand","Envelope Energy","g",NULL,NULL,NULL,NULL,NULL,NULL,NULL,"2026-04-10 07:59:41","2026-04-10 07:59:05","0.009","Unknown","1","J20260411070002B10E550","2026-04-11 07:15:15.907019+00","SOT & WWTP","Building 46","Level 1 South Int","","","","","","","","B10E550","DSM"," Pump DE"
"82f08e32932b49dc8eaab8286c1bd4f9","Calpan/Building 12/Level 3/Step 34",NULL,"100-12-34-177-01","4418a4f0-5185-4ca9-8a85-a8ed7d6d8870",NULL,"ElectricMotor1",NULL,"2MT-DE",NULL,"2-MT-RH",NULL,"BandEnergyFromSpectrum","MF RMS Accel","g","AlarmTypeHigh","2.000","1.000","0.500",NULL,NULL,NULL,"2026-04-10 09:27:57","2026-04-10 09:27:57","0.042","Ok","2","J20260411070002B10E325","2026-04-11 07:15:44.90977+00","Calpan","Building 12","Level 3","Step 34","","","","","","","B10E325","DSM"," Motor DE"
"830e84cbfa3993b3a17ae35e59619113","Calpan/Building 12/Level 3/Step 34",NULL,"100-12-34-137-01","6b60b0aa-ef09-4630-b0c3-9a82f9488b6f",NULL,"Shaft1",NULL,"8SH-NDE",NULL,"8-SH-RV",NULL,"Acceleration","Pk-Pk Accel","g","AlarmTypeHigh","6.000","4.000","2.000",NULL,NULL,NULL,"2026-04-10 09:16:58","2026-04-10 09:16:39","0.371","Ok","2","J20260411070002B10E322","2026-04-11 07:16:18.069423+00","Calpan","Building 12","Level 3","Step 34","","","","","","","B10E322","DSM"," Shaft NDE"
"83252b4a2af94a5951f3fe140c6261da","SOT & WWTP/Building 46/Level 1 south Ext",NULL,"2204673-20200","971c1886-fae1-4e46-bdc2-fedaf770dc42",NULL,"Pump1",NULL,"4PP-NDE",NULL,"4-PP-RH",NULL,"BandEnergyFromSpectrum","LF RMS Accel","g","AlarmTypeHigh","0.800","0.400","0.200",NULL,NULL,NULL,"2026-04-10 08:11:00","2026-04-10 08:11:00","0.042","Ok","2","J20260411070002B10E986","2026-04-11 07:16:18.775238+00","SOT & WWTP","Building 46","Level 1 south Ext","","","","","","","","B10E986","DSM"," Pump NDE"
"833f8d8e72fd9585cae55f6196a1ef89","SOT & WWTP/Building 46/Level 1 South Int",NULL,"2204674-25200","8c097769-c06f-45ff-b124-b425f9a07faf",NULL,"LobulusCompressor1",NULL,"3LC-DE",NULL,"3-LC-Ax",NULL,"Acceleration","Pk-Pk Accel","g","AlarmTypeHigh","9.000","6.000","3.000",NULL,NULL,NULL,"2026-04-10 08:05:54","2026-04-10 08:04:21","2.596","Ok","2","J20260411070002B10E556","2026-04-11 07:15:14.724536+00","SOT & WWTP","Building 46","Level 1 South Int","","","","","","","","B10E556","DSM",NULL
"835cbabb048efa7ab776787e9cab30e4","SOT & WWTP/Building 46/Level 1 South Int",NULL,"2204674-25200","8c097769-c06f-45ff-b124-b425f9a07faf",NULL,"ElectricMotor1",NULL,"2MT-DE",NULL,"2-MT-RV",NULL,"BandEnergyFromSpectrum","MF RMS Accel","g","AlarmTypeHigh","2.000","1.000","0.500",NULL,NULL,NULL,"2026-04-10 08:05:54","2026-04-10 08:05:54","0.158","Ok","2","J20260411070002B10E556","2026-04-11 07:15:14.724536+00","SOT & WWTP","Building 46","Level 1 South Int","","","","","","","","B10E556","DSM"," Motor DE"
"836b4c0255748987a79d6a0c2092df83","SOT & WWTP/Building 46/Level 1 South Int",NULL,"2204674-18700","d02dc63f-663b-465c-8e99-133e530a34f3",NULL,"Pump1",NULL,"4PP-NDE",NULL,"4-PP-RV",NULL,"Acceleration","OV Accel","g","AlarmTypeHigh","6.000","3.000","2.000",NULL,NULL,NULL,"2026-04-10 07:49:54","2026-04-10 07:49:50","0.198","Ok","2","J20260411070002B10E553","2026-04-11 07:15:31.376368+00","SOT & WWTP","Building 46","Level 1 South Int","","","","","","","","B10E553","DSM"," Pump NDE"
"8394a16bbbc34f5ed2ec7ded912f859c","Calpan/Building 12/Level 3/Step 34",NULL,"100-12-34-177-01","4418a4f0-5185-4ca9-8a85-a8ed7d6d8870",NULL,"GearBox1",NULL,"3GB-InDE",NULL,"3-GB-Ax",NULL,"BandEnergyFromSpectrum","MF RMS Accel","g","AlarmTypeHigh","2.000","1.000","0.500",NULL,NULL,NULL,"2026-04-10 09:27:57","2026-04-10 09:27:57","0.196","Ok","2","J20260411070002B10E325","2026-04-11 07:15:44.90977+00","Calpan","Building 12","Level 3","Step 34","","","","","","","B10E325","DSM"," Gearbox InDE"
"8395c0e618d0d6987fbe358e027e6d25","Calpan/Building 12/Level 3/Step 34",NULL,"100-12-34-157-01","5d071c42-70ae-41ae-ab75-66543fc85f14",NULL,"ElectricMotor1",NULL,"2MT-DE",NULL,"2-MT-Ax",NULL,"Acceleration","Pk-Pk Accel","g","AlarmTypeHigh","9.000","6.000","3.000",NULL,NULL,NULL,"2026-04-10 09:02:29","2026-04-10 09:01:55","0.930","Ok","2","J20260411070002B10E319","2026-04-11 07:15:15.91658+00","Calpan","Building 12","Level 3","Step 34","","","","","","","B10E319","DSM"," Motor DE"
"83b2e5bf968b52d659250b3419f72cb6","Calpan/Building 12/Level 3/Step 34",NULL,"100-12-34-510-21","61567fca-5d02-4da4-933d-d5959c33b06d",NULL,"ElectricMotor1",NULL,"2MT-DE",NULL,"2-MT-RT",NULL,"VibrationVelocity","OV Vel","mm/s","AlarmTypeHigh","7.100","4.500","2.300",NULL,NULL,NULL,"2026-04-10 08:42:19","2026-04-10 08:42:14","5.330","Alarm","4","J20260411070002B10E303","2026-04-11 07:16:14.211894+00","Calpan","Building 12","Level 3","Step 34","","","","","","","B10E303","DSM",NULL
"83d273ad10adc69da2e22f538acbd0af","SOT & WWTP/Building 32/Ground Level",NULL,"4003245-01030","43aad99e-1dbc-4d74-b061-e10b847dea3e",NULL,"Pump1",NULL,"3PP-DE",NULL,"3-PP-RV",NULL,"Acceleration","Pk-Pk Accel","g","AlarmTypeHigh","9.000","6.000","3.000",NULL,NULL,NULL,"2026-04-10 09:59:58","2026-04-10 09:59:20","6.166","Alarm","4","J20260411070002B10E42","2026-04-11 07:15:44.831133+00","SOT & WWTP","Building 32","Ground Level","","","","","","","","B10E42","DSM"," Pump DE"
"83dfdd22108b855b8c0d9df232c1ec9f","Calpan/Building 12/Level 3/Step 34",NULL,"100-12-34-162-01","1d898064-4876-4e5b-885f-a3ac174fa02b",NULL,"ElectricMotor1",NULL,"1MT-NDE",NULL,"1-MT-RV",NULL,"Acceleration","Pk-Pk Accel","g","AlarmTypeHigh","9.000","6.000","3.000",NULL,NULL,NULL,"2026-04-10 09:18:57","2026-04-10 09:17:37","0.869","Ok","2","J20260411070002B10E324","2026-04-11 07:15:20.786083+00","Calpan","Building 12","Level 3","Step 34","","","","","","","B10E324","DSM"," Motor NDE"
"83e1e539ae7dd3c81cc193300b1dcbbe","Calpan/Building 12/Level 3/Step 34",NULL,"100-12-34-042-01","baa957f8-47b1-4422-b93b-9c0e9c3cf8a3",NULL,"ElectricMotor1",NULL,"1MT-NDE",NULL,"1-MT-RV",NULL,"BandEnergyFromSpectrum","MF Velocity (~3-8X)","mm/s","AlarmTypeHigh","5.000","3.000","1.000",NULL,NULL,NULL,"2026-04-10 09:31:52","2026-04-10 09:31:52","1.495","PreAlarm","3","J20260411070002B10E328","2026-04-11 07:15:17.347474+00","Calpan","Building 12","Level 3","Step 34","","","","","","","B10E328","DSM"," Motor NDE"
"8423a416a0ad30b77a66ff4a3f9aa468","SOT & WWTP/Building 28/Ground Level",NULL,"4002861-50500","4322796b-6387-4da8-b21c-a60391237dcb",NULL,"ElectricMotor1",NULL,"1MT-NDE",NULL,"1-MT-Ax",NULL,"BandEnergyFromSpectrum","MF RMS Accel","g","AlarmTypeHigh","2.000","1.000","0.500",NULL,NULL,NULL,"2026-04-10 09:45:06","2026-04-10 09:45:06","0.238","Ok","2","J20260411070002B10E34","2026-04-11 07:15:46.515864+00","SOT & WWTP","Building 28","Ground Level","","","","","","","","B10E34","DSM"," Motor NDE"
"8433549276910c6cb1ad30c53df88dcc","SOT & WWTP/Building 46/Level 1 south Ext",NULL,"2204673-20200","971c1886-fae1-4e46-bdc2-fedaf770dc42",NULL,"ElectricMotor1",NULL,"1MT-NDE",NULL,"1-MT-RH",NULL,"BandEnergyFromSpectrum","MF RMS Accel","g","AlarmTypeHigh","2.000","1.000","0.500",NULL,NULL,NULL,"2026-04-10 08:11:00","2026-04-10 08:11:00","1.307","Alarm","4","J20260411070002B10E986","2026-04-11 07:16:18.775238+00","SOT & WWTP","Building 46","Level 1 south Ext","","","","","","","","B10E986","DSM"," Motor NDE"
"849456ba8a6514af713951b67e6c531f","SOT & WWTP/Building 46/Level 1 South Int",NULL,"2204674-12200","920f4ad8-e17b-4e95-bb07-fe8ccfbdeb6a",NULL,"Pump1",NULL,"3PP-DE",NULL,"3-PP-Ax",NULL,"BandEnergyFromSpectrum","LF RMS Accel","g","AlarmTypeHigh","0.800","0.400","0.200",NULL,NULL,NULL,"2026-04-10 07:59:41","2026-04-10 07:59:41","0.073","Ok","2","J20260411070002B10E550","2026-04-11 07:15:15.907019+00","SOT & WWTP","Building 46","Level 1 South Int","","","","","","","","B10E550","DSM"," Pump DE"
"84b734f149948dd5d99715d7a67b56e6","Calpan/Building 12/Level 3/Step 34",NULL,"100-12-34-772-01","6b5b6534-5ed7-4bf6-959a-47e0f9d1edb4",NULL,"Pump1",NULL,"3PP-DE",NULL,"3-PP-Ax",NULL,"Acceleration","Pk-Pk Accel","g","AlarmTypeHigh","9.000","6.000","3.000",NULL,NULL,NULL,"2026-04-10 09:25:26","2026-04-10 09:24:06","0.366","Ok","2","J20260411070002B10E326","2026-04-11 07:15:18.100414+00","Calpan","Building 12","Level 3","Step 34","","","","","","","B10E326","DSM"," Pump DE"
"84d7c63fba480aa5c57a0e73e50fb47f","SOT & WWTP/Building 46/Level 1 south Ext",NULL,"2204674-84200","9cd3dcc6-d8f4-42a8-bfd4-4957a1c3d83b",NULL,"Pump1",NULL,"4PP-NDE",NULL,"4-PP-RH",NULL,"BandEnergyFromSpectrum","HF RMS Accel","g","AlarmTypeHigh","6.000","3.000","1.500",NULL,NULL,NULL,"2026-04-10 08:14:32","2026-04-10 08:14:32","0.304","Ok","2","J20260411070002B10E544","2026-04-11 07:15:22.151709+00","SOT & WWTP","Building 46","Level 1 south Ext","","","","","","","","B10E544","DSM"," Pump NDE"
"84dc8b5f557f097fc47ffa47e642f774","SOT & WWTP/Building 32/Ground Level",NULL,"4003245-01070","f0256864-92af-49d6-b5bb-fa91f04642f9",NULL,"ElectricMotor1",NULL,"1MT-NDE",NULL,"1-MT-RH",NULL,"BroadBand","Envelope Energy","g",NULL,NULL,NULL,NULL,NULL,NULL,NULL,"2026-04-10 09:52:07","2026-04-10 09:50:23","0.155","Unknown","1","J20260411070002B10E46","2026-04-11 07:15:22.091584+00","SOT & WWTP","Building 32","Ground Level","","","","","","","","B10E46","DSM"," Motor NDE"
"852334fcf998b0f62751004c6e98f148","SOT & WWTP/Building 46/Level 1 south Ext",NULL,"2204674-85200","44b72af3-d034-498f-8d9f-e5fe074eebbd",NULL,"ElectricMotor1",NULL,"2MT-DE",NULL,"2-MT-Ax",NULL,"Acceleration","OV Accel","g","AlarmTypeHigh","6.000","3.000","2.000",NULL,NULL,NULL,"2026-04-10 08:17:06","2026-04-10 08:16:03","0.061","Ok","2","J20260411070002B10E546","2026-04-11 07:15:28.820148+00","SOT & WWTP","Building 46","Level 1 south Ext","","","","","","","","B10E546","DSM"," Motor DE"
"853187d752648b7a7abed2e65c54be8a","Calpan/Building 12/Level 3/Step 34",NULL,"100-12-34-772-01","6b5b6534-5ed7-4bf6-959a-47e0f9d1edb4",NULL,"Pump1",NULL,"3PP-DE",NULL,"3-PP-Ax",NULL,"BandEnergyFromSpectrum","LF RMS Accel","g","AlarmTypeHigh","0.800","0.400","0.200",NULL,NULL,NULL,"2026-04-10 09:25:26","2026-04-10 09:25:26","0.057","Ok","2","J20260411070002B10E326","2026-04-11 07:15:18.100414+00","Calpan","Building 12","Level 3","Step 34","","","","","","","B10E326","DSM"," Pump DE"
"855fd5d76f169705c0ef228ef29cc6eb","SOT & WWTP/Building 46/Level 1 South Int",NULL,"2204674-12700","5a52a7bb-3ac4-4087-b2ae-b50b8ac5d619",NULL,"ElectricMotor1",NULL,"1MT-NDE",NULL,"1-MT-Ax",NULL,"BroadBand","Envelope Energy","g",NULL,NULL,NULL,NULL,NULL,NULL,NULL,"2026-04-10 07:56:59","2026-04-10 07:55:23","0.001","Unknown","1","J20260411070002B10E551","2026-04-11 07:16:18.755097+00","SOT & WWTP","Building 46","Level 1 South Int","","","","","","","","B10E551","DSM"," Motor NDE"
"85b08f0a2d17d49b621ba0c32797535b","Calpan/Building 12/Level 3/Step 34",NULL,"100-12-34-177-01","4418a4f0-5185-4ca9-8a85-a8ed7d6d8870",NULL,"Shaft1",NULL,"8SH-NDE",NULL,"8-SH-RH",NULL,"VibrationVelocity","OV Vel","mm/s","AlarmTypeHigh","7.100","4.500","2.300",NULL,NULL,NULL,"2026-04-10 09:27:57","2026-04-10 09:27:37","0.671","Ok","2","J20260411070002B10E325","2026-04-11 07:15:44.90977+00","Calpan","Building 12","Level 3","Step 34","","","","","","","B10E325","DSM"," Shaft NDE"
"8612c5e86711b3c8a5a96f826fc06a90","SOT & WWTP/Building 32/Ground Level",NULL,"4003245-01050","c6e1ea8c-b0aa-4ab3-b1ab-4a7c92913666",NULL,"ElectricMotor1",NULL,"1MT-NDE",NULL,"1-MT-RV",NULL,"Acceleration","OV Accel","g","AlarmTypeHigh","6.000","3.000","2.000",NULL,NULL,NULL,"2026-04-10 09:57:30","2026-04-10 09:55:32","0.496","Ok","2","J20260411070002B10E44","2026-04-11 07:16:20.260687+00","SOT & WWTP","Building 32","Ground Level","","","","","","","","B10E44","DSM"," Motor NDE"
"862e532a7c08c7e6cd3ce77ae641a5c2","Calpan/Building 12/Level 3/Step 34",NULL,"100-12-34-177-01","4418a4f0-5185-4ca9-8a85-a8ed7d6d8870",NULL,"ElectricMotor1",NULL,"2MT-DE",NULL,"2-MT-RH",NULL,"BandEnergyFromSpectrum","HF RMS Accel","g","AlarmTypeHigh","6.000","3.000","1.500",NULL,NULL,NULL,"2026-04-10 09:27:57","2026-04-10 09:27:57","0.531","Ok","2","J20260411070002B10E325","2026-04-11 07:15:44.90977+00","Calpan","Building 12","Level 3","Step 34","","","","","","","B10E325","DSM"," Motor DE"
"869159921629f5edce883b446c7584be","SOT & WWTP/Building 46/Level 1 south Ext",NULL,"2204674-84200","9cd3dcc6-d8f4-42a8-bfd4-4957a1c3d83b",NULL,"ElectricMotor1",NULL,"2MT-DE",NULL,"2-MT-Ax",NULL,"BandEnergyFromSpectrum","MF RMS Accel","g","AlarmTypeHigh","2.000","1.000","0.500",NULL,NULL,NULL,"2026-04-10 08:14:32","2026-04-10 08:14:32","0.091","Ok","2","J20260411070002B10E544","2026-04-11 07:15:22.151709+00","SOT & WWTP","Building 46","Level 1 south Ext","","","","","","","","B10E544","DSM"," Motor DE"
"86bdfa879f0d2b0f8ccb879521de60ab","Calpan/Building 12/Level 3/Step 34",NULL,"100-12-34-177-01","4418a4f0-5185-4ca9-8a85-a8ed7d6d8870",NULL,"GearBox1",NULL,"3GB-InDE",NULL,"3-GB-RV",NULL,"Acceleration","OV Accel","g","AlarmTypeHigh","6.000","3.000","2.000",NULL,NULL,NULL,"2026-04-10 09:27:57","2026-04-10 09:20:43","0.142","Ok","2","J20260411070002B10E325","2026-04-11 07:15:44.90977+00","Calpan","Building 12","Level 3","Step 34","","","","","","","B10E325","DSM"," Gearbox InDE"
"8716a9d3ca5108087983e0ce4f784e39","Calpan/Building 12/Level 3/Step 34",NULL,"100-12-34-510-11","551c74fc-55de-40ed-aafc-1e0e6781fdfd",NULL,"GearBox1",NULL,"4GB-InNDE",NULL,"4-GB-RH",NULL,"BandEnergyFromSpectrum","MF Velocity (~3-8X)","mm/s","AlarmTypeHigh","5.000","3.000","1.000",NULL,NULL,NULL,"2026-04-10 08:39:42","2026-04-10 08:39:42","2.210","PreAlarm","3","J20260411070002B10E302","2026-04-11 07:15:16.45472+00","Calpan","Building 12","Level 3","Step 34","","","","","","","B10E302","DSM"," Gearbox InNDE"
"877e4bffcb990f53c0b27f2412ca9a9c","Calpan/Building 12/Level 3/Step 34",NULL,"100-12-34-137-01","6b60b0aa-ef09-4630-b0c3-9a82f9488b6f",NULL,"ElectricMotor1",NULL,"2MT-DE",NULL,"2-MT-RH",NULL,"Acceleration","OV Accel","g","AlarmTypeHigh","6.000","3.000","2.000",NULL,NULL,NULL,"2026-04-10 09:16:58","2026-04-10 09:13:44","1.497","Ok","2","J20260411070002B10E322","2026-04-11 07:16:18.069423+00","Calpan","Building 12","Level 3","Step 34","","","","","","","B10E322","DSM"," Motor DE"
"87805ac3c887f63fd088ad41935c65de","SOT & WWTP/Building 46/Level 1 south Ext",NULL,"2204674-80200","4a5f1f07-5d69-47ff-ad0c-51f038ca26f5",NULL,"Pump1",NULL,"3PP-DE",NULL,"3-PP-RV",NULL,"Acceleration","Pk-Pk Accel","g","AlarmTypeHigh","9.000","6.000","3.000",NULL,NULL,NULL,"2026-04-10 08:33:22","2026-04-10 08:32:56","4.084","PreAlarm","3","J20260411070002B10E540","2026-04-11 07:15:30.329764+00","SOT & WWTP","Building 46","Level 1 south Ext","","","","","","","","B10E540","DSM"," Pump DE"
"87a204bfa83b416a15fbc98f1716b6dd","SOT & WWTP/Building 46/Level 1 south Ext",NULL,"2204673-20200","971c1886-fae1-4e46-bdc2-fedaf770dc42",NULL,"ElectricMotor1",NULL,"1MT-NDE",NULL,"1-MT-RV",NULL,"BroadBand","Envelope Energy","g",NULL,NULL,NULL,NULL,NULL,NULL,NULL,"2026-04-10 08:11:00","2026-04-10 08:09:11","0.004","Unknown","1","J20260411070002B10E986","2026-04-11 07:16:18.775238+00","SOT & WWTP","Building 46","Level 1 south Ext","","","","","","","","B10E986","DSM"," Motor NDE"
"87a3849fe516887035d8dd690f61bf17","SOT & WWTP/Building 46/Level 1 south Ext",NULL,"2204673-20200","971c1886-fae1-4e46-bdc2-fedaf770dc42",NULL,"ElectricMotor1",NULL,"1MT-NDE",NULL,"1-MT-RH",NULL,"BandEnergyFromSpectrum","HF RMS Accel","g","AlarmTypeHigh","6.000","3.000","1.500",NULL,NULL,NULL,"2026-04-10 08:11:00","2026-04-10 08:11:00","0.086","Ok","2","J20260411070002B10E986","2026-04-11 07:16:18.775238+00","SOT & WWTP","Building 46","Level 1 south Ext","","","","","","","","B10E986","DSM"," Motor NDE"
"87ab174faccfd51c418e51d83da90dd3","SOT & WWTP/Building 46/Level 1 South Int",NULL,"2204674-12200","920f4ad8-e17b-4e95-bb07-fe8ccfbdeb6a",NULL,"Pump1",NULL,"3PP-DE",NULL,"3-PP-Ax",NULL,"Acceleration","Pk-Pk Accel","g","AlarmTypeHigh","9.000","6.000","3.000",NULL,NULL,NULL,"2026-04-10 07:59:41","2026-04-10 07:59:12","2.861","Ok","2","J20260411070002B10E550","2026-04-11 07:15:15.907019+00","SOT & WWTP","Building 46","Level 1 South Int","","","","","","","","B10E550","DSM"," Pump DE"
"87ab6a6371c09be84d4da5b766068337","Calpan/Building 12/Level 3/Step 34",NULL,"100-12-34-122-01","2f0c1896-955a-4c2b-b25f-c632bd837c5d",NULL,"ElectricMotor1",NULL,"2MT-DE",NULL,"2-MT-RH",NULL,"BandEnergyFromSpectrum","MF Velocity (~3-8X)","mm/s","AlarmTypeHigh","5.000","3.000","1.000",NULL,NULL,NULL,"2026-04-10 09:11:47","2026-04-10 09:11:47","0.275","Ok","2","J20260411070002B10E320","2026-04-11 07:15:20.786773+00","Calpan","Building 12","Level 3","Step 34","","","","","","","B10E320","DSM"," Motor DE"
"87bb0d9c2493e225c5c68dc09b3485bf","SOT & WWTP/Building 46/Level 1 South Int",NULL,"2204674-18200","ddec0803-5671-4d5f-bcd2-6ad1ec7ba006",NULL,"Pump1",NULL,"4PP-NDE",NULL,"4-PP-Ax",NULL,"VibrationVelocity","OV Vel","mm/s","AlarmTypeHigh","7.100","4.500","2.300",NULL,NULL,NULL,"2026-04-10 07:53:51","2026-04-10 07:53:47","0.469","Ok","2","J20260411070002B10E552","2026-04-11 07:15:30.323513+00","SOT & WWTP","Building 46","Level 1 South Int","","","","","","","","B10E552","DSM"," Pump NDE"
"87c8555180daab56acb90ce44c6bddf7","SOT & WWTP/Building 46/Level 1 south Ext",NULL,"2204674-91700","c5661652-b006-41ac-9678-a9f8cee30d2e",NULL,"ElectricMotor1",NULL,"1MT-NDE",NULL,"1-MT-RH",NULL,"Acceleration","Pk-Pk Accel","g","AlarmTypeHigh","9.000","6.000","3.000",NULL,NULL,NULL,"2026-04-10 08:28:29","2026-04-10 08:27:55","2.177","Ok","2","J20260411070002B10E549","2026-04-11 07:15:44.625996+00","SOT & WWTP","Building 46","Level 1 south Ext","","","","","","","","B10E549","DSM"," Motor NDE"
"87c88d3e0342ac55308b309f2a26bc65","Calpan/Building 12/Level 3/Step 34",NULL,"100-12-34-177-01","4418a4f0-5185-4ca9-8a85-a8ed7d6d8870",NULL,"GearBox1",NULL,"4GB-InNDE",NULL,"4-GB-Ax",NULL,"BroadBand","Envelope Energy","g",NULL,NULL,NULL,NULL,NULL,NULL,NULL,"2026-04-10 09:27:57","2026-04-10 09:20:55","0.007","Unknown","1","J20260411070002B10E325","2026-04-11 07:15:44.90977+00","Calpan","Building 12","Level 3","Step 34","","","","","","","B10E325","DSM"," Gearbox InNDE"
"87d5de32432ee5c401a5d97cc7e97069","Calpan/Building 12/Level 3/Step 34",NULL,"100-12-34-042-01","baa957f8-47b1-4422-b93b-9c0e9c3cf8a3",NULL,"Pump1",NULL,"3PP-DE",NULL,"3-PP-Ax",NULL,"BandEnergyFromSpectrum","MF Velocity (~3-8X)","mm/s","AlarmTypeHigh","5.000","3.000","1.000",NULL,NULL,NULL,"2026-04-10 09:31:52","2026-04-10 09:31:52","0.182","Ok","2","J20260411070002B10E328","2026-04-11 07:15:17.347474+00","Calpan","Building 12","Level 3","Step 34","","","","","","","B10E328","DSM"," Pump DE"
"87e6f11e645f0876c622026ac4c21c32","Calpan/Building 12/Level 3/Step 34",NULL,"100-12-34-122-01","2f0c1896-955a-4c2b-b25f-c632bd837c5d",NULL,"Pump1",NULL,"4PP-NDE",NULL,"4-PP-RV",NULL,"BandEnergyFromSpectrum","MF Velocity (~3-8X)","mm/s","AlarmTypeHigh","5.000","3.000","1.000",NULL,NULL,NULL,"2026-04-10 09:11:47","2026-04-10 09:11:47","2.520","PreAlarm","3","J20260411070002B10E320","2026-04-11 07:15:20.786773+00","Calpan","Building 12","Level 3","Step 34","","","","","","","B10E320","DSM"," Pump NDE"
"8820c544d7bf990c2f1a0fb285049736","Calpan/Building 12/Level 3/Step 34",NULL,"100-12-34-182-01","cb82f5f4-a90f-417b-9120-982c9cc359e8",NULL,"Pump1",NULL,"4PP-NDE",NULL,"4-PP-Ax",NULL,"VibrationVelocity","OV Vel","mm/s","AlarmTypeHigh","7.100","4.500","2.300",NULL,NULL,NULL,"2026-04-10 08:58:11","2026-04-10 08:53:06","2.053","Ok","2","J20260411070002B10E775","2026-04-11 07:15:47.606089+00","Calpan","Building 12","Level 3","Step 34","","","","","","","B10E775","DSM"," Pump NDE"
"8855f9fa6af65e83d4b2d24c882ccc7f","Calpan/Building 12/Level 3/Step 34",NULL,"100-12-34-042-01","baa957f8-47b1-4422-b93b-9c0e9c3cf8a3",NULL,"Pump1",NULL,"3PP-DE",NULL,"3-PP-RH",NULL,"BandEnergyFromSpectrum","MF RMS Accel","g","AlarmTypeHigh","2.000","1.000","0.500",NULL,NULL,NULL,"2026-04-10 09:31:52","2026-04-10 09:31:52","0.306","Ok","2","J20260411070002B10E328","2026-04-11 07:15:17.347474+00","Calpan","Building 12","Level 3","Step 34","","","","","","","B10E328","DSM"," Pump DE"
"88918cae5c2af4bef8a36ae89c88c4f2","Calpan/Building 12/Level 3/Step 34",NULL,"100-12-34-177-01","4418a4f0-5185-4ca9-8a85-a8ed7d6d8870",NULL,"ElectricMotor1",NULL,"2MT-DE",NULL,"2-MT-Ax",NULL,"BandEnergyFromSpectrum","MF RMS Accel","g","AlarmTypeHigh","2.000","1.000","0.500",NULL,NULL,NULL,"2026-04-10 09:27:57","2026-04-10 09:27:57","0.063","Ok","2","J20260411070002B10E325","2026-04-11 07:15:44.90977+00","Calpan","Building 12","Level 3","Step 34","","","","","","","B10E325","DSM"," Motor DE"
"889ff9c649bc5e0f5af09c4e830f52d3","SOT & WWTP/Building 46/Level 1 south Ext",NULL,"2204674-86700","df615b42-35ae-4d9e-8440-ec02f423d24f",NULL,"ElectricMotor1",NULL,"1MT-NDE",NULL,"1-MT-RH",NULL,"VibrationVelocity","OV Vel","mm/s","AlarmTypeHigh","7.100","4.500","2.300",NULL,NULL,NULL,"2026-04-10 08:24:26","2026-04-10 08:22:09","5.407","Alarm","4","J20260411070002B10E886","2026-04-11 07:15:18.11167+00","SOT & WWTP","Building 46","Level 1 south Ext","","","","","","","","B10E886","DSM"," Motor NDE"
"88a7490405ebaa97aba4aa12c9030ae7","SOT & WWTP/Building 46/Level 1 South Int",NULL,"2204674-12200","920f4ad8-e17b-4e95-bb07-fe8ccfbdeb6a",NULL,"ElectricMotor1",NULL,"2MT-DE",NULL,"2-MT-RH",NULL,"BroadBand","Envelope Energy","g",NULL,NULL,NULL,NULL,NULL,NULL,NULL,"2026-04-10 07:59:41","2026-04-10 07:58:37","0.032","Unknown","1","J20260411070002B10E550","2026-04-11 07:15:15.907019+00","SOT & WWTP","Building 46","Level 1 South Int","","","","","","","","B10E550","DSM"," Motor DE"
"88dc4c6a74997092af25e23a5eb2e5c9","Calpan/Building 12/Level 3/Step 34",NULL,"100-12-34-137-01","6b60b0aa-ef09-4630-b0c3-9a82f9488b6f",NULL,"Shaft1",NULL,"8SH-NDE",NULL,"8-SH-RV",NULL,"BandEnergyFromSpectrum","MF RMS Accel","g","AlarmTypeHigh","2.000","1.000","0.500",NULL,NULL,NULL,"2026-04-10 09:16:58","2026-04-10 09:16:58","0.022","Ok","2","J20260411070002B10E322","2026-04-11 07:16:18.069423+00","Calpan","Building 12","Level 3","Step 34","","","","","","","B10E322","DSM"," Shaft NDE"
"893f87d0d65a857d256a50860d7c3f80","SOT & WWTP/Building 46/Level 1 South Int",NULL,"2204674-25200","8c097769-c06f-45ff-b124-b425f9a07faf",NULL,"ElectricMotor1",NULL,"1MT-NDE",NULL,"1-MT-RH",NULL,"Acceleration","OV Accel","g","AlarmTypeHigh","6.000","3.000","2.000",NULL,NULL,NULL,"2026-04-10 08:05:54","2026-04-10 08:03:19","0.522","Ok","2","J20260411070002B10E556","2026-04-11 07:15:14.724536+00","SOT & WWTP","Building 46","Level 1 South Int","","","","","","","","B10E556","DSM"," Motor NDE"
"8940646e1d6501cab0ce1a0c68c8d90c","Calpan/Building 12/Level 3/Step 34",NULL,"100-12-34-122-01","2f0c1896-955a-4c2b-b25f-c632bd837c5d",NULL,"Pump1",NULL,"3PP-DE",NULL,"3-PP-Ax",NULL,"Acceleration","Pk-Pk Accel","g","AlarmTypeHigh","9.000","6.000","3.000",NULL,NULL,NULL,"2026-04-10 09:11:47","2026-04-10 09:09:19","1.808","Ok","2","J20260411070002B10E320","2026-04-11 07:15:20.786773+00","Calpan","Building 12","Level 3","Step 34","","","","","","","B10E320","DSM"," Pump DE"
"894289949bf367214651b349e12421c5","SOT & WWTP/Building 46/Level 1 South Int",NULL,"2204674-12200","920f4ad8-e17b-4e95-bb07-fe8ccfbdeb6a",NULL,"ElectricMotor1",NULL,"1MT-NDE",NULL,"1-MT-Ax",NULL,"BroadBand","Envelope Energy","g",NULL,NULL,NULL,NULL,NULL,NULL,NULL,"2026-04-10 07:59:41","2026-04-10 07:58:07","0.006","Unknown","1","J20260411070002B10E550","2026-04-11 07:15:15.907019+00","SOT & WWTP","Building 46","Level 1 South Int","","","","","","","","B10E550","DSM"," Motor NDE"
"896342134e73b4c1ed01500f09d6132a","SOT & WWTP/Building 32/Ground Level",NULL,"4003245-01060 No.6","6b94553b-624d-41d6-ae32-d3ba7ca02dce",NULL,"Pump1",NULL,"3PP-DE",NULL,"3-PP-RH",NULL,"BandEnergyFromSpectrum","MF Velocity (~3-8X)","mm/s","AlarmTypeHigh","5.000","3.000","1.000",NULL,NULL,NULL,"2026-04-10 09:54:40","2026-04-10 09:54:40","1.863","PreAlarm","3","J20260411070002B10E45","2026-04-11 07:15:28.823432+00","SOT & WWTP","Building 32","Ground Level","","","","","","","","B10E45","DSM"," Pump DE"
"898bf676fdd50bdf32f58b0a13cf71e1","SOT & WWTP/Building 46/Level 1 south Ext",NULL,"2204674-82200","03730490-e586-4775-9f7d-24435dd06cae",NULL,"ElectricMotor1",NULL,"1MT-NDE",NULL,"1-MT-Ax",NULL,"BandEnergyFromSpectrum","MF Velocity (~3-8X)","mm/s","AlarmTypeHigh","5.000","3.000","1.000",NULL,NULL,NULL,"2026-04-10 08:36:06","2026-04-10 08:36:06","1.257","PreAlarm","3","J20260411070002B10E542","2026-04-11 07:15:17.341809+00","SOT & WWTP","Building 46","Level 1 south Ext","","","","","","","","B10E542","DSM"," Motor NDE"
"8a0517578d860112eaa06bc7e70edde5","SOT & WWTP/Building 46/Level 1 south Ext",NULL,"2204674-85200","44b72af3-d034-498f-8d9f-e5fe074eebbd",NULL,"Pump1",NULL,"4PP-NDE",NULL,"4-PP-Ax",NULL,"BandEnergyFromSpectrum","MF RMS Accel","g","AlarmTypeHigh","2.000","1.000","0.500",NULL,NULL,NULL,"2026-04-10 08:17:06","2026-04-10 08:17:06","0.084","Ok","2","J20260411070002B10E546","2026-04-11 07:15:28.820148+00","SOT & WWTP","Building 46","Level 1 south Ext","","","","","","","","B10E546","DSM"," Pump NDE"
"8a080789f40050a4ce89a5ea88e7e622","SOT & WWTP/Building 46/Level 1 south Ext",NULL,"2204673-20200","971c1886-fae1-4e46-bdc2-fedaf770dc42",NULL,"Pump1",NULL,"4PP-NDE",NULL,"4-PP-RV",NULL,"Acceleration","Pk-Pk Accel","g","AlarmTypeHigh","9.000","6.000","3.000",NULL,NULL,NULL,"2026-04-10 08:11:00","2026-04-10 08:10:54","2.032","Ok","2","J20260411070002B10E986","2026-04-11 07:16:18.775238+00","SOT & WWTP","Building 46","Level 1 south Ext","","","","","","","","B10E986","DSM"," Pump NDE"
"8a5bea5e2c2f694faaaf49766fd0c313","SOT & WWTP/Building 46/Level 1 south Ext",NULL,"2204673-20200","971c1886-fae1-4e46-bdc2-fedaf770dc42",NULL,"ElectricMotor1",NULL,"2MT-DE",NULL,"2-MT-RV",NULL,"BroadBand","Envelope Energy","g",NULL,NULL,NULL,NULL,NULL,NULL,NULL,"2026-04-10 08:11:00","2026-04-10 08:09:43","0.022","Unknown","1","J20260411070002B10E986","2026-04-11 07:16:18.775238+00","SOT & WWTP","Building 46","Level 1 south Ext","","","","","","","","B10E986","DSM"," Motor DE"
"8a78993169ba7f82638607b29b273b9d","SOT & WWTP/Building 46/Level 1 south Ext",NULL,"2204673-65200","8f669413-f706-47d4-92c1-000af5b89657",NULL,"Pump1",NULL,"4PP-NDE",NULL,"4-PP-RV",NULL,"VibrationVelocity","OV Vel","mm/s","AlarmTypeHigh","7.100","4.500","2.300",NULL,NULL,NULL,"2026-04-10 07:45:56","2026-04-10 07:45:47","0.436","Ok","2","J20260411070002B10E960","2026-04-11 07:15:31.403974+00","SOT & WWTP","Building 46","Level 1 south Ext","","","","","","","","B10E960","DSM"," Pump NDE"
"8a877b4e89919d6eff6795055b6f996d","SOT & WWTP/Building 46/Level 1 south Ext",NULL,"2204673-20200","971c1886-fae1-4e46-bdc2-fedaf770dc42",NULL,"Pump1",NULL,"3PP-DE",NULL,"3-PP-RV",NULL,"BandEnergyFromSpectrum","MF RMS Accel","g","AlarmTypeHigh","2.000","1.000","0.500",NULL,NULL,NULL,"2026-04-10 08:11:00","2026-04-10 08:11:00","0.389","Ok","2","J20260411070002B10E986","2026-04-11 07:16:18.775238+00","SOT & WWTP","Building 46","Level 1 south Ext","","","","","","","","B10E986","DSM"," Pump DE"
"8a8f81f46a65bc9a11086e4c8efa3bf5","Calpan/Building 12/Level 3/Step 34",NULL,"100-12-34-182-01","cb82f5f4-a90f-417b-9120-982c9cc359e8",NULL,"ElectricMotor1",NULL,"1MT-NDE",NULL,"1-MT-RH",NULL,"BandEnergyFromSpectrum","MF RMS Accel","g","AlarmTypeHigh","2.000","1.000","0.500",NULL,NULL,NULL,"2026-04-10 08:58:11","2026-04-10 08:58:11","0.318","Ok","2","J20260411070002B10E775","2026-04-11 07:15:47.606089+00","Calpan","Building 12","Level 3","Step 34","","","","","","","B10E775","DSM"," Motor NDE"
"8abab69d71d4600031d9fcee32c383b2","SOT & WWTP/Building 46/Level 1 South Int",NULL,"2204674-25200","8c097769-c06f-45ff-b124-b425f9a07faf",NULL,"LobulusCompressor1",NULL,"6LC-NDE",NULL,"6-LC-RH",NULL,"BandEnergyFromSpectrum","MF Velocity (~3-8X)","mm/s","AlarmTypeHigh","5.000","3.000","1.000",NULL,NULL,NULL,"2026-04-10 08:05:54","2026-04-10 08:05:54","0.081","Ok","2","J20260411070002B10E556","2026-04-11 07:15:14.724536+00","SOT & WWTP","Building 46","Level 1 South Int","","","","","","","","B10E556","DSM",NULL
"8aedf70e6fddd9c5920053977215b5f0","SOT & WWTP/Building 46/Level 1 south Ext",NULL,"2204673-64200","1183b785-83bc-4239-9fd1-4c4e5ad0d5f0",NULL,"ElectricMotor1",NULL,"2MT-DE",NULL,"2-MT-Ax",NULL,"VibrationVelocity","OV Vel","mm/s","AlarmTypeHigh","7.100","4.500","2.300",NULL,NULL,NULL,"2026-04-10 07:43:24","2026-04-10 07:41:46","6.693","Alarm","4","J20260411070002B10E958","2026-04-11 07:15:31.367013+00","SOT & WWTP","Building 46","Level 1 south Ext","","","","","","","","B10E958","DSM"," Motor DE"
"8b2431d2900f49545d85d3dfe2ad4451","Calpan/Building 12/Level 3/Step 34",NULL,"100-12-34-452-01","95d59ee7-03e4-4a9e-b4c3-1eb0f2b52d18",NULL,"Pump1",NULL,"3PP-DE",NULL,"3-PP-RH",NULL,"BandEnergyFromSpectrum","MF RMS Accel","g","AlarmTypeHigh","2.000","1.000","0.500",NULL,NULL,NULL,"2026-04-10 08:47:51","2026-04-10 08:47:51","0.276","Ok","2","J20260411070002B10E313","2026-04-11 07:15:22.026089+00","Calpan","Building 12","Level 3","Step 34","","","","","","","B10E313","DSM"," Pump DE"
"8b9f8d0ad2359959ec3280fcbc535409","SOT & WWTP/Building 46/Level 1 south Ext",NULL,"2204674-84200","9cd3dcc6-d8f4-42a8-bfd4-4957a1c3d83b",NULL,"Pump1",NULL,"4PP-NDE",NULL,"4-PP-RH",NULL,"BroadBand","Envelope Energy","g",NULL,NULL,NULL,NULL,NULL,NULL,NULL,"2026-04-10 08:14:32","2026-04-10 08:14:22","0.145","Unknown","1","J20260411070002B10E544","2026-04-11 07:15:22.151709+00","SOT & WWTP","Building 46","Level 1 south Ext","","","","","","","","B10E544","DSM"," Pump NDE"
"8bc69ff60d27cbd0e8c5ca63b7adf602","Calpan/Building 12/Level 3/Step 34",NULL,"100-12-34-052-01","4e95bfc9-5c27-4ef2-8f21-e1680ea3525a",NULL,"Pump1",NULL,"4PP-NDE",NULL,"4-PP-RV",NULL,"Acceleration","OV Accel","g","AlarmTypeHigh","6.000","3.000","2.000",NULL,NULL,NULL,"2026-04-10 09:35:03","2026-04-10 09:33:49","0.095","Ok","2","J20260411070002B10E329","2026-04-11 07:16:20.032019+00","Calpan","Building 12","Level 3","Step 34","","","","","","","B10E329","DSM"," Pump NDE"
"8c08f50b0e423c4ba5f6c9b6d50c5f06","SOT & WWTP/Building 46/Level 1 south Ext",NULL,"2204673-20200","971c1886-fae1-4e46-bdc2-fedaf770dc42",NULL,"Pump1",NULL,"4PP-NDE",NULL,"4-PP-Ax",NULL,"BandEnergyFromSpectrum","HF RMS Accel","g","AlarmTypeHigh","6.000","3.000","1.500",NULL,NULL,NULL,"2026-04-10 08:11:00","2026-04-10 08:11:00","0.012","Ok","2","J20260411070002B10E986","2026-04-11 07:16:18.775238+00","SOT & WWTP","Building 46","Level 1 south Ext","","","","","","","","B10E986","DSM"," Pump NDE"
"8c3af4939d00c79e20da54571899666d","SOT & WWTP/Building 46/Level 1 south Ext",NULL,"2204673-64200","1183b785-83bc-4239-9fd1-4c4e5ad0d5f0",NULL,"Pump1",NULL,"3PP-DE",NULL,"3-PP-Ax",NULL,"BandEnergyFromSpectrum","LF RMS Accel","g","AlarmTypeHigh","0.800","0.400","0.200",NULL,NULL,NULL,"2026-04-10 07:43:24","2026-04-10 07:43:24","0.028","Ok","2","J20260411070002B10E958","2026-04-11 07:15:31.367013+00","SOT & WWTP","Building 46","Level 1 south Ext","","","","","","","","B10E958","DSM"," Pump DE"
"8c6e1fab0f71861a6989a96fc5455a51","Calpan/Building 12/Level 2/Step 34",NULL,"100-12-34-442-01","10694b53-68ec-4cc5-ba70-011ea9cfc8cb",NULL,"Pump1",NULL,"4PP-NDE",NULL,"4-PP-RH",NULL,"BandEnergyFromSpectrum","MF Velocity (~3-8X)","mm/s","AlarmTypeHigh","5.000","3.000","1.000",NULL,NULL,NULL,"2026-04-10 07:04:28","2026-04-10 07:04:28","0.321","Ok","2","J20260411070002B10E108","2026-04-11 07:15:30.283493+00","Calpan","Building 12","Level 2","Step 34","","","","","","","B10E108","DSM"," Pump NDE"
"8ca2664a75ab7bc6f7d32b3274b407ca","SOT & WWTP/Building 32/Ground Level",NULL,"4003245-01050","c6e1ea8c-b0aa-4ab3-b1ab-4a7c92913666",NULL,"Pump1",NULL,"3PP-DE",NULL,"3-PP-RH",NULL,"BroadBand","Envelope Energy","g",NULL,NULL,NULL,NULL,NULL,NULL,NULL,"2026-04-10 09:57:30","2026-04-10 09:56:34","1.855","Unknown","1","J20260411070002B10E44","2026-04-11 07:16:20.260687+00","SOT & WWTP","Building 32","Ground Level","","","","","","","","B10E44","DSM"," Pump DE"
"8cb9b4261941e90a755517bdcdf6880d","SOT & WWTP/Building 46/Level 1 south Ext",NULL,"2204674-86700","df615b42-35ae-4d9e-8440-ec02f423d24f",NULL,"ElectricMotor1",NULL,"2MT-DE",NULL,"2-MT-RH",NULL,"VibrationVelocity","OV Vel","mm/s","AlarmTypeHigh","7.100","4.500","2.300",NULL,NULL,NULL,"2026-04-10 08:24:26","2026-04-10 08:23:33","6.115","Alarm","4","J20260411070002B10E886","2026-04-11 07:15:18.11167+00","SOT & WWTP","Building 46","Level 1 south Ext","","","","","","","","B10E886","DSM"," Motor DE"
"8d0e9a73500b8d39a979afcdab5d7183","SOT & WWTP/Building 46/Level 1 South Int",NULL,"2204674-18200","ddec0803-5671-4d5f-bcd2-6ad1ec7ba006",NULL,"Pump1",NULL,"4PP-NDE",NULL,"4-PP-Ax",NULL,"BandEnergyFromSpectrum","MF Velocity (~3-8X)","mm/s","AlarmTypeHigh","5.000","3.000","1.000",NULL,NULL,NULL,"2026-04-10 07:53:51","2026-04-10 07:53:51","0.321","Ok","2","J20260411070002B10E552","2026-04-11 07:15:30.323513+00","SOT & WWTP","Building 46","Level 1 South Int","","","","","","","","B10E552","DSM"," Pump NDE"
"8d1c0ab9b5ba56f038b2cddce766fb26","SOT & WWTP/Building 32/Ground Level",NULL,"4003245-01050","c6e1ea8c-b0aa-4ab3-b1ab-4a7c92913666",NULL,"Pump1",NULL,"4PP-NDE",NULL,"4-PP-RV",NULL,"BandEnergyFromSpectrum","MF RMS Accel","g","AlarmTypeHigh","2.000","1.000","0.500",NULL,NULL,NULL,"2026-04-10 09:57:30","2026-04-10 09:57:30","0.812","PreAlarm","3","J20260411070002B10E44","2026-04-11 07:16:20.260687+00","SOT & WWTP","Building 32","Ground Level","","","","","","","","B10E44","DSM"," Pump NDE"
"8d32d1d2aad9385f142cf16b2013f1c8","Calpan/Building 12/Level 3/Step 34",NULL,"100-12-34-052-01","4e95bfc9-5c27-4ef2-8f21-e1680ea3525a",NULL,"Pump1",NULL,"4PP-NDE",NULL,"4-PP-Ax",NULL,"VibrationVelocity","OV Vel","mm/s","AlarmTypeHigh","7.100","4.500","2.300",NULL,NULL,NULL,"2026-04-10 09:35:03","2026-04-10 09:33:49","0.995","Ok","2","J20260411070002B10E329","2026-04-11 07:16:20.032019+00","Calpan","Building 12","Level 3","Step 34","","","","","","","B10E329","DSM"," Pump NDE"
"8d44e970c33751bd0170b21677d9ac50","Calpan/Building 12/Level 3/Step 34",NULL,"100-12-34-510-11","551c74fc-55de-40ed-aafc-1e0e6781fdfd",NULL,"GearBox1",NULL,"4GB-InNDE",NULL,"4-GB-RH",NULL,"BroadBand","Envelope Energy","g",NULL,NULL,NULL,NULL,NULL,NULL,NULL,"2026-04-10 08:39:42","2026-04-10 08:37:34","0.048","Unknown","1","J20260411070002B10E302","2026-04-11 07:15:16.45472+00","Calpan","Building 12","Level 3","Step 34","","","","","","","B10E302","DSM"," Gearbox InNDE"
"8d46022a6f72eb6370e6bf150dee8ad6","SOT & WWTP/Building 46/Level 1 south Ext",NULL,"2204674-85200","44b72af3-d034-498f-8d9f-e5fe074eebbd",NULL,"ElectricMotor1",NULL,"1MT-NDE",NULL,"1-MT-Ax",NULL,"Acceleration","Pk-Pk Accel","g","AlarmTypeHigh","9.000","6.000","3.000",NULL,NULL,NULL,"2026-04-10 08:17:06","2026-04-10 08:15:38","0.326","Ok","2","J20260411070002B10E546","2026-04-11 07:15:28.820148+00","SOT & WWTP","Building 46","Level 1 south Ext","","","","","","","","B10E546","DSM"," Motor NDE"
"8d6afbc44f38b0c3f4d7b96028f3e4f9","SOT & WWTP/Building 46/Level 1 south Ext",NULL,"2204674-86700","df615b42-35ae-4d9e-8440-ec02f423d24f",NULL,"ElectricMotor1",NULL,"1MT-NDE",NULL,"1-MT-RH",NULL,"Acceleration","Pk-Pk Accel","g","AlarmTypeHigh","9.000","6.000","3.000",NULL,NULL,NULL,"2026-04-10 08:24:26","2026-04-10 08:22:09","17.273","Danger","5","J20260411070002B10E886","2026-04-11 07:15:18.11167+00","SOT & WWTP","Building 46","Level 1 south Ext","","","","","","","","B10E886","DSM"," Motor NDE"
"8d830e724107511f47cd8e0e30a5d65e","SOT & WWTP/Building 46/Level 1 South Int",NULL,"2204674-12200","920f4ad8-e17b-4e95-bb07-fe8ccfbdeb6a",NULL,"ElectricMotor1",NULL,"1MT-NDE",NULL,"1-MT-Ax",NULL,"VibrationVelocity","OV Vel","mm/s","AlarmTypeHigh","7.100","4.500","2.300",NULL,NULL,NULL,"2026-04-10 07:59:41","2026-04-10 07:58:11","2.763","PreAlarm","3","J20260411070002B10E550","2026-04-11 07:15:15.907019+00","SOT & WWTP","Building 46","Level 1 South Int","","","","","","","","B10E550","DSM"," Motor NDE"
"8d839fd08a0ab12f6ba9033b4b137e57","SOT & WWTP/Building 46/Level 1 south Ext",NULL,"2204673-20200","971c1886-fae1-4e46-bdc2-fedaf770dc42",NULL,"ElectricMotor1",NULL,"2MT-DE",NULL,"2-MT-RV",NULL,"BandEnergyFromSpectrum","LF RMS Accel","g","AlarmTypeHigh","0.800","0.400","0.200",NULL,NULL,NULL,"2026-04-10 08:11:00","2026-04-10 08:11:00","0.025","Ok","2","J20260411070002B10E986","2026-04-11 07:16:18.775238+00","SOT & WWTP","Building 46","Level 1 south Ext","","","","","","","","B10E986","DSM"," Motor DE"
"8dcc531f2545a3646251908b8792bc80","SOT & WWTP/Building 28/Ground Level",NULL,"4002861-50500","4322796b-6387-4da8-b21c-a60391237dcb",NULL,"Pump1",NULL,"4PP-NDE",NULL,"4-PP-RH",NULL,"BandEnergyFromSpectrum","LF RMS Accel","g","AlarmTypeHigh","0.800","0.400","0.200",NULL,NULL,NULL,"2026-04-10 09:45:06","2026-04-10 09:45:06","0.068","Ok","2","J20260411070002B10E34","2026-04-11 07:15:46.515864+00","SOT & WWTP","Building 28","Ground Level","","","","","","","","B10E34","DSM"," Pump NDE"
"8e13b10f7365e0a6e0badf73940b97f0","SOT & WWTP/Building 32/Ground Level",NULL,"4003245-01070","f0256864-92af-49d6-b5bb-fa91f04642f9",NULL,"ElectricMotor1",NULL,"2MT-DE",NULL,"2-MT-Ax",NULL,"BandEnergyFromSpectrum","MF RMS Accel","g","AlarmTypeHigh","2.000","1.000","0.500",NULL,NULL,NULL,"2026-04-10 09:52:07","2026-04-10 09:52:07","0.039","Ok","2","J20260411070002B10E46","2026-04-11 07:15:22.091584+00","SOT & WWTP","Building 32","Ground Level","","","","","","","","B10E46","DSM"," Motor DE"
"8e472e521f9f6881b487cdbfe70ac527","SOT & WWTP/Building 46/Level 1 south Ext",NULL,"2204673-65200","8f669413-f706-47d4-92c1-000af5b89657",NULL,"Pump1",NULL,"3PP-DE",NULL,"3-PP-RV",NULL,"VibrationVelocity","OV Vel","mm/s","AlarmTypeHigh","7.100","4.500","2.300",NULL,NULL,NULL,"2026-04-10 07:45:56","2026-04-10 07:45:16","0.516","Ok","2","J20260411070002B10E960","2026-04-11 07:15:31.403974+00","SOT & WWTP","Building 46","Level 1 south Ext","","","","","","","","B10E960","DSM"," Pump DE"
"8f11f077d5e596b3f406ac76181125c9","Calpan/Building 12/Level 3/Step 34",NULL,"100-12-34-042-01","baa957f8-47b1-4422-b93b-9c0e9c3cf8a3",NULL,"Pump1",NULL,"4PP-NDE",NULL,"4-PP-RV",NULL,"BandEnergyFromSpectrum","MF RMS Accel","g","AlarmTypeHigh","2.000","1.000","0.500",NULL,NULL,NULL,"2026-04-10 09:31:52","2026-04-10 09:31:52","0.038","Ok","2","J20260411070002B10E328","2026-04-11 07:15:17.347474+00","Calpan","Building 12","Level 3","Step 34","","","","","","","B10E328","DSM"," Pump NDE"
"8f3b7151d8ea0385bd10485ff613ecc6","SOT & WWTP/Building 46/Level 1 south Ext",NULL,"2204673-64200","1183b785-83bc-4239-9fd1-4c4e5ad0d5f0",NULL,"ElectricMotor1",NULL,"2MT-DE",NULL,"2-MT-RV",NULL,"BandEnergyFromSpectrum","MF Velocity (~3-8X)","mm/s","AlarmTypeHigh","5.000","3.000","1.000",NULL,NULL,NULL,"2026-04-10 07:43:24","2026-04-10 07:43:24","2.063","PreAlarm","3","J20260411070002B10E958","2026-04-11 07:15:31.367013+00","SOT & WWTP","Building 46","Level 1 south Ext","","","","","","","","B10E958","DSM"," Motor DE"
"8f727512cd53f7177a2c95793fc6030b","Calpan/Building 12/Level 3/Step 34",NULL,"100-12-34-122-01","2f0c1896-955a-4c2b-b25f-c632bd837c5d",NULL,"ElectricMotor1",NULL,"2MT-DE",NULL,"2-MT-RV",NULL,"Acceleration","OV Accel","g","AlarmTypeHigh","6.000","3.000","2.000",NULL,NULL,NULL,"2026-04-10 09:11:47","2026-04-10 09:08:48","0.134","Ok","2","J20260411070002B10E320","2026-04-11 07:15:20.786773+00","Calpan","Building 12","Level 3","Step 34","","","","","","","B10E320","DSM"," Motor DE"
"8f9cc8a22d7bea3f0cb1f63a24226c23","SOT & WWTP/Building 32/Ground Level",NULL,"4003245-01050","c6e1ea8c-b0aa-4ab3-b1ab-4a7c92913666",NULL,"Pump1",NULL,"3PP-DE",NULL,"3-PP-RV",NULL,"Acceleration","Pk-Pk Accel","g","AlarmTypeHigh","9.000","6.000","3.000",NULL,NULL,NULL,"2026-04-10 09:57:30","2026-04-10 09:56:41","23.710","Danger","5","J20260411070002B10E44","2026-04-11 07:16:20.260687+00","SOT & WWTP","Building 32","Ground Level","","","","","","","","B10E44","DSM"," Pump DE"
"8faf526e35b67d7df591c458bc1e2a9a","Calpan/Building 12/Level 3/Step 34",NULL,"100-12-34-510-11","551c74fc-55de-40ed-aafc-1e0e6781fdfd",NULL,"ElectricMotor1",NULL,"1MT-NDE",NULL,"1-MT-Ax",NULL,"BandEnergyFromSpectrum","HF RMS Accel","g","AlarmTypeHigh","6.000","3.000","1.500",NULL,NULL,NULL,"2026-04-10 08:39:42","2026-04-10 08:39:42","0.149","Ok","2","J20260411070002B10E302","2026-04-11 07:15:16.45472+00","Calpan","Building 12","Level 3","Step 34","","","","","","","B10E302","DSM"," Motor NDE"
"01d123d101ff2f376da69c76d634566c","Fire Pumps",NULL,"Internal After Fire Pump","c706d65c-a78f-4fb0-9716-ca233e3dd7a5",NULL,"Pump1",NULL,"3PP-DE",NULL,"3-PP-Ax",NULL,"PeakValueFromSpectrum","1X Vel","mm/s","AlarmTypeHigh","6.400","4.000","2.000",NULL,NULL,NULL,"2024-07-15 14:06:44","2024-07-15 14:06:44","1.080","Ok","2","J20241129000000B8E33","2025-10-20 13:04:46.652362+00","Fire Pumps","","","","","","","","","","B8E33","Helix Seawell"," Pump DE"
"8fd288bc0f6d9a13310a78e2eb3ae3bc","SOT & WWTP/Building 46/Level 1 south Ext",NULL,"2204674-84200","9cd3dcc6-d8f4-42a8-bfd4-4957a1c3d83b",NULL,"ElectricMotor1",NULL,"2MT-DE",NULL,"2-MT-RH",NULL,"BandEnergyFromSpectrum","MF Velocity (~3-8X)","mm/s","AlarmTypeHigh","5.000","3.000","1.000",NULL,NULL,NULL,"2026-04-10 08:14:32","2026-04-10 08:14:32","0.094","Ok","2","J20260411070002B10E544","2026-04-11 07:15:22.151709+00","SOT & WWTP","Building 46","Level 1 south Ext","","","","","","","","B10E544","DSM"," Motor DE"
"8fec409ff98d313b1d6da73a97c6d6e2","SOT & WWTP/Building 46/Level 1 south Ext",NULL,"2204673-64200","1183b785-83bc-4239-9fd1-4c4e5ad0d5f0",NULL,"Pump1",NULL,"3PP-DE",NULL,"3-PP-RV",NULL,"BandEnergyFromSpectrum","MF RMS Accel","g","AlarmTypeHigh","2.000","1.000","0.500",NULL,NULL,NULL,"2026-04-10 07:43:24","2026-04-10 07:43:24","0.231","Ok","2","J20260411070002B10E958","2026-04-11 07:15:31.367013+00","SOT & WWTP","Building 46","Level 1 south Ext","","","","","","","","B10E958","DSM"," Pump DE"
"8ff4864f742f9fb00e0cadc25756e19f","SOT & WWTP/Building 46/Level 1 south Ext",NULL,"2204673-20200","971c1886-fae1-4e46-bdc2-fedaf770dc42",NULL,"ElectricMotor1",NULL,"1MT-NDE",NULL,"1-MT-Ax",NULL,"BandEnergyFromSpectrum","MF Velocity (~3-8X)","mm/s","AlarmTypeHigh","5.000","3.000","1.000",NULL,NULL,NULL,"2026-04-10 08:11:00","2026-04-10 08:11:00","0.476","Ok","2","J20260411070002B10E986","2026-04-11 07:16:18.775238+00","SOT & WWTP","Building 46","Level 1 south Ext","","","","","","","","B10E986","DSM"," Motor NDE"
"901f58113dc0a1a92dea66d4723d8256","SOT & WWTP/Building 28/Ground Level",NULL,"4002861-50500","4322796b-6387-4da8-b21c-a60391237dcb",NULL,"ElectricMotor1",NULL,"1MT-NDE",NULL,"1-MT-Ax",NULL,"Acceleration","Pk-Pk Accel","g","AlarmTypeHigh","9.000","6.000","3.000",NULL,NULL,NULL,"2026-04-10 09:45:06","2026-04-10 09:42:38","0.893","Ok","2","J20260411070002B10E34","2026-04-11 07:15:46.515864+00","SOT & WWTP","Building 28","Ground Level","","","","","","","","B10E34","DSM"," Motor NDE"
"903fd15298572bdf0e23ac4eae3dc166","Calpan/Building 12/Level 3/Step 34",NULL,"100-12-34-137-01","6b60b0aa-ef09-4630-b0c3-9a82f9488b6f",NULL,"ElectricMotor1",NULL,"1MT-NDE",NULL,"1-MT-Ax",NULL,"BandEnergyFromSpectrum","LF RMS Accel","g","AlarmTypeHigh","0.800","0.400","0.200",NULL,NULL,NULL,"2026-04-10 09:16:58","2026-04-10 09:16:58","0.014","Ok","2","J20260411070002B10E322","2026-04-11 07:16:18.069423+00","Calpan","Building 12","Level 3","Step 34","","","","","","","B10E322","DSM"," Motor NDE"
"905d32a4f68111314b94707e3bb6fd48","SOT & WWTP/Building 32/Ground Level",NULL,"4003245-01050","c6e1ea8c-b0aa-4ab3-b1ab-4a7c92913666",NULL,"ElectricMotor1",NULL,"1MT-NDE",NULL,"1-MT-Ax",NULL,"BandEnergyFromSpectrum","MF RMS Accel","g","AlarmTypeHigh","2.000","1.000","0.500",NULL,NULL,NULL,"2026-04-10 09:57:30","2026-04-10 09:57:30","0.111","Ok","2","J20260411070002B10E44","2026-04-11 07:16:20.260687+00","SOT & WWTP","Building 32","Ground Level","","","","","","","","B10E44","DSM"," Motor NDE"
"90820f861ab2fbb5148e70e632caf13e","SOT & WWTP/Building 46/Level 1 South Int",NULL,"2204674-18700","d02dc63f-663b-465c-8e99-133e530a34f3",NULL,"ElectricMotor1",NULL,"2MT-DE",NULL,"2-MT-RV",NULL,"BandEnergyFromSpectrum","MF Velocity (~3-8X)","mm/s","AlarmTypeHigh","5.000","3.000","1.000",NULL,NULL,NULL,"2026-04-10 07:49:54","2026-04-10 07:49:54","0.471","Ok","2","J20260411070002B10E553","2026-04-11 07:15:31.376368+00","SOT & WWTP","Building 46","Level 1 South Int","","","","","","","","B10E553","DSM"," Motor DE"
"90d27c5aaa09ba82d19cd9c7cf84d39e","SOT & WWTP/Building 46/Level 1 south Ext",NULL,"2204674-85200","44b72af3-d034-498f-8d9f-e5fe074eebbd",NULL,"Pump1",NULL,"4PP-NDE",NULL,"4-PP-RV",NULL,"BandEnergyFromSpectrum","HF RMS Accel","g","AlarmTypeHigh","6.000","3.000","1.500",NULL,NULL,NULL,"2026-04-10 08:17:06","2026-04-10 08:17:06","0.048","Ok","2","J20260411070002B10E546","2026-04-11 07:15:28.820148+00","SOT & WWTP","Building 46","Level 1 south Ext","","","","","","","","B10E546","DSM"," Pump NDE"
"9122de9d477beb4fae4dc5585b20dfa3","SOT & WWTP/Building 28/Ground Level",NULL,"4002861-50500","4322796b-6387-4da8-b21c-a60391237dcb",NULL,"Pump1",NULL,"3PP-DE",NULL,"3-PP-RV",NULL,"BandEnergyFromSpectrum","HF RMS Accel","g","AlarmTypeHigh","6.000","3.000","1.500",NULL,NULL,NULL,"2026-04-10 09:45:06","2026-04-10 09:45:06","0.407","Ok","2","J20260411070002B10E34","2026-04-11 07:15:46.515864+00","SOT & WWTP","Building 28","Ground Level","","","","","","","","B10E34","DSM"," Pump DE"
"9209bceacdae82bf2ea41c05f5ceaf09","Calpan/Building 12/Level 3/Step 34",NULL,"100-12-34-772-01","6b5b6534-5ed7-4bf6-959a-47e0f9d1edb4",NULL,"Pump1",NULL,"4PP-NDE",NULL,"4-PP-RV",NULL,"VibrationVelocity","OV Vel","mm/s","AlarmTypeHigh","7.100","4.500","2.300",NULL,NULL,NULL,"2026-04-10 09:25:26","2026-04-10 09:24:28","1.629","Ok","2","J20260411070002B10E326","2026-04-11 07:15:18.100414+00","Calpan","Building 12","Level 3","Step 34","","","","","","","B10E326","DSM"," Pump NDE"
"9210252da4de99f2a604f966d872ee47","Calpan/Building 12/Level 3/Step 34",NULL,"100-12-34-177-01","4418a4f0-5185-4ca9-8a85-a8ed7d6d8870",NULL,"ElectricMotor1",NULL,"1MT-NDE",NULL,"1-MT-RV",NULL,"VibrationVelocity","OV Vel","mm/s","AlarmTypeHigh","7.100","4.500","2.300",NULL,NULL,NULL,"2026-04-10 09:27:57","2026-04-10 09:19:56","1.528","Ok","2","J20260411070002B10E325","2026-04-11 07:15:44.90977+00","Calpan","Building 12","Level 3","Step 34","","","","","","","B10E325","DSM"," Motor NDE"
"921813a4788d08c12b4d94d9440f9395","SOT & WWTP/Building 28/Ground Level",NULL,"4002861-50500","4322796b-6387-4da8-b21c-a60391237dcb",NULL,"ElectricMotor1",NULL,"1MT-NDE",NULL,"1-MT-RH",NULL,"Acceleration","OV Accel","g","AlarmTypeHigh","6.000","3.000","2.000",NULL,NULL,NULL,"2026-04-10 09:45:06","2026-04-10 09:42:37","1.779","Ok","2","J20260411070002B10E34","2026-04-11 07:15:46.515864+00","SOT & WWTP","Building 28","Ground Level","","","","","","","","B10E34","DSM"," Motor NDE"
"922c49f9f71152246ac927a9772987ec","Calpan/Building 12/Level 3/Step 34",NULL,"100-12-34-599-01","ed08d57e-d030-4584-ba5c-b8e95227ae28",NULL,"ElectricMotor1",NULL,"1MT-NDE",NULL,"1-MT-RH",NULL,"Acceleration","OV Accel","g","AlarmTypeHigh","6.000","3.000","2.000",NULL,NULL,NULL,"2026-04-10 08:44:35","2026-04-10 08:43:58","0.288","Ok","2","J20260411070002B10E305","2026-04-11 07:15:28.836543+00","Calpan","Building 12","Level 3","Step 34","","","","","","","B10E305","DSM"," Motor NDE"
"923b50a3e8ea63c7f4444ec4e7dcdf01","SOT & WWTP/Building 46/Level 1 south Ext",NULL,"2204673-64200","1183b785-83bc-4239-9fd1-4c4e5ad0d5f0",NULL,"ElectricMotor1",NULL,"2MT-DE",NULL,"2-MT-RH",NULL,"BandEnergyFromSpectrum","MF Velocity (~3-8X)","mm/s","AlarmTypeHigh","5.000","3.000","1.000",NULL,NULL,NULL,"2026-04-10 07:43:24","2026-04-10 07:43:24","2.995","PreAlarm","3","J20260411070002B10E958","2026-04-11 07:15:31.367013+00","SOT & WWTP","Building 46","Level 1 south Ext","","","","","","","","B10E958","DSM"," Motor DE"
"923e6d956a2f8ecf77354487a0344963","Calpan/Building 12/Level 3/Step 34",NULL,"100-12-34-452-01","95d59ee7-03e4-4a9e-b4c3-1eb0f2b52d18",NULL,"Pump1",NULL,"4PP-NDE",NULL,"4-PP-RH",NULL,"VibrationVelocity","OV Vel","mm/s","AlarmTypeHigh","7.100","4.500","2.300",NULL,NULL,NULL,"2026-04-10 08:47:51","2026-04-10 08:47:42","1.185","Ok","2","J20260411070002B10E313","2026-04-11 07:15:22.026089+00","Calpan","Building 12","Level 3","Step 34","","","","","","","B10E313","DSM"," Pump NDE"
"928225286e196578413d92576664fc2c","SOT & WWTP/Building 28/Ground Level",NULL,"4002861-50500","4322796b-6387-4da8-b21c-a60391237dcb",NULL,"ElectricMotor1",NULL,"2MT-DE",NULL,"2-MT-RV",NULL,"BandEnergyFromSpectrum","LF RMS Accel","g","AlarmTypeHigh","0.800","0.400","0.200",NULL,NULL,NULL,"2026-04-10 09:45:06","2026-04-10 09:45:06","0.020","Ok","2","J20260411070002B10E34","2026-04-11 07:15:46.515864+00","SOT & WWTP","Building 28","Ground Level","","","","","","","","B10E34","DSM"," Motor DE"
"928e5e087751abafeb613e027c49ac4a","Calpan/Building 12/Level 3/Step 34",NULL,"100-12-34-177-01","4418a4f0-5185-4ca9-8a85-a8ed7d6d8870",NULL,"ElectricMotor1",NULL,"2MT-DE",NULL,"2-MT-Ax",NULL,"BandEnergyFromSpectrum","MF Velocity (~3-8X)","mm/s","AlarmTypeHigh","5.000","3.000","1.000",NULL,NULL,NULL,"2026-04-10 09:27:57","2026-04-10 09:27:57","0.153","Ok","2","J20260411070002B10E325","2026-04-11 07:15:44.90977+00","Calpan","Building 12","Level 3","Step 34","","","","","","","B10E325","DSM"," Motor DE"
"92a9a88d26f14fba60d9894a86c3849f","SOT & WWTP/Building 46/Level 1 South Int",NULL,"2204674-18700","d02dc63f-663b-465c-8e99-133e530a34f3",NULL,"ElectricMotor1",NULL,"2MT-DE",NULL,"2-MT-RH",NULL,"BandEnergyFromSpectrum","HF RMS Accel","g","AlarmTypeHigh","6.000","3.000","1.500",NULL,NULL,NULL,"2026-04-10 07:49:54","2026-04-10 07:49:54","0.168","Ok","2","J20260411070002B10E553","2026-04-11 07:15:31.376368+00","SOT & WWTP","Building 46","Level 1 South Int","","","","","","","","B10E553","DSM"," Motor DE"
"92e277d57651530bfc1469b6fa72899a","Calpan/Building 12/Level 2/Step 34",NULL,"100-12-34-442-01","10694b53-68ec-4cc5-ba70-011ea9cfc8cb",NULL,"Pump1",NULL,"3PP-DE",NULL,"3-PP-RV",NULL,"BandEnergyFromSpectrum","MF RMS Accel","g","AlarmTypeHigh","2.000","1.000","0.500",NULL,NULL,NULL,"2026-04-10 07:04:28","2026-04-10 07:04:28","0.282","Ok","2","J20260411070002B10E108","2026-04-11 07:15:30.283493+00","Calpan","Building 12","Level 2","Step 34","","","","","","","B10E108","DSM"," Pump DE"
"93115711d0de437a7b5d305e48356988","SOT & WWTP/Building 46/Level 1 South Int",NULL,"2204674-18700","d02dc63f-663b-465c-8e99-133e530a34f3",NULL,"ElectricMotor1",NULL,"2MT-DE",NULL,"2-MT-RH",NULL,"BandEnergyFromSpectrum","LF RMS Accel","g","AlarmTypeHigh","0.800","0.400","0.200",NULL,NULL,NULL,"2026-04-10 07:49:54","2026-04-10 07:49:54","0.023","Ok","2","J20260411070002B10E553","2026-04-11 07:15:31.376368+00","SOT & WWTP","Building 46","Level 1 South Int","","","","","","","","B10E553","DSM"," Motor DE"
"900afc87182de755406a981be098bf9f","Calpan/Building 12/Level 3/Step 32",NULL,"100-12-32-142-01","eefbb2b9-3bbd-4a72-968e-91890e653b39",NULL,"ElectricMotor1",NULL,"2MT-DE",NULL,"2-MT-RH",NULL,"Acceleration","OV Accel","g","AlarmTypeHigh","6.000","3.000","2.000",NULL,NULL,NULL,"2026-04-14 11:58:36","2026-04-14 11:58:26","0.140","Ok","2","J20260415070003B10E307","2026-04-15 07:15:43.36656+00","Calpan","Building 12","Level 3","Step 32","","","","","","","B10E307","DSM"," Motor DE"
"935b80a705461188894d1f5a7d125b62","SOT & WWTP/Building 46/Level 1 South Int",NULL,"2204674-18700","d02dc63f-663b-465c-8e99-133e530a34f3",NULL,"ElectricMotor1",NULL,"2MT-DE",NULL,"2-MT-RV",NULL,"BandEnergyFromSpectrum","MF RMS Accel","g","AlarmTypeHigh","2.000","1.000","0.500",NULL,NULL,NULL,"2026-04-10 07:49:54","2026-04-10 07:49:54","0.241","Ok","2","J20260411070002B10E553","2026-04-11 07:15:31.376368+00","SOT & WWTP","Building 46","Level 1 South Int","","","","","","","","B10E553","DSM"," Motor DE"
"938fa737334a47838c7d86147543d1d7","SOT & WWTP/Building 46/Level 1 south Ext",NULL,"2204674-80200","4a5f1f07-5d69-47ff-ad0c-51f038ca26f5",NULL,"Pump1",NULL,"4PP-NDE",NULL,"4-PP-RH",NULL,"VibrationVelocity","OV Vel","mm/s","AlarmTypeHigh","7.100","4.500","2.300",NULL,NULL,NULL,"2026-04-10 08:33:22","2026-04-10 08:33:18","0.872","Ok","2","J20260411070002B10E540","2026-04-11 07:15:30.329764+00","SOT & WWTP","Building 46","Level 1 south Ext","","","","","","","","B10E540","DSM"," Pump NDE"
"93daee6d762f0ebd35a7118c2799453c","Calpan/Building 12/Level 3/Step 34",NULL,"100-12-34-122-01","2f0c1896-955a-4c2b-b25f-c632bd837c5d",NULL,"ElectricMotor1",NULL,"2MT-DE",NULL,"2-MT-Ax",NULL,"Acceleration","Pk-Pk Accel","g","AlarmTypeHigh","9.000","6.000","3.000",NULL,NULL,NULL,"2026-04-10 09:11:47","2026-04-10 09:08:51","1.082","Ok","2","J20260411070002B10E320","2026-04-11 07:15:20.786773+00","Calpan","Building 12","Level 3","Step 34","","","","","","","B10E320","DSM"," Motor DE"
"93fcf6690e352bd82bbcebdb2bc4acbb","Calpan/Building 12/Level 3/Step 34",NULL,"100-12-34-510-21","61567fca-5d02-4da4-933d-d5959c33b06d",NULL,"ElectricMotor1",NULL,"2MT-DE",NULL,"2-MT-Ax",NULL,"PeakValueFromSpectrum","2X Vel","mm/s","AlarmTypeHigh","2.800","1.800","0.900",NULL,NULL,NULL,"2026-04-10 08:42:19","2026-04-10 08:42:19","0.584","Ok","2","J20260411070002B10E303","2026-04-11 07:16:14.211894+00","Calpan","Building 12","Level 3","Step 34","","","","","","","B10E303","DSM"," Motor DE"
"9485c842b446979ebc76486157bfbecb","Calpan/Building 12/Level 3/Step 34",NULL,"100-12-34-042-01","baa957f8-47b1-4422-b93b-9c0e9c3cf8a3",NULL,"ElectricMotor1",NULL,"2MT-DE",NULL,"2-MT-RV",NULL,"BroadBand","Envelope Energy","g",NULL,NULL,NULL,NULL,NULL,NULL,NULL,"2026-04-10 09:31:52","2026-04-10 09:30:47","0.005","Unknown","1","J20260411070002B10E328","2026-04-11 07:15:17.347474+00","Calpan","Building 12","Level 3","Step 34","","","","","","","B10E328","DSM"," Motor DE"
"9499cbb0297ed6984e56533da08e21e9","Calpan/Building 12/Level 3/Step 34",NULL,"100-12-34-122-01","2f0c1896-955a-4c2b-b25f-c632bd837c5d",NULL,"ElectricMotor1",NULL,"1MT-NDE",NULL,"1-MT-RV",NULL,"BandEnergyFromSpectrum","MF RMS Accel","g","AlarmTypeHigh","2.000","1.000","0.500",NULL,NULL,NULL,"2026-04-10 09:11:47","2026-04-10 09:11:47","0.117","Ok","2","J20260411070002B10E320","2026-04-11 07:15:20.786773+00","Calpan","Building 12","Level 3","Step 34","","","","","","","B10E320","DSM"," Motor NDE"
"94b91b011b7ea3dca01b116dca9accdd","SOT & WWTP/Building 46/Level 1 south Ext",NULL,"2204673-20200","971c1886-fae1-4e46-bdc2-fedaf770dc42",NULL,"Pump1",NULL,"3PP-DE",NULL,"3-PP-RH",NULL,"BandEnergyFromSpectrum","MF RMS Accel","g","AlarmTypeHigh","2.000","1.000","0.500",NULL,NULL,NULL,"2026-04-10 08:11:00","2026-04-10 08:11:00","0.127","Ok","2","J20260411070002B10E986","2026-04-11 07:16:18.775238+00","SOT & WWTP","Building 46","Level 1 south Ext","","","","","","","","B10E986","DSM"," Pump DE"
"94f98dea552a74d96e720eaf06a256fc","Calpan/Building 12/Level 3/Step 34",NULL,"100-12-34-137-01","6b60b0aa-ef09-4630-b0c3-9a82f9488b6f",NULL,"ElectricMotor1",NULL,"2MT-DE",NULL,"2-MT-Ax",NULL,"BandEnergyFromSpectrum","HF RMS Accel","g","AlarmTypeHigh","6.000","3.000","1.500",NULL,NULL,NULL,"2026-04-10 09:16:58","2026-04-10 09:16:58","0.092","Ok","2","J20260411070002B10E322","2026-04-11 07:16:18.069423+00","Calpan","Building 12","Level 3","Step 34","","","","","","","B10E322","DSM"," Motor DE"
"9521f2b0f7c0e8630de3a870965b53d4","SOT & WWTP/Building 46/Level 1 south Ext",NULL,"2204673-65200","8f669413-f706-47d4-92c1-000af5b89657",NULL,"ElectricMotor1",NULL,"2MT-DE",NULL,"2-MT-RV",NULL,"BandEnergyFromSpectrum","MF RMS Accel","g","AlarmTypeHigh","2.000","1.000","0.500",NULL,NULL,NULL,"2026-04-10 07:45:56","2026-04-10 07:45:56","0.245","Ok","2","J20260411070002B10E960","2026-04-11 07:15:31.403974+00","SOT & WWTP","Building 46","Level 1 south Ext","","","","","","","","B10E960","DSM"," Motor DE"
"954de54ee28a877b992977b6df9d435d","Calpan/Building 12/Level 3/Step 34",NULL,"100-12-34-177-01","4418a4f0-5185-4ca9-8a85-a8ed7d6d8870",NULL,"ElectricMotor1",NULL,"1MT-NDE",NULL,"1-MT-Ax",NULL,"Acceleration","Pk-Pk Accel","g","AlarmTypeHigh","9.000","6.000","3.000",NULL,NULL,NULL,"2026-04-10 09:27:57","2026-04-10 09:19:58","0.851","Ok","2","J20260411070002B10E325","2026-04-11 07:15:44.90977+00","Calpan","Building 12","Level 3","Step 34","","","","","","","B10E325","DSM"," Motor NDE"
"958854ac8cfe82c7c6c46f20f79e5734","SOT & WWTP/Building 32/Ground Level",NULL,"4003245-01070","f0256864-92af-49d6-b5bb-fa91f04642f9",NULL,"ElectricMotor1",NULL,"2MT-DE",NULL,"2-MT-RH",NULL,"Acceleration","OV Accel","g","AlarmTypeHigh","6.000","3.000","2.000",NULL,NULL,NULL,"2026-04-10 09:52:07","2026-04-10 09:50:56","0.621","Ok","2","J20260411070002B10E46","2026-04-11 07:15:22.091584+00","SOT & WWTP","Building 32","Ground Level","","","","","","","","B10E46","DSM"," Motor DE"
"95d71bcd4f067e91e84ccaa3dc816851","SOT & WWTP/Building 46/Level 1 south Ext",NULL,"2204673-65200","8f669413-f706-47d4-92c1-000af5b89657",NULL,"ElectricMotor1",NULL,"1MT-NDE",NULL,"1-MT-Ax",NULL,"BandEnergyFromSpectrum","MF Velocity (~3-8X)","mm/s","AlarmTypeHigh","5.000","3.000","1.000",NULL,NULL,NULL,"2026-04-10 07:45:56","2026-04-10 07:45:56","0.188","Ok","2","J20260411070002B10E960","2026-04-11 07:15:31.403974+00","SOT & WWTP","Building 46","Level 1 south Ext","","","","","","","","B10E960","DSM"," Motor NDE"
"95f62ffb650a5b15b8a064130286be16","Calpan/Building 12/Level 3/Step 34",NULL,"100-12-34-510-11","551c74fc-55de-40ed-aafc-1e0e6781fdfd",NULL,"ElectricMotor1",NULL,"1MT-NDE",NULL,"1-MT-RH",NULL,"BroadBand","Envelope Energy","g",NULL,NULL,NULL,NULL,NULL,NULL,NULL,"2026-04-10 08:39:42","2026-04-10 08:36:16","0.052","Unknown","1","J20260411070002B10E302","2026-04-11 07:15:16.45472+00","Calpan","Building 12","Level 3","Step 34","","","","","","","B10E302","DSM"," Motor NDE"
"966a41851165a5ef5ca1b22e17de2738","SOT & WWTP/Building 46/Level 1 South Int",NULL,"2204674-12700","5a52a7bb-3ac4-4087-b2ae-b50b8ac5d619",NULL,"Pump1",NULL,"4PP-NDE",NULL,"4-PP-RV",NULL,"BroadBand","Envelope Energy","g",NULL,NULL,NULL,NULL,NULL,NULL,NULL,"2026-04-10 07:56:59","2026-04-10 07:56:49","0.012","Unknown","1","J20260411070002B10E551","2026-04-11 07:16:18.755097+00","SOT & WWTP","Building 46","Level 1 South Int","","","","","","","","B10E551","DSM"," Pump NDE"
"968035fedd45da8de7178d8ff3c920e5","SOT & WWTP/Building 46/Level 1 south Ext",NULL,"2204673-20200","971c1886-fae1-4e46-bdc2-fedaf770dc42",NULL,"ElectricMotor1",NULL,"1MT-NDE",NULL,"1-MT-RV",NULL,"Acceleration","OV Accel","g","AlarmTypeHigh","6.000","3.000","2.000",NULL,NULL,NULL,"2026-04-10 08:11:00","2026-04-10 08:09:13","0.373","Ok","2","J20260411070002B10E986","2026-04-11 07:16:18.775238+00","SOT & WWTP","Building 46","Level 1 south Ext","","","","","","","","B10E986","DSM"," Motor NDE"
"96c1b89aa4e2e24fac8c2b4176ad2122","SOT & WWTP/Building 46/Level 1 south Ext",NULL,"2204674-84200","9cd3dcc6-d8f4-42a8-bfd4-4957a1c3d83b",NULL,"ElectricMotor1",NULL,"1MT-NDE",NULL,"1-MT-RV",NULL,"Acceleration","Pk-Pk Accel","g","AlarmTypeHigh","9.000","6.000","3.000",NULL,NULL,NULL,"2026-04-10 08:14:32","2026-04-10 08:12:57","0.896","Ok","2","J20260411070002B10E544","2026-04-11 07:15:22.151709+00","SOT & WWTP","Building 46","Level 1 south Ext","","","","","","","","B10E544","DSM"," Motor NDE"
"9703d8385ac78dbf5b5c6a9c2af0e887","SOT & WWTP/Building 46/Level 1 South Int",NULL,"2204674-25200","8c097769-c06f-45ff-b124-b425f9a07faf",NULL,"LobulusCompressor1",NULL,"5LC-DE",NULL,"5-LC-Ax",NULL,"BandEnergyFromSpectrum","LF RMS Accel","g","AlarmTypeHigh","0.800","0.400","0.200",NULL,NULL,NULL,"2026-04-10 08:05:54","2026-04-10 08:05:54","0.060","Ok","2","J20260411070002B10E556","2026-04-11 07:15:14.724536+00","SOT & WWTP","Building 46","Level 1 South Int","","","","","","","","B10E556","DSM",NULL
"9711cbc059268729a86113d2cec56a2e","SOT & WWTP/Building 32/Ground Level",NULL,"4003245-01060 No.6","6b94553b-624d-41d6-ae32-d3ba7ca02dce",NULL,"Pump1",NULL,"3PP-DE",NULL,"3-PP-RH",NULL,"BandEnergyFromSpectrum","HF RMS Accel","g","AlarmTypeHigh","6.000","3.000","1.500",NULL,NULL,NULL,"2026-04-10 09:54:40","2026-04-10 09:54:40","0.834","Ok","2","J20260411070002B10E45","2026-04-11 07:15:28.823432+00","SOT & WWTP","Building 32","Ground Level","","","","","","","","B10E45","DSM"," Pump DE"
"9716ee86f31bc3fd08bfc6f3503d0c1a","Calpan/Building 12/Level 3/Step 34",NULL,"100-12-34-452-01","95d59ee7-03e4-4a9e-b4c3-1eb0f2b52d18",NULL,"Pump1",NULL,"3PP-DE",NULL,"3-PP-RV",NULL,"BandEnergyFromSpectrum","HF RMS Accel","g","AlarmTypeHigh","6.000","3.000","1.500",NULL,NULL,NULL,"2026-04-10 08:47:51","2026-04-10 08:47:51","0.051","Ok","2","J20260411070002B10E313","2026-04-11 07:15:22.026089+00","Calpan","Building 12","Level 3","Step 34","","","","","","","B10E313","DSM"," Pump DE"
"9717f2761b61cba7b54dba2b11f7cdc3","SOT & WWTP/Building 46/Level 1 South Int",NULL,"2204674-12200","920f4ad8-e17b-4e95-bb07-fe8ccfbdeb6a",NULL,"ElectricMotor1",NULL,"2MT-DE",NULL,"2-MT-RV",NULL,"BroadBand","Envelope Energy","g",NULL,NULL,NULL,NULL,NULL,NULL,NULL,"2026-04-10 07:59:41","2026-04-10 07:58:37","0.007","Unknown","1","J20260411070002B10E550","2026-04-11 07:15:15.907019+00","SOT & WWTP","Building 46","Level 1 South Int","","","","","","","","B10E550","DSM"," Motor DE"
"9722babd86c65f1b4e9373393e49bb10","SOT & WWTP/Building 32/Ground Level",NULL,"4003245-01060 No.6","6b94553b-624d-41d6-ae32-d3ba7ca02dce",NULL,"ElectricMotor1",NULL,"2MT-DE",NULL,"2-MT-RV",NULL,"BroadBand","Envelope Energy","g",NULL,NULL,NULL,NULL,NULL,NULL,NULL,"2026-04-10 09:54:40","2026-04-10 09:53:29","0.217","Unknown","1","J20260411070002B10E45","2026-04-11 07:15:28.823432+00","SOT & WWTP","Building 32","Ground Level","","","","","","","","B10E45","DSM"," Motor DE"
"972c889d7bb3013ca2b2c8fb7de77ef9","SOT & WWTP/Building 46/Level 1 South Int",NULL,"2204674-12200","920f4ad8-e17b-4e95-bb07-fe8ccfbdeb6a",NULL,"ElectricMotor1",NULL,"1MT-NDE",NULL,"1-MT-RH",NULL,"Acceleration","Pk-Pk Accel","g","AlarmTypeHigh","9.000","6.000","3.000",NULL,NULL,NULL,"2026-04-10 07:59:41","2026-04-10 07:58:14","2.016","Ok","2","J20260411070002B10E550","2026-04-11 07:15:15.907019+00","SOT & WWTP","Building 46","Level 1 South Int","","","","","","","","B10E550","DSM"," Motor NDE"
"97378c4441670d13a8b91ff357cea8ca","Calpan/Building 12/Level 3/Step 34",NULL,"100-12-34-177-01","4418a4f0-5185-4ca9-8a85-a8ed7d6d8870",NULL,"GearBox1",NULL,"4GB-InNDE",NULL,"4-GB-Ax",NULL,"VibrationVelocity","OV Vel","mm/s","AlarmTypeHigh","7.100","4.500","2.300",NULL,NULL,NULL,"2026-04-10 09:27:57","2026-04-10 09:21:01","0.506","Ok","2","J20260411070002B10E325","2026-04-11 07:15:44.90977+00","Calpan","Building 12","Level 3","Step 34","","","","","","","B10E325","DSM"," Gearbox InNDE"
"975e6fb4c6e0eeaf8f1e4a4b54580511","SOT & WWTP/Building 46/Level 1 south Ext",NULL,"2204674-82200","03730490-e586-4775-9f7d-24435dd06cae",NULL,"ElectricMotor1",NULL,"2MT-DE",NULL,"2-MT-Ax",NULL,"Acceleration","Pk-Pk Accel","g","AlarmTypeHigh","9.000","6.000","3.000",NULL,NULL,NULL,"2026-04-10 08:36:06","2026-04-10 08:35:07","1.323","Ok","2","J20260411070002B10E542","2026-04-11 07:15:17.341809+00","SOT & WWTP","Building 46","Level 1 south Ext","","","","","","","","B10E542","DSM"," Motor DE"
"976536e9a2d949ad73ad47e3ac547cda","SOT & WWTP/Building 32/Ground Level",NULL,"4003245-01030","43aad99e-1dbc-4d74-b061-e10b847dea3e",NULL,"ElectricMotor1",NULL,"2MT-DE",NULL,"2-MT-RV",NULL,"BandEnergyFromSpectrum","MF RMS Accel","g","AlarmTypeHigh","2.000","1.000","0.500",NULL,NULL,NULL,"2026-04-10 09:59:58","2026-04-10 09:59:58","0.472","Ok","2","J20260411070002B10E42","2026-04-11 07:15:44.831133+00","SOT & WWTP","Building 32","Ground Level","","","","","","","","B10E42","DSM"," Motor DE"
"97b211d0fda9254933772efa5f3f7cd1","Calpan/Building 12/Level 3/Step 34",NULL,"100-12-34-112-01","6ede0422-81cb-4ec5-a1c5-1d25b11af911",NULL,"Pump1",NULL,"4PP-NDE",NULL,"4-PP-Ax",NULL,"BandEnergyFromSpectrum","MF RMS Accel","g","AlarmTypeHigh","2.000","1.000","0.500",NULL,NULL,NULL,"2026-04-10 09:38:31","2026-04-10 09:38:31","0.035","Ok","2","J20260411070002B10E332","2026-04-11 07:16:22.283852+00","Calpan","Building 12","Level 3","Step 34","","","","","","","B10E332","DSM"," Pump NDE"
"97c212156e3191684f9394f49eec882b","SOT & WWTP/Building 46/Level 1 south Ext",NULL,"2204674-82200","03730490-e586-4775-9f7d-24435dd06cae",NULL,"ElectricMotor1",NULL,"2MT-DE",NULL,"2-MT-Ax",NULL,"VibrationVelocity","OV Vel","mm/s","AlarmTypeHigh","7.100","4.500","2.300",NULL,NULL,NULL,"2026-04-10 08:36:06","2026-04-10 08:35:04","0.778","Ok","2","J20260411070002B10E542","2026-04-11 07:15:17.341809+00","SOT & WWTP","Building 46","Level 1 south Ext","","","","","","","","B10E542","DSM"," Motor DE"
"980bcc990037280da576e6d82ba9ec1a","Calpan/Building 12/Level 3/Step 34",NULL,"100-12-34-042-01","baa957f8-47b1-4422-b93b-9c0e9c3cf8a3",NULL,"Pump1",NULL,"3PP-DE",NULL,"3-PP-RH",NULL,"BandEnergyFromSpectrum","MF Velocity (~3-8X)","mm/s","AlarmTypeHigh","5.000","3.000","1.000",NULL,NULL,NULL,"2026-04-10 09:31:52","2026-04-10 09:31:52","0.717","Ok","2","J20260411070002B10E328","2026-04-11 07:15:17.347474+00","Calpan","Building 12","Level 3","Step 34","","","","","","","B10E328","DSM"," Pump DE"
"983ea773b246151e4a024d11a1577203","SOT & WWTP/Building 46/Level 1 south Ext",NULL,"2204673-65200","8f669413-f706-47d4-92c1-000af5b89657",NULL,"ElectricMotor1",NULL,"2MT-DE",NULL,"2-MT-RH",NULL,"Acceleration","OV Accel","g","AlarmTypeHigh","6.000","3.000","2.000",NULL,NULL,NULL,"2026-04-10 07:45:56","2026-04-10 07:44:42","0.192","Ok","2","J20260411070002B10E960","2026-04-11 07:15:31.403974+00","SOT & WWTP","Building 46","Level 1 south Ext","","","","","","","","B10E960","DSM"," Motor DE"
"986ace5eba572ef79be960e93f00734d","Calpan/Building 12/Level 3/Step 34",NULL,"100-12-34-122-01","2f0c1896-955a-4c2b-b25f-c632bd837c5d",NULL,"Pump1",NULL,"3PP-DE",NULL,"3-PP-RV",NULL,"BandEnergyFromSpectrum","MF RMS Accel","g","AlarmTypeHigh","2.000","1.000","0.500",NULL,NULL,NULL,"2026-04-10 09:11:47","2026-04-10 09:11:47","0.543","PreAlarm","3","J20260411070002B10E320","2026-04-11 07:15:20.786773+00","Calpan","Building 12","Level 3","Step 34","","","","","","","B10E320","DSM"," Pump DE"
"987b766a6f0053974ef67d316a46a74e","Calpan/Building 12/Level 3/Step 34",NULL,"100-12-34-599-01","ed08d57e-d030-4584-ba5c-b8e95227ae28",NULL,"ElectricMotor1",NULL,"1MT-NDE",NULL,"1-MT-Ax",NULL,"BandEnergyFromSpectrum","MF Velocity (~3-8X)","mm/s","AlarmTypeHigh","5.000","3.000","1.000",NULL,NULL,NULL,"2026-04-10 08:44:35","2026-04-10 08:44:35","0.236","Ok","2","J20260411070002B10E305","2026-04-11 07:15:28.836543+00","Calpan","Building 12","Level 3","Step 34","","","","","","","B10E305","DSM"," Motor NDE"
"98ae4a482e7ffbdc2ff2eee054dee646","SOT & WWTP/Building 32/Ground Level",NULL,"4003245-01030","43aad99e-1dbc-4d74-b061-e10b847dea3e",NULL,"ElectricMotor1",NULL,"2MT-DE",NULL,"2-MT-Ax",NULL,"BandEnergyFromSpectrum","HF RMS Accel","g","AlarmTypeHigh","6.000","3.000","1.500",NULL,NULL,NULL,"2026-04-10 09:59:58","2026-04-10 09:59:58","0.086","Ok","2","J20260411070002B10E42","2026-04-11 07:15:44.831133+00","SOT & WWTP","Building 32","Ground Level","","","","","","","","B10E42","DSM"," Motor DE"
"98cd049725790351fb6a7b2835782556","SOT & WWTP/Building 46/Level 1 South Int",NULL,"2204674-12200","920f4ad8-e17b-4e95-bb07-fe8ccfbdeb6a",NULL,"Pump1",NULL,"3PP-DE",NULL,"3-PP-Ax",NULL,"VibrationVelocity","OV Vel","mm/s","AlarmTypeHigh","7.100","4.500","2.300",NULL,NULL,NULL,"2026-04-10 07:59:41","2026-04-10 07:59:11","2.812","PreAlarm","3","J20260411070002B10E550","2026-04-11 07:15:15.907019+00","SOT & WWTP","Building 46","Level 1 South Int","","","","","","","","B10E550","DSM"," Pump DE"
"98e4b7bd64cbc2ff979193afb7ee26f7","SOT & WWTP/Building 32/Ground Level",NULL,"4003245-01070","f0256864-92af-49d6-b5bb-fa91f04642f9",NULL,"Pump1",NULL,"4PP-NDE",NULL,"4-PP-RH",NULL,"VibrationVelocity","OV Vel","mm/s","AlarmTypeHigh","7.100","4.500","2.300",NULL,NULL,NULL,"2026-04-10 09:52:07","2026-04-10 09:52:03","4.039","PreAlarm","3","J20260411070002B10E46","2026-04-11 07:15:22.091584+00","SOT & WWTP","Building 32","Ground Level","","","","","","","","B10E46","DSM"," Pump NDE"
"98fafac5f27558843a1a15674419e2fc","Calpan/Building 12/Level 3/Step 34",NULL,"100-12-34-162-01","1d898064-4876-4e5b-885f-a3ac174fa02b",NULL,"ElectricMotor1",NULL,"1MT-NDE",NULL,"1-MT-RH",NULL,"Acceleration","OV Accel","g","AlarmTypeHigh","6.000","3.000","2.000",NULL,NULL,NULL,"2026-04-10 09:18:57","2026-04-10 09:17:34","0.128","Ok","2","J20260411070002B10E324","2026-04-11 07:15:20.786083+00","Calpan","Building 12","Level 3","Step 34","","","","","","","B10E324","DSM"," Motor NDE"
