machine_guid,machine,component,bearing,point,parameter,type,unit,months_of_data,total_readings,baseline_avg,smart_warning,smart_alarm,stable,stability_note,slope_per_month_pct,trend_p_value,iso_pre_alarm,iso_alarm,iso_danger
8f669413-f706-47d4-92c1-000af5b89657,2204673-65200,Pump1,3PP-DE,3-PP-Ax,HF RMS Accel,BandEnergyFromSpectrum,g,6,39,0.016651,,,False,"Unstable (increasing trend, slope=6.1%/month, p=0.000) — ISO alarms remain active",6.14,0.00034,1.5,3.0,6.0
03730490-e586-4775-9f7d-24435dd06cae,2204674-82200,Pump1,4PP-NDE,4-PP-RH,Pk-Pk Accel,Acceleration,g,6,37,2.589116,3.3659,3.8837,True,Stable baseline,1.75,0.17183,3.0,6.0,9.0
10694b53-68ec-4cc5-ba70-011ea9cfc8cb,100-12-34-442-01,ElectricMotor1,1MT-NDE,1-MT-Ax,MF Velocity (~3-8X),BandEnergyFromSpectrum,mm/s,6,58,0.342563,0.4453,0.5138,True,Stable baseline,-2.01,0.03506,1.0,3.0,5.0
6b5b6534-5ed7-4bf6-959a-47e0f9d1edb4,100-12-34-772-01,ElectricMotor1,1MT-NDE,1-MT-RV,HF RMS Accel,BandEnergyFromSpectrum,g,6,32,0.004909,,,False,"Unstable (increasing trend, slope=6.4%/month, p=0.000) — ISO alarms remain active",6.37,0.00012,1.5,3.0,6.0
2f0c1896-955a-4c2b-b25f-c632bd837c5d,100-12-34-122-01,ElectricMotor1,1MT-NDE,1-MT-RV,HF RMS Accel,BandEnergyFromSpectrum,g,6,46,0.018558,0.0241,0.0278,True,Stable baseline,1.33,0.13033,1.5,3.0,6.0
03730490-e586-4775-9f7d-24435dd06cae,2204674-82200,Pump1,3PP-DE,3-PP-RV,OV Accel,Acceleration,g,6,45,0.381169,0.4955,0.5718,True,Stable baseline,0.84,0.59236,2.0,3.0,6.0
03730490-e586-4775-9f7d-24435dd06cae,2204674-82200,ElectricMotor1,1MT-NDE,1-MT-RH,OV Accel,Acceleration,g,1,7,,,,,Insufficient data: 1 months (need 3),,,2.0,3.0,6.0
6ede0422-81cb-4ec5-a1c5-1d25b11af911,100-12-34-112-01,ElectricMotor1,1MT-NDE,1-MT-RH,Pk-Pk Accel,Acceleration,g,6,58,0.722753,,,False,"Unstable (increasing trend, slope=6.3%/month, p=0.001) — ISO alarms remain active",6.26,0.00064,3.0,6.0,9.0
920f4ad8-e17b-4e95-bb07-fe8ccfbdeb6a,2204674-12200,Pump1,4PP-NDE,4-PP-Ax,LF RMS Accel,BandEnergyFromSpectrum,g,6,47,0.075677,0.0984,0.1135,True,Stable baseline,1.99,0.1711,0.2,0.4,0.8
5a52a7bb-3ac4-4087-b2ae-b50b8ac5d619,2204674-12700,Pump1,4PP-NDE,4-PP-RV,HF RMS Accel,BandEnergyFromSpectrum,g,6,49,0.016667,0.0217,0.025,True,Stable baseline,1.11,0.21012,1.5,3.0,6.0
8c097769-c06f-45ff-b124-b425f9a07faf,2204674-25200,LobulusCompressor1,3LC-DE,3-LC-Ax,OV Accel,Acceleration,g,6,50,0.40143,0.5219,0.6021,True,Stable baseline,0.81,0.47171,2.0,3.0,6.0
4a5f1f07-5d69-47ff-ad0c-51f038ca26f5,2204674-80200,ElectricMotor1,1MT-NDE,1-MT-Ax,OV Vel,VibrationVelocity,mm/s,6,38,0.773372,,,False,"Unstable (increasing trend, slope=7.7%/month, p=0.000) — ISO alarms remain active",7.71,0.00028,2.3,4.5,7.1
4a5f1f07-5d69-47ff-ad0c-51f038ca26f5,2204674-80200,ElectricMotor1,2MT-DE,2-MT-Ax,OV Accel,Acceleration,g,6,49,0.233954,0.3041,0.3509,True,Stable baseline,-0.3,0.77168,2.0,3.0,6.0
43aad99e-1dbc-4d74-b061-e10b847dea3e,4003245-01030,Pump1,3PP-DE,3-PP-RH,MF RMS Accel,BandEnergyFromSpectrum,g,6,32,0.248438,0.323,0.3727,True,Stable baseline,0.1,0.92899,0.5,1.0,2.0
1183b785-83bc-4239-9fd1-4c4e5ad0d5f0,2204673-64200,ElectricMotor1,1MT-NDE,1-MT-RH,OV Vel,VibrationVelocity,mm/s,6,40,0.754068,0.9803,1.1311,True,Stable baseline,0.18,0.84807,2.3,4.5,7.1
971c1886-fae1-4e46-bdc2-fedaf770dc42,2204673-20200,Pump1,3PP-DE,3-PP-Ax,LF RMS Accel,BandEnergyFromSpectrum,g,6,47,0.062224,0.0809,0.0933,True,Stable baseline,-0.54,0.6211,0.2,0.4,0.8
920f4ad8-e17b-4e95-bb07-fe8ccfbdeb6a,2204674-12200,ElectricMotor1,1MT-NDE,1-MT-RH,OV Vel,VibrationVelocity,mm/s,6,58,1.855383,2.412,2.7831,True,Stable baseline,-0.35,0.79249,2.3,4.5,7.1
8c097769-c06f-45ff-b124-b425f9a07faf,2204674-25200,LobulusCompressor1,3LC-DE,3-LC-Ax,OV Vel,VibrationVelocity,mm/s,6,48,1.229733,1.5987,1.8446,True,Stable baseline,-0.25,0.86062,2.3,4.5,7.1
ddec0803-5671-4d5f-bcd2-6ad1ec7ba006,2204674-18200,Pump1,3PP-DE,3-PP-Ax,MF Velocity (~3-8X),BandEnergyFromSpectrum,mm/s,6,44,0.300399,0.3905,0.4506,True,Stable baseline,-0.04,0.97471,1.0,3.0,5.0
1183b785-83bc-4239-9fd1-4c4e5ad0d5f0,2204673-64200,Pump1,4PP-NDE,4-PP-Ax,Pk-Pk Accel,Acceleration,g,6,45,1.613997,,,False,"Unstable (increasing trend, slope=8.2%/month, p=0.000) — ISO alarms remain active",8.18,7e-05,3.0,6.0,9.0
10694b53-68ec-4cc5-ba70-011ea9cfc8cb,100-12-34-442-01,Pump1,4PP-NDE,4-PP-RH,Pk-Pk Accel,Acceleration,g,6,38,2.734667,3.5551,4.102,True,Stable baseline,1.26,0.1221,3.0,6.0,9.0
5d071c42-70ae-41ae-ab75-66543fc85f14,100-12-34-157-01,ElectricMotor1,1MT-NDE,1-MT-RV,HF RMS Accel,BandEnergyFromSpectrum,g,6,29,0.039671,,,False,"Unstable (increasing trend, slope=6.2%/month, p=0.001) — ISO alarms remain active",6.16,0.00064,1.5,3.0,6.0
1d898064-4876-4e5b-885f-a3ac174fa02b,100-12-34-162-01,ElectricMotor1,1MT-NDE,1-MT-Ax,LF RMS Accel,BandEnergyFromSpectrum,g,6,42,0.242276,0.315,0.3634,True,Stable baseline,0.3,0.71609,0.2,0.4,0.8
4322796b-6387-4da8-b21c-a60391237dcb,4002861-50500,ElectricMotor1,2MT-DE,2-MT-RV,MF RMS Accel,BandEnergyFromSpectrum,g,6,56,0.116025,0.1508,0.174,True,Stable baseline,1.77,0.15835,0.5,1.0,2.0
1183b785-83bc-4239-9fd1-4c4e5ad0d5f0,2204673-64200,ElectricMotor1,2MT-DE,2-MT-RH,OV Vel,VibrationVelocity,mm/s,6,57,3.190813,4.1481,4.7862,True,Stable baseline,1.92,0.15743,2.3,4.5,7.1
1183b785-83bc-4239-9fd1-4c4e5ad0d5f0,2204673-64200,ElectricMotor1,1MT-NDE,1-MT-Ax,Pk-Pk Accel,Acceleration,g,1,12,,,,,Insufficient data: 1 months (need 3),,,3.0,6.0,9.0
551c74fc-55de-40ed-aafc-1e0e6781fdfd,100-12-34-510-11,GearBox1,3GB-InDE,3-GB-Ax,OV Vel,VibrationVelocity,mm/s,6,48,2.492855,3.2407,3.7393,True,Stable baseline,1.19,0.49888,2.3,4.5,7.1
4418a4f0-5185-4ca9-8a85-a8ed7d6d8870,100-12-34-177-01,GearBox1,4GB-InNDE,4-GB-RH,MF RMS Accel,BandEnergyFromSpectrum,g,2,14,,,,,Insufficient data: 2 months (need 3),,,0.5,1.0,2.0
6b60b0aa-ef09-4630-b0c3-9a82f9488b6f,100-12-34-137-01,Shaft1,7SH-DE,7-SH-RV,OV Vel,VibrationVelocity,mm/s,6,36,1.286126,1.672,1.9292,True,Stable baseline,0.22,0.86002,2.3,4.5,7.1
6b60b0aa-ef09-4630-b0c3-9a82f9488b6f,100-12-34-137-01,Shaft1,7SH-DE,7-SH-RV,MF Velocity (~3-8X),BandEnergyFromSpectrum,mm/s,6,46,0.298473,0.388,0.4477,True,Stable baseline,-0.16,0.89119,0.5,1.0,3.0
4e95bfc9-5c27-4ef2-8f21-e1680ea3525a,100-12-34-052-01,Pump1,3PP-DE,3-PP-RH,MF Velocity (~3-8X),BandEnergyFromSpectrum,mm/s,2,15,,,,,Insufficient data: 2 months (need 3),,,1.0,3.0,5.0
44b72af3-d034-498f-8d9f-e5fe074eebbd,2204674-85200,Pump1,4PP-NDE,4-PP-RH,MF RMS Accel,BandEnergyFromSpectrum,g,6,50,0.046012,0.0598,0.069,True,Stable baseline,-0.91,0.31476,0.5,1.0,2.0
4418a4f0-5185-4ca9-8a85-a8ed7d6d8870,100-12-34-177-01,GearBox1,4GB-InNDE,4-GB-RV,Pk-Pk Accel,Acceleration,g,1,4,,,,,Insufficient data: 1 months (need 3),,,3.0,6.0,9.0
5d071c42-70ae-41ae-ab75-66543fc85f14,100-12-34-157-01,ElectricMotor1,1MT-NDE,1-MT-RV,OV Accel,Acceleration,g,6,56,0.202087,0.2627,0.3031,True,Stable baseline,0.29,0.80674,2.0,3.0,6.0
1d898064-4876-4e5b-885f-a3ac174fa02b,100-12-34-162-01,Pump1,3PP-DE,3-PP-Ax,Pk-Pk Accel,Acceleration,g,6,38,1.849048,2.4038,2.7736,True,Stable baseline,-0.61,0.6509,3.0,6.0,9.0
03730490-e586-4775-9f7d-24435dd06cae,2204674-82200,ElectricMotor1,1MT-NDE,1-MT-RV,Pk-Pk Accel,Acceleration,g,6,39,1.322822,1.7197,1.9842,True,Stable baseline,1.23,0.34205,3.0,6.0,9.0
63f8e6fe-5f68-4171-9ca8-5bb946a1571d,2204674-91200,ElectricMotor1,1MT-NDE,1-MT-RV,MF RMS Accel,BandEnergyFromSpectrum,g,6,53,0.310163,0.4032,0.4652,True,Stable baseline,-0.86,0.62262,0.5,1.0,2.0
5a52a7bb-3ac4-4087-b2ae-b50b8ac5d619,2204674-12700,Pump1,4PP-NDE,4-PP-RV,MF Velocity (~3-8X),BandEnergyFromSpectrum,mm/s,6,47,0.641924,0.8345,0.9629,True,Stable baseline,0.62,0.70266,1.0,3.0,5.0
f0256864-92af-49d6-b5bb-fa91f04642f9,4003245-01070,Pump1,3PP-DE,3-PP-RV,MF RMS Accel,BandEnergyFromSpectrum,g,6,44,4.625888,6.0137,6.9388,True,Stable baseline,-1.48,0.32525,0.5,1.0,2.0
971c1886-fae1-4e46-bdc2-fedaf770dc42,2204673-20200,ElectricMotor1,2MT-DE,2-MT-RV,MF RMS Accel,BandEnergyFromSpectrum,g,6,41,0.290816,0.3781,0.4362,True,Stable baseline,-0.8,0.6534,0.5,1.0,2.0
5a52a7bb-3ac4-4087-b2ae-b50b8ac5d619,2204674-12700,ElectricMotor1,2MT-DE,2-MT-RV,OV Vel,VibrationVelocity,mm/s,6,33,0.998057,1.2975,1.4971,True,Stable baseline,-0.2,0.87765,2.3,4.5,7.1
95d59ee7-03e4-4a9e-b4c3-1eb0f2b52d18,100-12-34-452-01,ElectricMotor1,2MT-DE,2-MT-RV,OV Accel,Acceleration,g,6,35,0.147619,0.1919,0.2214,True,Stable baseline,0.12,0.90851,2.0,3.0,6.0
dfd2a084-a9f2-4a9f-bd33-34b210d47d0e,100-12-34-032-01,ElectricMotor1,2MT-DE,2-MT-Ax,Pk-Pk Accel,Acceleration,g,6,48,0.296626,0.3856,0.4449,True,Stable baseline,-0.46,0.77144,3.0,6.0,9.0
2f0c1896-955a-4c2b-b25f-c632bd837c5d,100-12-34-122-01,ElectricMotor1,2MT-DE,2-MT-Ax,OV Accel,Acceleration,g,6,58,0.173392,0.2254,0.2601,True,Stable baseline,0.81,0.35183,2.0,3.0,6.0
1d898064-4876-4e5b-885f-a3ac174fa02b,100-12-34-162-01,ElectricMotor1,2MT-DE,2-MT-RH,LF RMS Accel,BandEnergyFromSpectrum,g,1,4,,,,,Insufficient data: 1 months (need 3),,,0.2,0.4,0.8
5d071c42-70ae-41ae-ab75-66543fc85f14,100-12-34-157-01,Pump1,4PP-NDE,4-PP-RV,HF RMS Accel,BandEnergyFromSpectrum,g,6,45,0.076261,0.0991,0.1144,True,Stable baseline,-1.68,0.00895,1.5,3.0,6.0
95d59ee7-03e4-4a9e-b4c3-1eb0f2b52d18,100-12-34-452-01,Pump1,4PP-NDE,4-PP-RV,OV Vel,VibrationVelocity,mm/s,2,15,,,,,Insufficient data: 2 months (need 3),,,2.3,4.5,7.1
5d071c42-70ae-41ae-ab75-66543fc85f14,100-12-34-157-01,ElectricMotor1,1MT-NDE,1-MT-Ax,HF RMS Accel,BandEnergyFromSpectrum,g,6,42,0.045188,0.0587,0.0678,True,Stable baseline,1.14,0.47526,1.5,3.0,6.0
d02dc63f-663b-465c-8e99-133e530a34f3,2204674-18700,Pump1,3PP-DE,3-PP-RH,MF Velocity (~3-8X),BandEnergyFromSpectrum,mm/s,6,44,0.264875,,,False,"Unstable (increasing trend, slope=5.8%/month, p=0.001) — ISO alarms remain active",5.78,0.00148,1.0,3.0,5.0
c6e1ea8c-b0aa-4ab3-b1ab-4a7c92913666,4003245-01050,ElectricMotor1,1MT-NDE,1-MT-RV,MF RMS Accel,BandEnergyFromSpectrum,g,6,54,0.205861,0.2676,0.3088,True,Stable baseline,1.66,0.02658,0.5,1.0,2.0
5d071c42-70ae-41ae-ab75-66543fc85f14,100-12-34-157-01,Pump1,4PP-NDE,4-PP-RV,MF Velocity (~3-8X),BandEnergyFromSpectrum,mm/s,6,43,0.409661,0.5326,0.6145,True,Stable baseline,1.33,0.46229,1.0,3.0,5.0
10694b53-68ec-4cc5-ba70-011ea9cfc8cb,100-12-34-442-01,ElectricMotor1,1MT-NDE,1-MT-RV,HF RMS Accel,BandEnergyFromSpectrum,g,6,48,0.016536,0.0215,0.0248,True,Stable baseline,2.17,0.0081,1.5,3.0,6.0
d02dc63f-663b-465c-8e99-133e530a34f3,2204674-18700,ElectricMotor1,1MT-NDE,1-MT-RH,HF RMS Accel,BandEnergyFromSpectrum,g,6,44,0.222732,0.2896,0.3341,True,Stable baseline,0.14,0.88318,1.5,3.0,6.0
5d071c42-70ae-41ae-ab75-66543fc85f14,100-12-34-157-01,Pump1,3PP-DE,3-PP-Ax,MF Velocity (~3-8X),BandEnergyFromSpectrum,mm/s,6,39,0.24634,0.3202,0.3695,True,Stable baseline,0.21,0.89347,1.0,3.0,5.0
ddec0803-5671-4d5f-bcd2-6ad1ec7ba006,2204674-18200,ElectricMotor1,2MT-DE,2-MT-RV,Pk-Pk Accel,Acceleration,g,6,40,1.113574,1.4476,1.6704,True,Stable baseline,-0.43,0.78946,3.0,6.0,9.0
971c1886-fae1-4e46-bdc2-fedaf770dc42,2204673-20200,Pump1,3PP-DE,3-PP-RV,OV Accel,Acceleration,g,6,47,0.390396,0.5075,0.5856,True,Stable baseline,0.84,0.48132,2.0,3.0,6.0
03730490-e586-4775-9f7d-24435dd06cae,2204674-82200,ElectricMotor1,1MT-NDE,1-MT-RV,OV Accel,Acceleration,g,6,50,0.185903,0.2417,0.2789,True,Stable baseline,-0.44,0.5908,2.0,3.0,6.0
920f4ad8-e17b-4e95-bb07-fe8ccfbdeb6a,2204674-12200,ElectricMotor1,1MT-NDE,1-MT-RV,MF RMS Accel,BandEnergyFromSpectrum,g,6,38,0.473375,,,False,"Unstable (increasing trend, slope=6.4%/month, p=0.001) — ISO alarms remain active",6.38,0.00052,0.5,1.0,2.0
9cd3dcc6-d8f4-42a8-bfd4-4957a1c3d83b,2204674-84200,ElectricMotor1,1MT-NDE,1-MT-Ax,Pk-Pk Accel,Acceleration,g,6,33,0.680856,0.8851,1.0213,True,Stable baseline,-0.78,0.48656,3.0,6.0,9.0
8f669413-f706-47d4-92c1-000af5b89657,2204673-65200,Pump1,3PP-DE,3-PP-Ax,OV Accel,Acceleration,g,6,64,0.106957,,,False,"Unstable (increasing trend, slope=6.9%/month, p=0.000) — ISO alarms remain active",6.89,0.00027,2.0,3.0,6.0
df615b42-35ae-4d9e-8440-ec02f423d24f,2204674-86700,ElectricMotor1,1MT-NDE,1-MT-RH,HF RMS Accel,BandEnergyFromSpectrum,g,6,47,1.357823,,,False,"Unstable (increasing trend, slope=6.5%/month, p=0.001) — ISO alarms remain active",6.52,0.00115,1.5,3.0,6.0
c6e1ea8c-b0aa-4ab3-b1ab-4a7c92913666,4003245-01050,Pump1,3PP-DE,3-PP-Ax,OV Vel,VibrationVelocity,mm/s,6,49,2.216941,2.882,3.3254,True,Stable baseline,0.75,0.36397,2.3,4.5,7.1
95d59ee7-03e4-4a9e-b4c3-1eb0f2b52d18,100-12-34-452-01,Pump1,4PP-NDE,4-PP-RH,MF RMS Accel,BandEnergyFromSpectrum,g,6,39,0.236154,0.307,0.3542,True,Stable baseline,0.32,0.79667,0.5,1.0,2.0
baa957f8-47b1-4422-b93b-9c0e9c3cf8a3,100-12-34-042-01,Pump1,3PP-DE,3-PP-Ax,OV Vel,VibrationVelocity,mm/s,6,44,0.483782,0.6289,0.7257,True,Stable baseline,0.56,0.69781,2.3,4.5,7.1
1d898064-4876-4e5b-885f-a3ac174fa02b,100-12-34-162-01,ElectricMotor1,2MT-DE,2-MT-RH,MF RMS Accel,BandEnergyFromSpectrum,g,6,46,0.108979,0.1417,0.1635,True,Stable baseline,-0.64,0.68723,0.5,1.0,2.0
6b5b6534-5ed7-4bf6-959a-47e0f9d1edb4,100-12-34-772-01,ElectricMotor1,2MT-DE,2-MT-Ax,LF RMS Accel,BandEnergyFromSpectrum,g,6,48,0.088675,,,False,"Unstable (increasing trend, slope=6.4%/month, p=0.002) — ISO alarms remain active",6.43,0.0017,0.2,0.4,0.8
4a5f1f07-5d69-47ff-ad0c-51f038ca26f5,2204674-80200,ElectricMotor1,1MT-NDE,1-MT-Ax,LF RMS Accel,BandEnergyFromSpectrum,g,6,40,0.041061,0.0534,0.0616,True,Stable baseline,1.1,0.50032,0.2,0.4,0.8
61567fca-5d02-4da4-933d-d5959c33b06d,100-12-34-510-21,ElectricMotor1,2MT-DE,2-MT-R=,LF RMS Accel,BandEnergyFromSpectrum,g,6,53,0.19057,,,False,"Unstable (increasing trend, slope=7.1%/month, p=0.002) — ISO alarms remain active",7.06,0.00209,0.2,0.4,0.8
95d59ee7-03e4-4a9e-b4c3-1eb0f2b52d18,100-12-34-452-01,ElectricMotor1,1MT-NDE,1-MT-Ax,HF RMS Accel,BandEnergyFromSpectrum,g,6,40,0.002003,0.0026,0.003,True,Stable baseline,1.4,0.29973,1.5,3.0,6.0
5d071c42-70ae-41ae-ab75-66543fc85f14,100-12-34-157-01,ElectricMotor1,2MT-DE,2-MT-RH,OV Accel,Acceleration,g,6,56,0.214921,,,False,"Unstable (increasing trend, slope=6.4%/month, p=0.002) — ISO alarms remain active",6.45,0.00163,2.0,3.0,6.0
61567fca-5d02-4da4-933d-d5959c33b06d,100-12-34-510-21,ElectricMotor1,2MT-DE,2-MT-Ax,MF Velocity (~3-8X),BandEnergyFromSpectrum,mm/s,6,42,0.66973,,,False,"Unstable (increasing trend, slope=6.7%/month, p=0.000) — ISO alarms remain active",6.71,0.0001,1.0,3.0,5.0
63f8e6fe-5f68-4171-9ca8-5bb946a1571d,2204674-91200,ElectricMotor1,1MT-NDE,1-MT-RV,HF RMS Accel,BandEnergyFromSpectrum,g,2,22,,,,,Insufficient data: 2 months (need 3),,,1.5,3.0,6.0
971c1886-fae1-4e46-bdc2-fedaf770dc42,2204673-20200,Pump1,3PP-DE,3-PP-Ax,HF RMS Accel,BandEnergyFromSpectrum,g,6,46,0.011851,,,False,"Unstable (increasing trend, slope=6.8%/month, p=0.002) — ISO alarms remain active",6.76,0.0023,1.5,3.0,6.0
ed08d57e-d030-4584-ba5c-b8e95227ae28,100-12-34-599-01,ElectricMotor1,1MT-NDE,1-MT-RH,MF RMS Accel,BandEnergyFromSpectrum,g,6,53,0.21312,,,False,"Unstable (increasing trend, slope=7.1%/month, p=0.003) — ISO alarms remain active",7.07,0.00275,0.5,1.0,2.0
10694b53-68ec-4cc5-ba70-011ea9cfc8cb,100-12-34-442-01,Pump1,4PP-NDE,4-PP-Ax,HF RMS Accel,BandEnergyFromSpectrum,g,6,36,0.061022,0.0793,0.0915,True,Stable baseline,0.84,0.54375,1.5,3.0,6.0
4a5f1f07-5d69-47ff-ad0c-51f038ca26f5,2204674-80200,Pump1,3PP-DE,3-PP-Ax,LF RMS Accel,BandEnergyFromSpectrum,g,6,42,0.049531,0.0644,0.0743,True,Stable baseline,-0.27,0.78224,0.2,0.4,0.8
4e95bfc9-5c27-4ef2-8f21-e1680ea3525a,100-12-34-052-01,ElectricMotor1,2MT-DE,2-MT-Ax,LF RMS Accel,BandEnergyFromSpectrum,g,6,37,0.060089,0.0781,0.0901,True,Stable baseline,-1.18,0.19442,0.2,0.4,0.8
61567fca-5d02-4da4-933d-d5959c33b06d,100-12-34-510-21,ElectricMotor1,1MT-NDE,1-MT-R=,MF Velocity (~3-8X),BandEnergyFromSpectrum,mm/s,6,45,0.969614,1.2605,1.4544,True,Stable baseline,-0.92,0.31877,1.0,3.0,5.0
5d071c42-70ae-41ae-ab75-66543fc85f14,100-12-34-157-01,ElectricMotor1,2MT-DE,2-MT-RH,MF Velocity (~3-8X),BandEnergyFromSpectrum,mm/s,6,31,0.111055,0.1444,0.1666,True,Stable baseline,-1.36,0.12909,1.0,3.0,5.0
6b94553b-624d-41d6-ae32-d3ba7ca02dce,4003245-01060 No.6,ElectricMotor1,1MT-NDE,1-MT-RV,Pk-Pk Accel,Acceleration,g,6,46,8.794754,11.4332,13.1921,True,Stable baseline,0.95,0.45013,3.0,6.0,9.0
6b60b0aa-ef09-4630-b0c3-9a82f9488b6f,100-12-34-137-01,ElectricMotor1,2MT-DE,2-MT-RH,Pk-Pk Accel,Acceleration,g,1,10,,,,,Insufficient data: 1 months (need 3),,,3.0,6.0,9.0
61567fca-5d02-4da4-933d-d5959c33b06d,100-12-34-510-21,ElectricMotor1,2MT-DE,2-MT-RT,3X Vel,PeakValueFromSpectrum,mm/s,1,3,,,,,Insufficient data: 1 months (need 3),,,0.7,1.35,2.15
2f0c1896-955a-4c2b-b25f-c632bd837c5d,100-12-34-122-01,Pump1,3PP-DE,3-PP-RH,OV Vel,VibrationVelocity,mm/s,6,33,2.720752,3.537,4.0811,True,Stable baseline,-0.57,0.54332,2.3,4.5,7.1
971c1886-fae1-4e46-bdc2-fedaf770dc42,2204673-20200,Pump1,4PP-NDE,4-PP-RH,OV Vel,VibrationVelocity,mm/s,6,49,0.709913,0.9229,1.0649,True,Stable baseline,-0.61,0.55128,2.3,4.5,7.1
4418a4f0-5185-4ca9-8a85-a8ed7d6d8870,100-12-34-177-01,Shaft1,7SH-DE,7-SH-Ax,Pk-Pk Accel,Acceleration,g,6,40,1.947468,2.5317,2.9212,True,Stable baseline,-0.36,0.71432,2.0,4.0,6.0
551c74fc-55de-40ed-aafc-1e0e6781fdfd,100-12-34-510-11,ElectricMotor1,2MT-DE,2-MT-RH,LF RMS Accel,BandEnergyFromSpectrum,g,6,46,0.091918,0.1195,0.1379,True,Stable baseline,0.36,0.70364,0.2,0.4,0.8
baa957f8-47b1-4422-b93b-9c0e9c3cf8a3,100-12-34-042-01,Pump1,4PP-NDE,4-PP-RV,Pk-Pk Accel,Acceleration,g,6,36,0.345792,0.4495,0.5187,True,Stable baseline,0.79,0.6543,3.0,6.0,9.0
551c74fc-55de-40ed-aafc-1e0e6781fdfd,100-12-34-510-11,ElectricMotor1,2MT-DE,2-MT-Ax,MF RMS Accel,BandEnergyFromSpectrum,g,6,48,0.206484,,,False,"Unstable (increasing trend, slope=7.4%/month, p=0.000) — ISO alarms remain active",7.35,0.00016,0.5,1.0,2.0
6b5b6534-5ed7-4bf6-959a-47e0f9d1edb4,100-12-34-772-01,Pump1,3PP-DE,3-PP-Ax,MF Velocity (~3-8X),BandEnergyFromSpectrum,mm/s,6,45,0.195801,0.2545,0.2937,True,Stable baseline,-0.84,0.51148,1.0,3.0,5.0
95d59ee7-03e4-4a9e-b4c3-1eb0f2b52d18,100-12-34-452-01,Pump1,3PP-DE,3-PP-Ax,OV Accel,Acceleration,g,2,22,,,,,Insufficient data: 2 months (need 3),,,2.0,3.0,6.0
8f669413-f706-47d4-92c1-000af5b89657,2204673-65200,Pump1,4PP-NDE,4-PP-Ax,OV Vel,VibrationVelocity,mm/s,6,44,0.504865,0.6563,0.7573,True,Stable baseline,0.91,0.53583,2.3,4.5,7.1
dfd2a084-a9f2-4a9f-bd33-34b210d47d0e,100-12-34-032-01,ElectricMotor1,2MT-DE,2-MT-Ax,OV Accel,Acceleration,g,6,36,0.046444,0.0604,0.0697,True,Stable baseline,-0.37,0.72499,2.0,3.0,6.0
6b60b0aa-ef09-4630-b0c3-9a82f9488b6f,100-12-34-137-01,Shaft1,8SH-NDE,8-SH-RV,LF RMS Accel,BandEnergyFromSpectrum,g,6,55,0.011824,0.0154,0.0177,True,Stable baseline,1.23,0.40362,0.2,0.4,0.8
6b94553b-624d-41d6-ae32-d3ba7ca02dce,4003245-01060 No.6,ElectricMotor1,1MT-NDE,1-MT-Ax,OV Accel,Acceleration,g,6,49,0.240106,,,False,"Unstable (increasing trend, slope=6.6%/month, p=0.000) — ISO alarms remain active",6.6,0.00042,2.0,3.0,6.0
10694b53-68ec-4cc5-ba70-011ea9cfc8cb,100-12-34-442-01,Pump1,4PP-NDE,4-PP-Ax,OV Accel,Acceleration,g,1,3,,,,,Insufficient data: 1 months (need 3),,,2.0,3.0,6.0
971c1886-fae1-4e46-bdc2-fedaf770dc42,2204673-20200,ElectricMotor1,2MT-DE,2-MT-RH,Pk-Pk Accel,Acceleration,g,1,7,,,,,Insufficient data: 1 months (need 3),,,3.0,6.0,9.0
f0256864-92af-49d6-b5bb-fa91f04642f9,4003245-01070,Pump1,3PP-DE,3-PP-RH,LF RMS Accel,BandEnergyFromSpectrum,g,6,47,0.411655,,,False,"Unstable (increasing trend, slope=6.3%/month, p=0.002) — ISO alarms remain active",6.3,0.00198,0.2,0.4,0.8
6b5b6534-5ed7-4bf6-959a-47e0f9d1edb4,100-12-34-772-01,Pump1,3PP-DE,3-PP-RH,HF RMS Accel,BandEnergyFromSpectrum,g,6,57,0.070851,0.0921,0.1063,True,Stable baseline,-0.53,0.56233,1.5,3.0,6.0
ddec0803-5671-4d5f-bcd2-6ad1ec7ba006,2204674-18200,ElectricMotor1,2MT-DE,2-MT-RH,OV Vel,VibrationVelocity,mm/s,6,44,0.675591,0.8783,1.0134,True,Stable baseline,2.05,0.05907,2.3,4.5,7.1
6b94553b-624d-41d6-ae32-d3ba7ca02dce,4003245-01060 No.6,ElectricMotor1,2MT-DE,2-MT-Ax,MF RMS Accel,BandEnergyFromSpectrum,g,2,16,,,,,Insufficient data: 2 months (need 3),,,0.5,1.0,2.0
95d59ee7-03e4-4a9e-b4c3-1eb0f2b52d18,100-12-34-452-01,ElectricMotor1,2MT-DE,2-MT-RV,LF RMS Accel,BandEnergyFromSpectrum,g,6,43,0.111051,0.1444,0.1666,True,Stable baseline,1.18,0.12853,0.2,0.4,0.8
d02dc63f-663b-465c-8e99-133e530a34f3,2204674-18700,ElectricMotor1,1MT-NDE,1-MT-RV,HF RMS Accel,BandEnergyFromSpectrum,g,6,42,0.047678,0.062,0.0715,True,Stable baseline,-2.13,0.02487,1.5,3.0,6.0
44b72af3-d034-498f-8d9f-e5fe074eebbd,2204674-85200,ElectricMotor1,1MT-NDE,1-MT-RV,OV Vel,VibrationVelocity,mm/s,6,44,0.677408,0.8806,1.0161,True,Stable baseline,1.76,0.1693,2.3,4.5,7.1
1d898064-4876-4e5b-885f-a3ac174fa02b,100-12-34-162-01,ElectricMotor1,1MT-NDE,1-MT-Ax,OV Accel,Acceleration,g,1,11,,,,,Insufficient data: 1 months (need 3),,,2.0,3.0,6.0
8c097769-c06f-45ff-b124-b425f9a07faf,2204674-25200,LobulusCompressor1,3LC-DE,3-LC-RV,MF RMS Accel,BandEnergyFromSpectrum,g,2,11,,,,,Insufficient data: 2 months (need 3),,,0.5,1.0,2.0
1d898064-4876-4e5b-885f-a3ac174fa02b,100-12-34-162-01,Pump1,3PP-DE,3-PP-RH,MF Velocity (~3-8X),BandEnergyFromSpectrum,mm/s,6,45,0.579328,0.7531,0.869,True,Stable baseline,-1.56,0.22938,1.0,3.0,5.0
baa957f8-47b1-4422-b93b-9c0e9c3cf8a3,100-12-34-042-01,ElectricMotor1,1MT-NDE,1-MT-RH,HF RMS Accel,BandEnergyFromSpectrum,g,6,56,0.059894,0.0779,0.0898,True,Stable baseline,-1.8,0.18119,1.5,3.0,6.0
8f669413-f706-47d4-92c1-000af5b89657,2204673-65200,ElectricMotor1,2MT-DE,2-MT-RH,MF Velocity (~3-8X),BandEnergyFromSpectrum,mm/s,6,48,0.528587,0.6872,0.7929,True,Stable baseline,-0.09,0.91743,1.0,3.0,5.0
cb82f5f4-a90f-417b-9120-982c9cc359e8,100-12-34-182-01,Pump1,3PP-DE,3-PP-Ax,MF Velocity (~3-8X),BandEnergyFromSpectrum,mm/s,6,45,0.30353,,,False,"Unstable (increasing trend, slope=6.4%/month, p=0.001) — ISO alarms remain active",6.42,0.0012,1.0,3.0,5.0
4e95bfc9-5c27-4ef2-8f21-e1680ea3525a,100-12-34-052-01,Pump1,4PP-NDE,4-PP-Ax,OV Accel,Acceleration,g,6,56,0.085301,0.1109,0.128,True,Stable baseline,0.43,0.73296,2.0,3.0,6.0
43aad99e-1dbc-4d74-b061-e10b847dea3e,4003245-01030,Pump1,3PP-DE,3-PP-RH,LF RMS Accel,BandEnergyFromSpectrum,g,6,45,0.065475,0.0851,0.0982,True,Stable baseline,-0.48,0.70937,0.2,0.4,0.8
8f669413-f706-47d4-92c1-000af5b89657,2204673-65200,Pump1,3PP-DE,3-PP-RH,LF RMS Accel,BandEnergyFromSpectrum,g,6,48,0.031846,0.0414,0.0478,True,Stable baseline,-0.19,0.7946,0.2,0.4,0.8
44b72af3-d034-498f-8d9f-e5fe074eebbd,2204674-85200,Pump1,3PP-DE,3-PP-RV,LF RMS Accel,BandEnergyFromSpectrum,g,6,43,0.057421,,,False,"Unstable (increasing trend, slope=7.4%/month, p=0.000) — ISO alarms remain active",7.42,0.0,0.2,0.4,0.8
6ede0422-81cb-4ec5-a1c5-1d25b11af911,100-12-34-112-01,Pump1,4PP-NDE,4-PP-Ax,Pk-Pk Accel,Acceleration,g,6,50,0.28567,0.3714,0.4285,True,Stable baseline,0.19,0.8881,3.0,6.0,9.0
6b94553b-624d-41d6-ae32-d3ba7ca02dce,4003245-01060 No.6,Pump1,3PP-DE,3-PP-RV,MF Velocity (~3-8X),BandEnergyFromSpectrum,mm/s,2,13,,,,,Insufficient data: 2 months (need 3),,,1.0,3.0,5.0
1d898064-4876-4e5b-885f-a3ac174fa02b,100-12-34-162-01,ElectricMotor1,1MT-NDE,1-MT-RV,LF RMS Accel,BandEnergyFromSpectrum,g,6,44,0.049581,0.0645,0.0744,True,Stable baseline,-1.32,0.15944,0.2,0.4,0.8
10694b53-68ec-4cc5-ba70-011ea9cfc8cb,100-12-34-442-01,ElectricMotor1,2MT-DE,2-MT-RV,OV Vel,VibrationVelocity,mm/s,6,49,1.414697,1.8391,2.122,True,Stable baseline,0.21,0.85773,2.3,4.5,7.1
ddec0803-5671-4d5f-bcd2-6ad1ec7ba006,2204674-18200,ElectricMotor1,1MT-NDE,1-MT-Ax,MF Velocity (~3-8X),BandEnergyFromSpectrum,mm/s,6,51,1.849062,,,False,"Unstable (increasing trend, slope=6.2%/month, p=0.001) — ISO alarms remain active",6.22,0.00094,1.0,3.0,5.0
43aad99e-1dbc-4d74-b061-e10b847dea3e,4003245-01030,ElectricMotor1,1MT-NDE,1-MT-RV,OV Vel,VibrationVelocity,mm/s,6,51,1.46434,1.9036,2.1965,True,Stable baseline,0.05,0.96308,2.3,4.5,7.1
ed08d57e-d030-4584-ba5c-b8e95227ae28,100-12-34-599-01,ElectricMotor1,2MT-DE,2-MT-RV,MF RMS Accel,BandEnergyFromSpectrum,g,6,44,0.082389,0.1071,0.1236,True,Stable baseline,1.9,0.21656,0.5,1.0,2.0
95d59ee7-03e4-4a9e-b4c3-1eb0f2b52d18,100-12-34-452-01,Pump1,4PP-NDE,4-PP-Ax,MF RMS Accel,BandEnergyFromSpectrum,g,6,26,0.121373,0.1578,0.1821,True,Stable baseline,0.17,0.8766,0.5,1.0,2.0
6b60b0aa-ef09-4630-b0c3-9a82f9488b6f,100-12-34-137-01,ElectricMotor1,1MT-NDE,1-MT-RH,MF Velocity (~3-8X),BandEnergyFromSpectrum,mm/s,6,39,0.577901,0.7513,0.8669,True,Stable baseline,-1.48,0.11978,1.0,3.0,5.0
cb82f5f4-a90f-417b-9120-982c9cc359e8,100-12-34-182-01,Pump1,4PP-NDE,4-PP-RH,MF Velocity (~3-8X),BandEnergyFromSpectrum,mm/s,6,48,0.54667,0.7107,0.82,True,Stable baseline,0.66,0.57823,1.0,3.0,5.0
d02dc63f-663b-465c-8e99-133e530a34f3,2204674-18700,Pump1,3PP-DE,3-PP-RH,OV Accel,Acceleration,g,6,51,0.170889,,,False,"Unstable (increasing trend, slope=7.1%/month, p=0.001) — ISO alarms remain active",7.06,0.00137,2.0,3.0,6.0
1183b785-83bc-4239-9fd1-4c4e5ad0d5f0,2204673-64200,ElectricMotor1,2MT-DE,2-MT-RV,Pk-Pk Accel,Acceleration,g,6,46,2.049813,2.6648,3.0747,True,Stable baseline,-1.44,0.33591,3.0,6.0,9.0
1d898064-4876-4e5b-885f-a3ac174fa02b,100-12-34-162-01,ElectricMotor1,1MT-NDE,1-MT-Ax,HF RMS Accel,BandEnergyFromSpectrum,g,6,49,0.002011,0.0026,0.003,True,Stable baseline,-1.04,0.46818,1.5,3.0,6.0
4322796b-6387-4da8-b21c-a60391237dcb,4002861-50500,Pump1,3PP-DE,3-PP-RV,Pk-Pk Accel,Acceleration,g,6,47,14.65447,19.0508,21.9817,True,Stable baseline,-0.22,0.82006,3.0,6.0,9.0
9cd3dcc6-d8f4-42a8-bfd4-4957a1c3d83b,2204674-84200,Pump1,3PP-DE,3-PP-RV,OV Vel,VibrationVelocity,mm/s,2,22,,,,,Insufficient data: 2 months (need 3),,,2.3,4.5,7.1
c6e1ea8c-b0aa-4ab3-b1ab-4a7c92913666,4003245-01050,ElectricMotor1,2MT-DE,2-MT-RV,OV Accel,Acceleration,g,6,41,1.160267,,,False,"Unstable (increasing trend, slope=6.7%/month, p=0.000) — ISO alarms remain active",6.72,6e-05,2.0,3.0,6.0
4e95bfc9-5c27-4ef2-8f21-e1680ea3525a,100-12-34-052-01,Pump1,4PP-NDE,4-PP-RH,Pk-Pk Accel,Acceleration,g,6,49,1.019198,1.325,1.5288,True,Stable baseline,0.68,0.63817,3.0,6.0,9.0
6b5b6534-5ed7-4bf6-959a-47e0f9d1edb4,100-12-34-772-01,ElectricMotor1,1MT-NDE,1-MT-RV,Pk-Pk Accel,Acceleration,g,6,54,0.418136,0.5436,0.6272,True,Stable baseline,0.8,0.45057,3.0,6.0,9.0
5d071c42-70ae-41ae-ab75-66543fc85f14,100-12-34-157-01,ElectricMotor1,1MT-NDE,1-MT-Ax,MF Velocity (~3-8X),BandEnergyFromSpectrum,mm/s,6,40,0.127626,,,False,"Unstable (increasing trend, slope=6.4%/month, p=0.001) — ISO alarms remain active",6.36,0.00074,1.0,3.0,5.0
c6e1ea8c-b0aa-4ab3-b1ab-4a7c92913666,4003245-01050,ElectricMotor1,1MT-NDE,1-MT-RH,OV Accel,Acceleration,g,6,46,1.6066,2.0886,2.4099,True,Stable baseline,-1.5,0.38613,2.0,3.0,6.0
baa957f8-47b1-4422-b93b-9c0e9c3cf8a3,100-12-34-042-01,ElectricMotor1,1MT-NDE,1-MT-Ax,LF RMS Accel,BandEnergyFromSpectrum,g,6,50,0.011743,0.0153,0.0176,True,Stable baseline,0.67,0.50945,0.2,0.4,0.8
63f8e6fe-5f68-4171-9ca8-5bb946a1571d,2204674-91200,ElectricMotor1,2MT-DE,2-MT-RV,OV Vel,VibrationVelocity,mm/s,6,44,3.889098,5.0558,5.8336,True,Stable baseline,-1.15,0.1852,2.3,4.5,7.1
43aad99e-1dbc-4d74-b061-e10b847dea3e,4003245-01030,Pump1,4PP-NDE,4-PP-Ax,OV Accel,Acceleration,g,6,26,0.807,,,False,"Unstable (increasing trend, slope=6.9%/month, p=0.000) — ISO alarms remain active",6.87,0.00029,2.0,3.0,6.0
43aad99e-1dbc-4d74-b061-e10b847dea3e,4003245-01030,ElectricMotor1,1MT-NDE,1-MT-RV,Pk-Pk Accel,Acceleration,g,6,43,1.117592,1.4529,1.6764,True,Stable baseline,-0.25,0.70212,3.0,6.0,9.0
4e95bfc9-5c27-4ef2-8f21-e1680ea3525a,100-12-34-052-01,ElectricMotor1,2MT-DE,2-MT-RH,Pk-Pk Accel,Acceleration,g,6,47,1.299061,1.6888,1.9486,True,Stable baseline,0.1,0.94989,3.0,6.0,9.0
1183b785-83bc-4239-9fd1-4c4e5ad0d5f0,2204673-64200,ElectricMotor1,1MT-NDE,1-MT-RV,MF RMS Accel,BandEnergyFromSpectrum,g,6,47,0.210315,0.2734,0.3155,True,Stable baseline,-0.96,0.41285,0.5,1.0,2.0
4e95bfc9-5c27-4ef2-8f21-e1680ea3525a,100-12-34-052-01,ElectricMotor1,2MT-DE,2-MT-RH,OV Accel,Acceleration,g,6,39,0.197385,0.2566,0.2961,True,Stable baseline,1.21,0.16627,2.0,3.0,6.0
2f0c1896-955a-4c2b-b25f-c632bd837c5d,100-12-34-122-01,Pump1,4PP-NDE,4-PP-Ax,OV Vel,VibrationVelocity,mm/s,6,46,3.024124,3.9314,4.5362,True,Stable baseline,0.07,0.96739,2.3,4.5,7.1
1183b785-83bc-4239-9fd1-4c4e5ad0d5f0,2204673-64200,ElectricMotor1,2MT-DE,2-MT-RH,MF RMS Accel,BandEnergyFromSpectrum,g,6,44,0.70611,,,False,"Unstable (increasing trend, slope=7.4%/month, p=0.001) — ISO alarms remain active",7.4,0.00078,0.5,1.0,2.0
03730490-e586-4775-9f7d-24435dd06cae,2204674-82200,ElectricMotor1,2MT-DE,2-MT-RV,MF Velocity (~3-8X),BandEnergyFromSpectrum,mm/s,1,4,,,,,Insufficient data: 1 months (need 3),,,1.0,3.0,5.0
c5661652-b006-41ac-9678-a9f8cee30d2e,2204674-91700,ElectricMotor1,2MT-DE,2-MT-Ax,MF Velocity (~3-8X),BandEnergyFromSpectrum,mm/s,6,60,0.303755,0.3949,0.4556,True,Stable baseline,-1.51,0.11757,1.0,3.0,5.0
63f8e6fe-5f68-4171-9ca8-5bb946a1571d,2204674-91200,ElectricMotor1,1MT-NDE,1-MT-RV,OV Accel,Acceleration,g,6,54,0.352253,0.4579,0.5284,True,Stable baseline,0.92,0.5327,2.0,3.0,6.0
5a52a7bb-3ac4-4087-b2ae-b50b8ac5d619,2204674-12700,Pump1,3PP-DE,3-PP-RV,OV Accel,Acceleration,g,6,39,0.239405,0.3112,0.3591,True,Stable baseline,-0.24,0.78911,2.0,3.0,6.0
95d59ee7-03e4-4a9e-b4c3-1eb0f2b52d18,100-12-34-452-01,ElectricMotor1,2MT-DE,2-MT-Ax,OV Vel,VibrationVelocity,mm/s,6,51,3.436231,,,False,"Unstable (increasing trend, slope=7.1%/month, p=0.000) — ISO alarms remain active",7.1,0.00044,2.3,4.5,7.1
ddec0803-5671-4d5f-bcd2-6ad1ec7ba006,2204674-18200,Pump1,3PP-DE,3-PP-RV,MF RMS Accel,BandEnergyFromSpectrum,g,6,41,0.328545,0.4271,0.4928,True,Stable baseline,1.73,0.15119,0.5,1.0,2.0
03730490-e586-4775-9f7d-24435dd06cae,2204674-82200,Pump1,4PP-NDE,4-PP-Ax,Pk-Pk Accel,Acceleration,g,6,47,2.101266,2.7316,3.1519,True,Stable baseline,2.79,0.01651,3.0,6.0,9.0
4322796b-6387-4da8-b21c-a60391237dcb,4002861-50500,ElectricMotor1,1MT-NDE,1-MT-RV,OV Vel,VibrationVelocity,mm/s,6,42,0.71137,0.9248,1.0671,True,Stable baseline,1.35,0.38518,2.3,4.5,7.1
4e95bfc9-5c27-4ef2-8f21-e1680ea3525a,100-12-34-052-01,Pump1,3PP-DE,3-PP-RV,OV Vel,VibrationVelocity,mm/s,6,47,1.222309,1.589,1.8335,True,Stable baseline,-0.41,0.58462,2.3,4.5,7.1
4418a4f0-5185-4ca9-8a85-a8ed7d6d8870,100-12-34-177-01,ElectricMotor1,2MT-DE,2-MT-RV,OV Vel,VibrationVelocity,mm/s,6,38,1.188979,1.5457,1.7835,True,Stable baseline,-1.26,0.34455,2.3,4.5,7.1
2f0c1896-955a-4c2b-b25f-c632bd837c5d,100-12-34-122-01,ElectricMotor1,2MT-DE,2-MT-Ax,MF RMS Accel,BandEnergyFromSpectrum,g,6,31,0.111069,0.1444,0.1666,True,Stable baseline,1.78,0.08939,0.5,1.0,2.0
f0256864-92af-49d6-b5bb-fa91f04642f9,4003245-01070,Pump1,4PP-NDE,4-PP-RH,Pk-Pk Accel,Acceleration,g,6,47,9.616832,12.5019,14.4252,True,Stable baseline,1.78,0.08857,3.0,6.0,9.0
dfd2a084-a9f2-4a9f-bd33-34b210d47d0e,100-12-34-032-01,ElectricMotor1,1MT-NDE,1-MT-Ax,Pk-Pk Accel,Acceleration,g,6,48,0.212646,0.2764,0.319,True,Stable baseline,1.14,0.4437,3.0,6.0,9.0
551c74fc-55de-40ed-aafc-1e0e6781fdfd,100-12-34-510-11,ElectricMotor1,2MT-DE,2-MT-Ax,OV Accel,Acceleration,g,6,42,0.243036,0.3159,0.3646,True,Stable baseline,-0.97,0.37972,2.0,3.0,6.0
1183b785-83bc-4239-9fd1-4c4e5ad0d5f0,2204673-64200,ElectricMotor1,1MT-NDE,1-MT-RV,HF RMS Accel,BandEnergyFromSpectrum,g,6,51,0.036415,,,False,"Unstable (increasing trend, slope=6.0%/month, p=0.002) — ISO alarms remain active",5.99,0.00181,1.5,3.0,6.0
8c097769-c06f-45ff-b124-b425f9a07faf,2204674-25200,LobulusCompressor1,5LC-DE,5-LC-RV,OV Vel,VibrationVelocity,mm/s,6,37,1.622381,2.1091,2.4336,True,Stable baseline,-0.9,0.45502,2.3,4.5,7.1
920f4ad8-e17b-4e95-bb07-fe8ccfbdeb6a,2204674-12200,Pump1,4PP-NDE,4-PP-Ax,MF Velocity (~3-8X),BandEnergyFromSpectrum,mm/s,6,40,0.837272,1.0885,1.2559,True,Stable baseline,-1.46,0.18906,1.0,3.0,5.0
4322796b-6387-4da8-b21c-a60391237dcb,4002861-50500,ElectricMotor1,1MT-NDE,1-MT-Ax,MF Velocity (~3-8X),BandEnergyFromSpectrum,mm/s,2,8,,,,,Insufficient data: 2 months (need 3),,,1.0,3.0,5.0
6ede0422-81cb-4ec5-a1c5-1d25b11af911,100-12-34-112-01,Pump1,4PP-NDE,4-PP-Ax,OV Accel,Acceleration,g,6,42,0.037995,0.0494,0.057,True,Stable baseline,0.22,0.83039,2.0,3.0,6.0
ddec0803-5671-4d5f-bcd2-6ad1ec7ba006,2204674-18200,Pump1,3PP-DE,3-PP-RH,MF Velocity (~3-8X),BandEnergyFromSpectrum,mm/s,6,37,0.210824,,,False,"Unstable (increasing trend, slope=6.5%/month, p=0.000) — ISO alarms remain active",6.54,0.00036,1.0,3.0,5.0
4418a4f0-5185-4ca9-8a85-a8ed7d6d8870,100-12-34-177-01,GearBox1,4GB-InNDE,4-GB-Ax,Pk-Pk Accel,Acceleration,g,6,48,0.531727,0.6912,0.7976,True,Stable baseline,-0.7,0.31784,3.0,6.0,9.0
ddec0803-5671-4d5f-bcd2-6ad1ec7ba006,2204674-18200,ElectricMotor1,1MT-NDE,1-MT-RH,Pk-Pk Accel,Acceleration,g,2,17,,,,,Insufficient data: 2 months (need 3),,,3.0,6.0,9.0
c5661652-b006-41ac-9678-a9f8cee30d2e,2204674-91700,ElectricMotor1,1MT-NDE,1-MT-RH,MF RMS Accel,BandEnergyFromSpectrum,g,6,49,0.245886,0.3197,0.3688,True,Stable baseline,-0.12,0.9336,0.5,1.0,2.0
6b94553b-624d-41d6-ae32-d3ba7ca02dce,4003245-01060 No.6,Pump1,4PP-NDE,4-PP-RH,MF Velocity (~3-8X),BandEnergyFromSpectrum,mm/s,6,56,1.177204,,,False,"Unstable (increasing trend, slope=5.3%/month, p=0.001) — ISO alarms remain active",5.33,0.00056,1.0,3.0,5.0
c6e1ea8c-b0aa-4ab3-b1ab-4a7c92913666,4003245-01050,Pump1,3PP-DE,3-PP-RV,LF RMS Accel,BandEnergyFromSpectrum,g,1,10,,,,,Insufficient data: 1 months (need 3),,,0.2,0.4,0.8
baa957f8-47b1-4422-b93b-9c0e9c3cf8a3,100-12-34-042-01,ElectricMotor1,1MT-NDE,1-MT-RV,LF RMS Accel,BandEnergyFromSpectrum,g,6,37,0.040464,,,False,"Unstable (increasing trend, slope=6.4%/month, p=0.000) — ISO alarms remain active",6.43,0.0001,0.2,0.4,0.8
5a52a7bb-3ac4-4087-b2ae-b50b8ac5d619,2204674-12700,ElectricMotor1,1MT-NDE,1-MT-Ax,OV Vel,VibrationVelocity,mm/s,6,52,1.60664,2.0886,2.41,True,Stable baseline,0.61,0.55604,2.3,4.5,7.1
61567fca-5d02-4da4-933d-d5959c33b06d,100-12-34-510-21,ElectricMotor1,1MT-NDE,1-MT-Ax,2X Vel,PeakValueFromSpectrum,mm/s,6,50,0.480209,,,False,"Unstable (increasing trend, slope=5.5%/month, p=0.001) — ISO alarms remain active",5.51,0.00071,0.9,1.8,2.8
971c1886-fae1-4e46-bdc2-fedaf770dc42,2204673-20200,Pump1,4PP-NDE,4-PP-Ax,OV Accel,Acceleration,g,6,55,0.29788,0.3872,0.4468,True,Stable baseline,-1.1,0.48224,2.0,3.0,6.0
ddec0803-5671-4d5f-bcd2-6ad1ec7ba006,2204674-18200,Pump1,4PP-NDE,4-PP-RV,OV Vel,VibrationVelocity,mm/s,6,39,0.495927,0.6447,0.7439,True,Stable baseline,0.42,0.55247,2.3,4.5,7.1
8c097769-c06f-45ff-b124-b425f9a07faf,2204674-25200,ElectricMotor1,1MT-NDE,1-MT-RH,OV Vel,VibrationVelocity,mm/s,6,47,1.243909,1.6171,1.8659,True,Stable baseline,1.61,0.00769,2.3,4.5,7.1
551c74fc-55de-40ed-aafc-1e0e6781fdfd,100-12-34-510-11,ElectricMotor1,1MT-NDE,1-MT-RH,Pk-Pk Accel,Acceleration,g,6,41,3.331164,4.3305,4.9967,True,Stable baseline,1.98,0.16887,3.0,6.0,9.0
cb82f5f4-a90f-417b-9120-982c9cc359e8,100-12-34-182-01,Pump1,3PP-DE,3-PP-Ax,Pk-Pk Accel,Acceleration,g,6,56,4.439088,5.7708,6.6586,True,Stable baseline,1.03,0.20923,3.0,6.0,9.0
baa957f8-47b1-4422-b93b-9c0e9c3cf8a3,100-12-34-042-01,Pump1,3PP-DE,3-PP-RV,MF RMS Accel,BandEnergyFromSpectrum,g,6,48,0.081888,,,False,"Unstable (increasing trend, slope=5.8%/month, p=0.001) — ISO alarms remain active",5.8,0.00124,0.5,1.0,2.0
dfd2a084-a9f2-4a9f-bd33-34b210d47d0e,100-12-34-032-01,ElectricMotor1,2MT-DE,2-MT-Ax,HF RMS Accel,BandEnergyFromSpectrum,g,6,48,0.00491,0.0064,0.0074,True,Stable baseline,0.56,0.40194,1.5,3.0,6.0
44b72af3-d034-498f-8d9f-e5fe074eebbd,2204674-85200,ElectricMotor1,2MT-DE,2-MT-RV,OV Accel,Acceleration,g,6,40,0.18111,0.2354,0.2717,True,Stable baseline,-1.31,0.29143,2.0,3.0,6.0
8c097769-c06f-45ff-b124-b425f9a07faf,2204674-25200,LobulusCompressor1,5LC-DE,5-LC-RH,MF RMS Accel,BandEnergyFromSpectrum,g,6,52,0.462772,0.6016,0.6942,True,Stable baseline,0.28,0.54579,0.5,1.0,2.0
ddec0803-5671-4d5f-bcd2-6ad1ec7ba006,2204674-18200,ElectricMotor1,1MT-NDE,1-MT-RH,MF RMS Accel,BandEnergyFromSpectrum,g,6,53,0.841124,1.0935,1.2617,True,Stable baseline,1.44,0.33868,0.5,1.0,2.0
8c097769-c06f-45ff-b124-b425f9a07faf,2204674-25200,LobulusCompressor1,5LC-DE,5-LC-RH,HF RMS Accel,BandEnergyFromSpectrum,g,6,45,11.333871,14.734,17.0008,True,Stable baseline,-1.08,0.05017,1.5,3.0,6.0
44b72af3-d034-498f-8d9f-e5fe074eebbd,2204674-85200,Pump1,3PP-DE,3-PP-Ax,MF Velocity (~3-8X),BandEnergyFromSpectrum,mm/s,6,46,0.167356,0.2176,0.251,True,Stable baseline,1.81,0.01227,1.0,3.0,5.0
d02dc63f-663b-465c-8e99-133e530a34f3,2204674-18700,Pump1,3PP-DE,3-PP-Ax,MF RMS Accel,BandEnergyFromSpectrum,g,6,39,0.147862,,,False,"Unstable (increasing trend, slope=6.0%/month, p=0.000) — ISO alarms remain active",6.05,0.00029,0.5,1.0,2.0
44b72af3-d034-498f-8d9f-e5fe074eebbd,2204674-85200,ElectricMotor1,2MT-DE,2-MT-RV,MF RMS Accel,BandEnergyFromSpectrum,g,6,43,0.073169,0.0951,0.1098,True,Stable baseline,-0.43,0.68261,0.5,1.0,2.0
8c097769-c06f-45ff-b124-b425f9a07faf,2204674-25200,ElectricMotor1,1MT-NDE,1-MT-Ax,OV Accel,Acceleration,g,6,45,0.179738,0.2337,0.2696,True,Stable baseline,-1.78,0.04017,2.0,3.0,6.0
61567fca-5d02-4da4-933d-d5959c33b06d,100-12-34-510-21,ElectricMotor1,1MT-NDE,1-MT-RT,1X Vel,PeakValueFromSpectrum,mm/s,6,41,3.231103,4.2004,4.8467,True,Stable baseline,-0.36,0.79526,2.0,4.0,6.4
8c097769-c06f-45ff-b124-b425f9a07faf,2204674-25200,LobulusCompressor1,5LC-DE,5-LC-Ax,OV Accel,Acceleration,g,6,46,0.376083,0.4889,0.5641,True,Stable baseline,0.32,0.73086,2.0,3.0,6.0
8f669413-f706-47d4-92c1-000af5b89657,2204673-65200,ElectricMotor1,1MT-NDE,1-MT-RV,LF RMS Accel,BandEnergyFromSpectrum,g,6,42,0.048614,0.0632,0.0729,True,Stable baseline,0.92,0.30474,0.2,0.4,0.8
4418a4f0-5185-4ca9-8a85-a8ed7d6d8870,100-12-34-177-01,Shaft1,8SH-NDE,8-SH-RH,OV Accel,Acceleration,g,6,57,0.534435,0.6948,0.8017,True,Stable baseline,-1.27,0.21571,2.0,3.0,6.0
03730490-e586-4775-9f7d-24435dd06cae,2204674-82200,ElectricMotor1,1MT-NDE,1-MT-RV,OV Vel,VibrationVelocity,mm/s,6,40,1.071005,1.3923,1.6065,True,Stable baseline,1.5,0.40708,2.3,4.5,7.1
c6e1ea8c-b0aa-4ab3-b1ab-4a7c92913666,4003245-01050,ElectricMotor1,1MT-NDE,1-MT-RV,OV Vel,VibrationVelocity,mm/s,6,40,1.860125,2.4182,2.7902,True,Stable baseline,0.16,0.91243,2.3,4.5,7.1
4418a4f0-5185-4ca9-8a85-a8ed7d6d8870,100-12-34-177-01,Shaft1,8SH-NDE,8-SH-RV,MF RMS Accel,BandEnergyFromSpectrum,g,6,30,0.031366,0.0408,0.047,True,Stable baseline,-0.4,0.76539,0.5,1.0,2.0
6b5b6534-5ed7-4bf6-959a-47e0f9d1edb4,100-12-34-772-01,ElectricMotor1,2MT-DE,2-MT-RV,OV Accel,Acceleration,g,6,50,0.081229,0.1056,0.1218,True,Stable baseline,-0.98,0.5422,2.0,3.0,6.0
4322796b-6387-4da8-b21c-a60391237dcb,4002861-50500,Pump1,3PP-DE,3-PP-RH,LF RMS Accel,BandEnergyFromSpectrum,g,6,40,0.062439,0.0812,0.0937,True,Stable baseline,-1.24,0.43065,0.2,0.4,0.8
8c097769-c06f-45ff-b124-b425f9a07faf,2204674-25200,ElectricMotor1,1MT-NDE,1-MT-Ax,Pk-Pk Accel,Acceleration,g,6,37,1.29743,,,False,"Unstable (increasing trend, slope=5.6%/month, p=0.002) — ISO alarms remain active",5.61,0.0017,3.0,6.0,9.0
61567fca-5d02-4da4-933d-d5959c33b06d,100-12-34-510-21,ElectricMotor1,2MT-DE,2-MT-R=,OV Accel,Acceleration,g,6,51,0.490372,0.6375,0.7356,True,Stable baseline,-0.15,0.84006,2.0,3.0,6.0
5d071c42-70ae-41ae-ab75-66543fc85f14,100-12-34-157-01,ElectricMotor1,2MT-DE,2-MT-Ax,OV Vel,VibrationVelocity,mm/s,2,10,,,,,Insufficient data: 2 months (need 3),,,2.3,4.5,7.1
6b60b0aa-ef09-4630-b0c3-9a82f9488b6f,100-12-34-137-01,ElectricMotor1,1MT-NDE,1-MT-RV,Pk-Pk Accel,Acceleration,g,6,46,1.132633,1.4724,1.6989,True,Stable baseline,0.29,0.77369,3.0,6.0,9.0
ed08d57e-d030-4584-ba5c-b8e95227ae28,100-12-34-599-01,ElectricMotor1,2MT-DE,2-MT-RV,OV Vel,VibrationVelocity,mm/s,6,48,0.498275,0.6478,0.7474,True,Stable baseline,1.72,0.30197,2.3,4.5,7.1
551c74fc-55de-40ed-aafc-1e0e6781fdfd,100-12-34-510-11,ElectricMotor1,2MT-DE,2-MT-Ax,Pk-Pk Accel,Acceleration,g,6,42,1.36084,1.7691,2.0413,True,Stable baseline,2.86,0.06366,3.0,6.0,9.0
6b5b6534-5ed7-4bf6-959a-47e0f9d1edb4,100-12-34-772-01,Pump1,4PP-NDE,4-PP-RV,OV Accel,Acceleration,g,6,37,0.075041,0.0976,0.1126,True,Stable baseline,0.2,0.87876,2.0,3.0,6.0
cb82f5f4-a90f-417b-9120-982c9cc359e8,100-12-34-182-01,ElectricMotor1,2MT-DE,2-MT-Ax,OV Accel,Acceleration,g,6,36,0.169656,0.2206,0.2545,True,Stable baseline,0.35,0.79845,2.0,3.0,6.0
f0256864-92af-49d6-b5bb-fa91f04642f9,4003245-01070,ElectricMotor1,1MT-NDE,1-MT-RH,Pk-Pk Accel,Acceleration,g,6,42,5.158827,6.7065,7.7382,True,Stable baseline,1.05,0.33559,3.0,6.0,9.0
10694b53-68ec-4cc5-ba70-011ea9cfc8cb,100-12-34-442-01,Pump1,3PP-DE,3-PP-RV,OV Vel,VibrationVelocity,mm/s,1,7,,,,,Insufficient data: 1 months (need 3),,,2.3,4.5,7.1
c6e1ea8c-b0aa-4ab3-b1ab-4a7c92913666,4003245-01050,ElectricMotor1,2MT-DE,2-MT-RH,OV Accel,Acceleration,g,6,42,1.711084,2.2244,2.5666,True,Stable baseline,-0.97,0.3374,2.0,3.0,6.0
c6e1ea8c-b0aa-4ab3-b1ab-4a7c92913666,4003245-01050,Pump1,3PP-DE,3-PP-RH,MF Velocity (~3-8X),BandEnergyFromSpectrum,mm/s,6,44,9.347941,,,False,"Unstable (increasing trend, slope=7.1%/month, p=0.001) — ISO alarms remain active",7.11,0.00101,1.0,3.0,5.0
10694b53-68ec-4cc5-ba70-011ea9cfc8cb,100-12-34-442-01,Pump1,3PP-DE,3-PP-Ax,MF Velocity (~3-8X),BandEnergyFromSpectrum,mm/s,6,36,0.37991,0.4939,0.5699,True,Stable baseline,0.88,0.27432,1.0,3.0,5.0
6b60b0aa-ef09-4630-b0c3-9a82f9488b6f,100-12-34-137-01,Shaft1,8SH-NDE,8-SH-Ax,MF RMS Accel,BandEnergyFromSpectrum,g,6,39,0.017962,0.0234,0.0269,True,Stable baseline,1.14,0.34698,0.5,1.0,2.0
6b60b0aa-ef09-4630-b0c3-9a82f9488b6f,100-12-34-137-01,ElectricMotor1,2MT-DE,2-MT-RH,LF RMS Accel,BandEnergyFromSpectrum,g,6,60,0.007937,0.0103,0.0119,True,Stable baseline,0.79,0.58115,0.2,0.4,0.8
c6e1ea8c-b0aa-4ab3-b1ab-4a7c92913666,4003245-01050,Pump1,4PP-NDE,4-PP-Ax,MF Velocity (~3-8X),BandEnergyFromSpectrum,mm/s,6,50,1.479528,1.9234,2.2193,True,Stable baseline,-0.1,0.94602,1.0,3.0,5.0
4e95bfc9-5c27-4ef2-8f21-e1680ea3525a,100-12-34-052-01,ElectricMotor1,1MT-NDE,1-MT-RV,HF RMS Accel,BandEnergyFromSpectrum,g,6,44,0.012011,0.0156,0.018,True,Stable baseline,0.78,0.66192,1.5,3.0,6.0
2f0c1896-955a-4c2b-b25f-c632bd837c5d,100-12-34-122-01,Pump1,3PP-DE,3-PP-RV,Pk-Pk Accel,Acceleration,g,6,38,6.900748,8.971,10.3511,True,Stable baseline,-0.9,0.56616,3.0,6.0,9.0
43aad99e-1dbc-4d74-b061-e10b847dea3e,4003245-01030,Pump1,3PP-DE,3-PP-RH,HF RMS Accel,BandEnergyFromSpectrum,g,6,49,0.59309,0.771,0.8896,True,Stable baseline,-1.59,0.05588,1.5,3.0,6.0
cb82f5f4-a90f-417b-9120-982c9cc359e8,100-12-34-182-01,Pump1,4PP-NDE,4-PP-RV,HF RMS Accel,BandEnergyFromSpectrum,g,6,49,0.547248,0.7114,0.8209,True,Stable baseline,-1.27,0.30928,1.5,3.0,6.0
9cd3dcc6-d8f4-42a8-bfd4-4957a1c3d83b,2204674-84200,Pump1,3PP-DE,3-PP-Ax,LF RMS Accel,BandEnergyFromSpectrum,g,6,38,0.064793,,,False,"Unstable (increasing trend, slope=7.1%/month, p=0.000) — ISO alarms remain active",7.15,4e-05,0.2,0.4,0.8
baa957f8-47b1-4422-b93b-9c0e9c3cf8a3,100-12-34-042-01,Pump1,3PP-DE,3-PP-RV,HF RMS Accel,BandEnergyFromSpectrum,g,6,49,0.004945,0.0064,0.0074,True,Stable baseline,1.23,0.49129,1.5,3.0,6.0
5a52a7bb-3ac4-4087-b2ae-b50b8ac5d619,2204674-12700,ElectricMotor1,1MT-NDE,1-MT-Ax,Pk-Pk Accel,Acceleration,g,6,40,1.466009,,,False,"Unstable (increasing trend, slope=7.4%/month, p=0.001) — ISO alarms remain active",7.43,0.00143,3.0,6.0,9.0
f0256864-92af-49d6-b5bb-fa91f04642f9,4003245-01070,ElectricMotor1,1MT-NDE,1-MT-RV,MF RMS Accel,BandEnergyFromSpectrum,g,6,33,0.271518,,,False,"Unstable (increasing trend, slope=7.7%/month, p=0.001) — ISO alarms remain active",7.69,0.0005,0.5,1.0,2.0
4a5f1f07-5d69-47ff-ad0c-51f038ca26f5,2204674-80200,ElectricMotor1,2MT-DE,2-MT-RV,OV Accel,Acceleration,g,6,48,0.292857,0.3807,0.4393,True,Stable baseline,0.01,0.99712,2.0,3.0,6.0
5d071c42-70ae-41ae-ab75-66543fc85f14,100-12-34-157-01,Pump1,4PP-NDE,4-PP-Ax,Pk-Pk Accel,Acceleration,g,6,41,1.147983,,,False,"Unstable (increasing trend, slope=7.1%/month, p=0.000) — ISO alarms remain active",7.06,0.00037,3.0,6.0,9.0
4418a4f0-5185-4ca9-8a85-a8ed7d6d8870,100-12-34-177-01,ElectricMotor1,2MT-DE,2-MT-RV,HF RMS Accel,BandEnergyFromSpectrum,g,1,10,,,,,Insufficient data: 1 months (need 3),,,1.5,3.0,6.0
8f669413-f706-47d4-92c1-000af5b89657,2204673-65200,Pump1,4PP-NDE,4-PP-RH,HF RMS Accel,BandEnergyFromSpectrum,g,6,51,0.198048,0.2575,0.2971,True,Stable baseline,0.63,0.46605,1.5,3.0,6.0
4418a4f0-5185-4ca9-8a85-a8ed7d6d8870,100-12-34-177-01,GearBox1,4GB-InNDE,4-GB-RV,OV Vel,VibrationVelocity,mm/s,6,48,1.009784,1.3127,1.5147,True,Stable baseline,-1.28,0.05772,2.3,4.5,7.1
cb82f5f4-a90f-417b-9120-982c9cc359e8,100-12-34-182-01,ElectricMotor1,1MT-NDE,1-MT-RV,HF RMS Accel,BandEnergyFromSpectrum,g,1,7,,,,,Insufficient data: 1 months (need 3),,,1.5,3.0,6.0
baa957f8-47b1-4422-b93b-9c0e9c3cf8a3,100-12-34-042-01,Pump1,4PP-NDE,4-PP-RV,HF RMS Accel,BandEnergyFromSpectrum,g,6,42,0.01076,,,False,"Unstable (increasing trend, slope=7.2%/month, p=0.002) — ISO alarms remain active",7.16,0.0018,1.5,3.0,6.0
1d898064-4876-4e5b-885f-a3ac174fa02b,100-12-34-162-01,Pump1,3PP-DE,3-PP-RV,Pk-Pk Accel,Acceleration,g,2,17,,,,,Insufficient data: 2 months (need 3),,,3.0,6.0,9.0
4418a4f0-5185-4ca9-8a85-a8ed7d6d8870,100-12-34-177-01,GearBox1,3GB-InDE,3-GB-RH,Pk-Pk Accel,Acceleration,g,6,47,2.433672,3.1638,3.6505,True,Stable baseline,0.23,0.87567,3.0,6.0,9.0
4418a4f0-5185-4ca9-8a85-a8ed7d6d8870,100-12-34-177-01,GearBox1,4GB-InNDE,4-GB-Ax,HF RMS Accel,BandEnergyFromSpectrum,g,6,46,0.027779,0.0361,0.0417,True,Stable baseline,0.92,0.48099,1.5,3.0,6.0
4e95bfc9-5c27-4ef2-8f21-e1680ea3525a,100-12-34-052-01,Pump1,3PP-DE,3-PP-RV,MF Velocity (~3-8X),BandEnergyFromSpectrum,mm/s,1,5,,,,,Insufficient data: 1 months (need 3),,,1.0,3.0,5.0
10694b53-68ec-4cc5-ba70-011ea9cfc8cb,100-12-34-442-01,Pump1,4PP-NDE,4-PP-RV,MF RMS Accel,BandEnergyFromSpectrum,g,6,42,0.422363,0.5491,0.6335,True,Stable baseline,-0.06,0.96721,0.5,1.0,2.0
cb82f5f4-a90f-417b-9120-982c9cc359e8,100-12-34-182-01,Pump1,3PP-DE,3-PP-RV,LF RMS Accel,BandEnergyFromSpectrum,g,6,48,0.084264,,,False,"Unstable (increasing trend, slope=7.0%/month, p=0.000) — ISO alarms remain active",7.03,0.00017,0.2,0.4,0.8
1183b785-83bc-4239-9fd1-4c4e5ad0d5f0,2204673-64200,Pump1,4PP-NDE,4-PP-Ax,HF RMS Accel,BandEnergyFromSpectrum,g,6,45,0.036577,0.0475,0.0549,True,Stable baseline,-0.44,0.73592,1.5,3.0,6.0
df615b42-35ae-4d9e-8440-ec02f423d24f,2204674-86700,ElectricMotor1,2MT-DE,2-MT-Ax,Pk-Pk Accel,Acceleration,g,6,62,5.007669,6.51,7.5115,True,Stable baseline,-0.55,0.37273,3.0,6.0,9.0
df615b42-35ae-4d9e-8440-ec02f423d24f,2204674-86700,Pump1,4PP-NDE,4-PP-RV,OV Accel,Acceleration,g,1,8,,,,,Insufficient data: 1 months (need 3),,,2.0,3.0,6.0
9cd3dcc6-d8f4-42a8-bfd4-4957a1c3d83b,2204674-84200,ElectricMotor1,1MT-NDE,1-MT-RV,LF RMS Accel,BandEnergyFromSpectrum,g,6,30,0.010756,,,False,"Unstable (increasing trend, slope=7.0%/month, p=0.001) — ISO alarms remain active",7.0,0.0005,0.2,0.4,0.8
2f0c1896-955a-4c2b-b25f-c632bd837c5d,100-12-34-122-01,ElectricMotor1,2MT-DE,2-MT-RH,OV Vel,VibrationVelocity,mm/s,6,58,4.096443,,,False,"Unstable (increasing trend, slope=6.5%/month, p=0.002) — ISO alarms remain active",6.5,0.0016,2.3,4.5,7.1
8c097769-c06f-45ff-b124-b425f9a07faf,2204674-25200,LobulusCompressor1,4LC-NDE,4-LC-Ax,HF RMS Accel,BandEnergyFromSpectrum,g,6,30,0.108759,0.1414,0.1631,True,Stable baseline,-1.44,0.23099,1.5,3.0,6.0
43aad99e-1dbc-4d74-b061-e10b847dea3e,4003245-01030,Pump1,3PP-DE,3-PP-RV,OV Vel,VibrationVelocity,mm/s,6,40,2.241876,2.9144,3.3628,True,Stable baseline,-1.06,0.31698,2.3,4.5,7.1
8c097769-c06f-45ff-b124-b425f9a07faf,2204674-25200,ElectricMotor1,1MT-NDE,1-MT-Ax,HF RMS Accel,BandEnergyFromSpectrum,g,2,10,,,,,Insufficient data: 2 months (need 3),,,1.5,3.0,6.0
6b60b0aa-ef09-4630-b0c3-9a82f9488b6f,100-12-34-137-01,GearBox1,3GB-InDE,3-GB-RV,Pk-Pk Accel,Acceleration,g,6,55,1.499204,1.949,2.2488,True,Stable baseline,-0.6,0.57435,3.0,6.0,9.0
5a52a7bb-3ac4-4087-b2ae-b50b8ac5d619,2204674-12700,ElectricMotor1,2MT-DE,2-MT-RH,OV Vel,VibrationVelocity,mm/s,6,37,0.981817,1.2764,1.4727,True,Stable baseline,1.27,0.2465,2.3,4.5,7.1
5d071c42-70ae-41ae-ab75-66543fc85f14,100-12-34-157-01,Pump1,4PP-NDE,4-PP-RV,Pk-Pk Accel,Acceleration,g,6,47,1.30355,1.6946,1.9553,True,Stable baseline,0.89,0.44247,3.0,6.0,9.0
6b94553b-624d-41d6-ae32-d3ba7ca02dce,4003245-01060 No.6,Pump1,4PP-NDE,4-PP-RH,Pk-Pk Accel,Acceleration,g,6,37,4.132178,5.3718,6.1983,True,Stable baseline,0.59,0.60868,3.0,6.0,9.0
4e95bfc9-5c27-4ef2-8f21-e1680ea3525a,100-12-34-052-01,ElectricMotor1,2MT-DE,2-MT-Ax,MF RMS Accel,BandEnergyFromSpectrum,g,6,56,0.120578,,,False,"Unstable (increasing trend, slope=6.3%/month, p=0.001) — ISO alarms remain active",6.25,0.00082,0.5,1.0,2.0
10694b53-68ec-4cc5-ba70-011ea9cfc8cb,100-12-34-442-01,ElectricMotor1,2MT-DE,2-MT-RH,Pk-Pk Accel,Acceleration,g,6,46,1.071955,1.3935,1.6079,True,Stable baseline,-0.48,0.61735,3.0,6.0,9.0
ddec0803-5671-4d5f-bcd2-6ad1ec7ba006,2204674-18200,Pump1,3PP-DE,3-PP-Ax,Pk-Pk Accel,Acceleration,g,6,41,0.577535,,,False,"Unstable (increasing trend, slope=7.0%/month, p=0.003) — ISO alarms remain active",7.02,0.00266,3.0,6.0,9.0
2f0c1896-955a-4c2b-b25f-c632bd837c5d,100-12-34-122-01,Pump1,3PP-DE,3-PP-RH,OV Accel,Acceleration,g,6,49,0.435859,,,False,"Unstable (increasing trend, slope=7.8%/month, p=0.000) — ISO alarms remain active",7.77,0.00014,2.0,3.0,6.0
c6e1ea8c-b0aa-4ab3-b1ab-4a7c92913666,4003245-01050,Pump1,3PP-DE,3-PP-Ax,MF Velocity (~3-8X),BandEnergyFromSpectrum,mm/s,6,49,1.912884,2.4867,2.8693,True,Stable baseline,1.74,0.18836,1.0,3.0,5.0
4418a4f0-5185-4ca9-8a85-a8ed7d6d8870,100-12-34-177-01,GearBox1,3GB-InDE,3-GB-RV,LF RMS Accel,BandEnergyFromSpectrum,g,6,54,0.029993,,,False,"Unstable (increasing trend, slope=5.4%/month, p=0.001) — ISO alarms remain active",5.4,0.00063,0.2,0.4,0.8
df615b42-35ae-4d9e-8440-ec02f423d24f,2204674-86700,ElectricMotor1,1MT-NDE,1-MT-Ax,HF RMS Accel,BandEnergyFromSpectrum,g,6,37,0.128079,0.1665,0.1921,True,Stable baseline,0.58,0.67779,1.5,3.0,6.0
d02dc63f-663b-465c-8e99-133e530a34f3,2204674-18700,ElectricMotor1,2MT-DE,2-MT-RH,MF Velocity (~3-8X),BandEnergyFromSpectrum,mm/s,2,14,,,,,Insufficient data: 2 months (need 3),,,1.0,3.0,5.0
6b94553b-624d-41d6-ae32-d3ba7ca02dce,4003245-01060 No.6,Pump1,3PP-DE,3-PP-RH,MF RMS Accel,BandEnergyFromSpectrum,g,6,43,0.780817,1.0151,1.1712,True,Stable baseline,-1.38,0.34921,0.5,1.0,2.0
6ede0422-81cb-4ec5-a1c5-1d25b11af911,100-12-34-112-01,Pump1,3PP-DE,3-PP-RV,MF RMS Accel,BandEnergyFromSpectrum,g,6,50,0.09534,,,False,"Unstable (increasing trend, slope=5.3%/month, p=0.001) — ISO alarms remain active",5.29,0.00055,0.5,1.0,2.0
cb82f5f4-a90f-417b-9120-982c9cc359e8,100-12-34-182-01,ElectricMotor1,1MT-NDE,1-MT-Ax,OV Accel,Acceleration,g,6,34,0.142947,,,False,"Unstable (increasing trend, slope=6.2%/month, p=0.004) — ISO alarms remain active",6.25,0.00403,2.0,3.0,6.0
4a5f1f07-5d69-47ff-ad0c-51f038ca26f5,2204674-80200,Pump1,3PP-DE,3-PP-RH,Pk-Pk Accel,Acceleration,g,6,47,2.104402,2.7357,3.1566,True,Stable baseline,-0.46,0.40684,3.0,6.0,9.0
4418a4f0-5185-4ca9-8a85-a8ed7d6d8870,100-12-34-177-01,Shaft1,7SH-DE,7-SH-Ax,LF RMS Accel,BandEnergyFromSpectrum,g,6,44,0.015159,0.0197,0.0227,True,Stable baseline,0.94,0.50203,0.2,0.4,0.8
5a52a7bb-3ac4-4087-b2ae-b50b8ac5d619,2204674-12700,ElectricMotor1,2MT-DE,2-MT-RV,OV Accel,Acceleration,g,6,44,0.191213,0.2486,0.2868,True,Stable baseline,0.24,0.85727,2.0,3.0,6.0
5d071c42-70ae-41ae-ab75-66543fc85f14,100-12-34-157-01,Pump1,4PP-NDE,4-PP-Ax,LF RMS Accel,BandEnergyFromSpectrum,g,6,56,0.11105,,,False,"Unstable (increasing trend, slope=6.6%/month, p=0.001) — ISO alarms remain active",6.62,0.00086,0.2,0.4,0.8
971c1886-fae1-4e46-bdc2-fedaf770dc42,2204673-20200,Pump1,3PP-DE,3-PP-Ax,Pk-Pk Accel,Acceleration,g,6,47,1.666656,2.1667,2.5,True,Stable baseline,-0.93,0.32414,3.0,6.0,9.0
6ede0422-81cb-4ec5-a1c5-1d25b11af911,100-12-34-112-01,Pump1,3PP-DE,3-PP-RH,OV Accel,Acceleration,g,6,48,0.164285,0.2136,0.2464,True,Stable baseline,0.47,0.69146,2.0,3.0,6.0
9cd3dcc6-d8f4-42a8-bfd4-4957a1c3d83b,2204674-84200,Pump1,3PP-DE,3-PP-RH,MF Velocity (~3-8X),BandEnergyFromSpectrum,mm/s,6,42,0.160693,0.2089,0.241,True,Stable baseline,0.27,0.76216,1.0,3.0,5.0
4a5f1f07-5d69-47ff-ad0c-51f038ca26f5,2204674-80200,Pump1,3PP-DE,3-PP-Ax,MF RMS Accel,BandEnergyFromSpectrum,g,6,44,0.352806,0.4586,0.5292,True,Stable baseline,-1.19,0.27003,0.5,1.0,2.0
10694b53-68ec-4cc5-ba70-011ea9cfc8cb,100-12-34-442-01,Pump1,3PP-DE,3-PP-Ax,Pk-Pk Accel,Acceleration,g,6,44,3.030217,3.9393,4.5453,True,Stable baseline,-0.27,0.77309,3.0,6.0,9.0
9cd3dcc6-d8f4-42a8-bfd4-4957a1c3d83b,2204674-84200,Pump1,3PP-DE,3-PP-RV,Pk-Pk Accel,Acceleration,g,6,54,2.151594,2.7971,3.2274,True,Stable baseline,-0.44,0.57793,3.0,6.0,9.0
5a52a7bb-3ac4-4087-b2ae-b50b8ac5d619,2204674-12700,Pump1,3PP-DE,3-PP-Ax,Pk-Pk Accel,Acceleration,g,6,51,2.261784,2.9403,3.3927,True,Stable baseline,0.69,0.61724,3.0,6.0,9.0
9cd3dcc6-d8f4-42a8-bfd4-4957a1c3d83b,2204674-84200,ElectricMotor1,2MT-DE,2-MT-RV,Pk-Pk Accel,Acceleration,g,6,35,0.566004,0.7358,0.849,True,Stable baseline,-0.95,0.42449,3.0,6.0,9.0
971c1886-fae1-4e46-bdc2-fedaf770dc42,2204673-20200,ElectricMotor1,2MT-DE,2-MT-RH,OV Vel,VibrationVelocity,mm/s,6,40,0.740841,0.9631,1.1113,True,Stable baseline,-0.3,0.7141,2.3,4.5,7.1
8c097769-c06f-45ff-b124-b425f9a07faf,2204674-25200,LobulusCompressor1,3LC-DE,3-LC-RH,LF RMS Accel,BandEnergyFromSpectrum,g,6,44,0.049371,0.0642,0.0741,True,Stable baseline,-1.4,0.25604,0.2,0.4,0.8
1183b785-83bc-4239-9fd1-4c4e5ad0d5f0,2204673-64200,Pump1,3PP-DE,3-PP-Ax,OV Vel,VibrationVelocity,mm/s,6,49,0.770172,1.0012,1.1553,True,Stable baseline,1.94,0.05147,2.3,4.5,7.1
8f669413-f706-47d4-92c1-000af5b89657,2204673-65200,ElectricMotor1,2MT-DE,2-MT-RV,OV Vel,VibrationVelocity,mm/s,6,45,1.461994,,,False,"Unstable (increasing trend, slope=5.3%/month, p=0.000) — ISO alarms remain active",5.3,0.00027,2.3,4.5,7.1
4322796b-6387-4da8-b21c-a60391237dcb,4002861-50500,ElectricMotor1,2MT-DE,2-MT-Ax,LF RMS Accel,BandEnergyFromSpectrum,g,1,3,,,,,Insufficient data: 1 months (need 3),,,0.2,0.4,0.8
5a52a7bb-3ac4-4087-b2ae-b50b8ac5d619,2204674-12700,Pump1,4PP-NDE,4-PP-Ax,HF RMS Accel,BandEnergyFromSpectrum,g,6,33,0.02026,,,False,"Unstable (increasing trend, slope=6.9%/month, p=0.001) — ISO alarms remain active",6.86,0.00112,1.5,3.0,6.0
5a52a7bb-3ac4-4087-b2ae-b50b8ac5d619,2204674-12700,ElectricMotor1,1MT-NDE,1-MT-Ax,MF Velocity (~3-8X),BandEnergyFromSpectrum,mm/s,6,32,0.637711,0.829,0.9566,True,Stable baseline,0.47,0.5431,1.0,3.0,5.0
baa957f8-47b1-4422-b93b-9c0e9c3cf8a3,100-12-34-042-01,ElectricMotor1,2MT-DE,2-MT-RH,LF RMS Accel,BandEnergyFromSpectrum,g,6,42,0.028844,,,False,"Unstable (increasing trend, slope=6.5%/month, p=0.001) — ISO alarms remain active",6.51,0.00064,0.2,0.4,0.8
551c74fc-55de-40ed-aafc-1e0e6781fdfd,100-12-34-510-11,GearBox1,3GB-InDE,3-GB-RV,MF RMS Accel,BandEnergyFromSpectrum,g,6,49,0.553451,,,False,"Unstable (increasing trend, slope=6.4%/month, p=0.002) — ISO alarms remain active",6.38,0.00158,0.5,1.0,2.0
c6e1ea8c-b0aa-4ab3-b1ab-4a7c92913666,4003245-01050,Pump1,3PP-DE,3-PP-Ax,HF RMS Accel,BandEnergyFromSpectrum,g,6,45,0.413044,0.537,0.6196,True,Stable baseline,1.45,0.33738,1.5,3.0,6.0
10694b53-68ec-4cc5-ba70-011ea9cfc8cb,100-12-34-442-01,ElectricMotor1,1MT-NDE,1-MT-RH,HF RMS Accel,BandEnergyFromSpectrum,g,6,32,0.137358,,,False,"Unstable (increasing trend, slope=7.1%/month, p=0.002) — ISO alarms remain active",7.08,0.00194,1.5,3.0,6.0
c5661652-b006-41ac-9678-a9f8cee30d2e,2204674-91700,ElectricMotor1,1MT-NDE,1-MT-Ax,OV Vel,VibrationVelocity,mm/s,6,35,3.218188,4.1836,4.8273,True,Stable baseline,0.22,0.84099,2.3,4.5,7.1
1183b785-83bc-4239-9fd1-4c4e5ad0d5f0,2204673-64200,Pump1,3PP-DE,3-PP-RH,OV Vel,VibrationVelocity,mm/s,6,47,0.505823,0.6576,0.7587,True,Stable baseline,-2.3,0.04149,2.3,4.5,7.1
cb82f5f4-a90f-417b-9120-982c9cc359e8,100-12-34-182-01,Pump1,4PP-NDE,4-PP-RH,Pk-Pk Accel,Acceleration,g,6,47,4.265341,5.5449,6.398,True,Stable baseline,-1.03,0.52042,3.0,6.0,9.0
551c74fc-55de-40ed-aafc-1e0e6781fdfd,100-12-34-510-11,GearBox1,3GB-InDE,3-GB-Ax,LF RMS Accel,BandEnergyFromSpectrum,g,6,41,0.067887,0.0883,0.1018,True,Stable baseline,-1.29,0.09664,0.2,0.4,0.8
551c74fc-55de-40ed-aafc-1e0e6781fdfd,100-12-34-510-11,GearBox1,3GB-InDE,3-GB-RH,OV Accel,Acceleration,g,2,14,,,,,Insufficient data: 2 months (need 3),,,2.0,3.0,6.0
1d898064-4876-4e5b-885f-a3ac174fa02b,100-12-34-162-01,ElectricMotor1,1MT-NDE,1-MT-RH,MF RMS Accel,BandEnergyFromSpectrum,g,6,53,0.082221,0.1069,0.1233,True,Stable baseline,-1.7,0.15047,0.5,1.0,2.0
43aad99e-1dbc-4d74-b061-e10b847dea3e,4003245-01030,Pump1,3PP-DE,3-PP-RV,OV Accel,Acceleration,g,6,53,0.817569,1.0628,1.2264,True,Stable baseline,-0.02,0.99199,2.0,3.0,6.0
c6e1ea8c-b0aa-4ab3-b1ab-4a7c92913666,4003245-01050,Pump1,4PP-NDE,4-PP-RH,LF RMS Accel,BandEnergyFromSpectrum,g,2,13,,,,,Insufficient data: 2 months (need 3),,,0.2,0.4,0.8
920f4ad8-e17b-4e95-bb07-fe8ccfbdeb6a,2204674-12200,ElectricMotor1,2MT-DE,2-MT-RV,HF RMS Accel,BandEnergyFromSpectrum,g,6,49,0.023738,,,False,"Unstable (increasing trend, slope=6.5%/month, p=0.001) — ISO alarms remain active",6.48,0.00105,1.5,3.0,6.0
f0256864-92af-49d6-b5bb-fa91f04642f9,4003245-01070,ElectricMotor1,1MT-NDE,1-MT-Ax,Pk-Pk Accel,Acceleration,g,6,50,1.349558,1.7544,2.0243,True,Stable baseline,0.15,0.94109,3.0,6.0,9.0
ddec0803-5671-4d5f-bcd2-6ad1ec7ba006,2204674-18200,ElectricMotor1,2MT-DE,2-MT-RV,LF RMS Accel,BandEnergyFromSpectrum,g,6,52,0.011394,0.0148,0.0171,True,Stable baseline,-0.43,0.55926,0.2,0.4,0.8
d02dc63f-663b-465c-8e99-133e530a34f3,2204674-18700,Pump1,3PP-DE,3-PP-Ax,MF Velocity (~3-8X),BandEnergyFromSpectrum,mm/s,6,36,0.239329,0.3111,0.359,True,Stable baseline,0.97,0.5314,1.0,3.0,5.0
2f0c1896-955a-4c2b-b25f-c632bd837c5d,100-12-34-122-01,ElectricMotor1,1MT-NDE,1-MT-RH,MF RMS Accel,BandEnergyFromSpectrum,g,6,50,0.069041,0.0898,0.1036,True,Stable baseline,-0.44,0.80556,0.5,1.0,2.0
4418a4f0-5185-4ca9-8a85-a8ed7d6d8870,100-12-34-177-01,ElectricMotor1,1MT-NDE,1-MT-RH,HF RMS Accel,BandEnergyFromSpectrum,g,6,46,0.460223,0.5983,0.6903,True,Stable baseline,-0.23,0.87217,1.5,3.0,6.0
2f0c1896-955a-4c2b-b25f-c632bd837c5d,100-12-34-122-01,Pump1,4PP-NDE,4-PP-RH,OV Vel,VibrationVelocity,mm/s,6,35,5.184726,6.7401,7.7771,True,Stable baseline,0.05,0.95389,2.3,4.5,7.1
6b60b0aa-ef09-4630-b0c3-9a82f9488b6f,100-12-34-137-01,Shaft1,7SH-DE,7-SH-Ax,MF RMS Accel,BandEnergyFromSpectrum,g,6,52,0.101751,0.1323,0.1526,True,Stable baseline,0.8,0.51018,0.5,1.0,2.0
5a52a7bb-3ac4-4087-b2ae-b50b8ac5d619,2204674-12700,Pump1,4PP-NDE,4-PP-RH,HF RMS Accel,BandEnergyFromSpectrum,g,6,56,0.175866,0.2286,0.2638,True,Stable baseline,0.24,0.86346,1.5,3.0,6.0
1183b785-83bc-4239-9fd1-4c4e5ad0d5f0,2204673-64200,ElectricMotor1,1MT-NDE,1-MT-RV,LF RMS Accel,BandEnergyFromSpectrum,g,6,39,0.035676,0.0464,0.0535,True,Stable baseline,0.7,0.52527,0.2,0.4,0.8
164cfd2d-d063-4589-97cc-a51a08ac9d58,4003881-06100,DrivenGeneric1,3 GB I/P DE,3-GB-RV,HF RMS Accel,BandEnergyFromSpectrum,g,6,61,2.615548,3.4002,3.9233,True,Stable baseline,-0.89,0.42746,1.5,3.0,6.0
164cfd2d-d063-4589-97cc-a51a08ac9d58,4003881-06100,Pump1,7PP-DE,7-PP-RH,MF RMS Accel,BandEnergyFromSpectrum,g,1,3,,,,,Insufficient data: 1 months (need 3),,,0.5,1.0,2.0
164cfd2d-d063-4589-97cc-a51a08ac9d58,4003881-06100,DrivenGeneric1,5GB O/P DE,5-GB-RV,3X Vel,PeakValueFromSpectrum,mm/s,6,43,0.009802,0.0127,0.0147,True,Stable baseline,-1.23,0.46233,1.0,2.15,3.3
971c1886-fae1-4e46-bdc2-fedaf770dc42,2204673-20200,Pump1,3PP-DE,3-PP-RH,MF Velocity (~3-8X),BandEnergyFromSpectrum,mm/s,6,52,0.38464,0.5,0.577,True,Stable baseline,1.79,0.14432,1.0,3.0,5.0
ed08d57e-d030-4584-ba5c-b8e95227ae28,100-12-34-599-01,ElectricMotor1,1MT-NDE,1-MT-RV,LF RMS Accel,BandEnergyFromSpectrum,g,6,47,0.019093,0.0248,0.0286,True,Stable baseline,0.67,0.69229,0.2,0.4,0.8
920f4ad8-e17b-4e95-bb07-fe8ccfbdeb6a,2204674-12200,ElectricMotor1,1MT-NDE,1-MT-Ax,HF RMS Accel,BandEnergyFromSpectrum,g,1,6,,,,,Insufficient data: 1 months (need 3),,,1.5,3.0,6.0
281a89db-fe26-41dc-9437-de62d0776040,M714B TRADE EFFLUENT PUMPING TANK AGITATOR B,DrivenGeneric1,4Gbx OP,4-Gbx-RV,MF Velocity (~3-8X),BandEnergyFromSpectrum,mm/s,6,34,0.230113,0.2991,0.3452,True,Stable baseline,-0.62,0.66125,0.5,1.0,3.0
a326cf06-f920-4053-9209-af1656e61930,D201C Rotary Kiln,DrivenGeneric1,4Gbx OP,4-Gbx-RH,HF RMS Accel,BandEnergyFromSpectrum,g,6,47,0.550847,0.7161,0.8263,True,Stable baseline,1.16,0.45138,1.5,3.0,6.0
c9bacd3b-4373-4333-a6f9-3a93084b10d6,L206C Retention Bunker,GearBox1,4GB-InNDE,4-GB-RV,OV Vel,VibrationVelocity,mm/s,6,51,1.713375,2.2274,2.5701,True,Stable baseline,-0.92,0.27398,2.3,4.5,7.1
1093b0a7-8dd6-4b70-9562-53e8069da8ed,A504 CARBON MILL,ElectricMotor1,1MT-NDE,1-MT-RH,LF RMS Accel,BandEnergyFromSpectrum,g,6,47,0.149545,0.1944,0.2243,True,Stable baseline,0.66,0.4938,0.2,0.4,0.8
d63260ed-4913-4b9f-bdc0-c24b304aaa0e,L206A Retention Bunker,GearBox1,4GB-InNDE,4-GB-RV,OV Vel,VibrationVelocity,mm/s,6,41,1.220669,,,False,"Unstable (increasing trend, slope=6.9%/month, p=0.002) — ISO alarms remain active",6.88,0.00152,2.3,4.5,7.1
1bef1163-41d3-4ec0-a4db-f69fb0850d30,K511 VACUUM CLEANING EXHAUSTER,Pump1,4PP-NDE,4-PP-RH,OV Vel,VibrationVelocity,mm/s,6,42,3.070554,3.9917,4.6058,True,Stable baseline,-0.76,0.44394,2.3,4.5,7.1
f1bc2df3-4ff2-4a22-a654-795e1694bf7f,P714B TRADE EFFLUENT TRANSFER PUMP B,ElectricMotor1,2MT-DE,2-MT-RH,2X Vel,PeakValueFromSpectrum,mm/s,6,39,0.326223,0.4241,0.4893,True,Stable baseline,0.03,0.98253,0.9,1.8,2.8
d55a2654-edf5-4023-8756-8afd5acff5a6,P304 1ST WASH TANK PUMP,ElectricMotor1,1MT-NDE,1-MT-Ax,MF Velocity (~3-8X),BandEnergyFromSpectrum,mm/s,6,36,4.222601,5.4894,6.3339,True,Stable baseline,-2.49,0.04743,1.0,3.0,5.0
bd49bd8e-ea36-43e7-a5fd-a98424eba58c,K404 CYCLONE MAKEUP AIR FAN,Fan1,3FN-DE,3-FN-Ax,OV Vel,VibrationVelocity,mm/s,6,54,4.627717,6.016,6.9416,True,Stable baseline,0.51,0.67162,2.3,4.5,7.1
995e8a4e-6407-4a19-98aa-361665049bb8,D201B Rotary Kiln,DrivenGeneric2,10CDn,10-CDn-RV,OV Accel,Acceleration,g,6,57,0.048622,0.0632,0.0729,True,Stable baseline,-0.86,0.47039,2.0,3.0,6.0
e2b58447-0dba-48b2-83b8-5131008a0c6a,K803 MAIN AIR COMPRESSOR,ElectricMotor1,2MT-DE,2-MT-RV,MF Velocity (~3-8X),BandEnergyFromSpectrum,mm/s,6,51,1.900278,2.4704,2.8504,True,Stable baseline,-0.27,0.7902,1.0,3.0,5.0
4e95bfc9-5c27-4ef2-8f21-e1680ea3525a,100-12-34-052-01,Pump1,4PP-NDE,4-PP-RV,MF RMS Accel,BandEnergyFromSpectrum,g,6,42,0.073501,0.0956,0.1103,True,Stable baseline,-1.08,0.47511,0.5,1.0,2.0
4a5f1f07-5d69-47ff-ad0c-51f038ca26f5,2204674-80200,Pump1,4PP-NDE,4-PP-RH,HF RMS Accel,BandEnergyFromSpectrum,g,6,49,0.352587,0.4584,0.5289,True,Stable baseline,-1.53,0.22773,1.5,3.0,6.0
f0256864-92af-49d6-b5bb-fa91f04642f9,4003245-01070,ElectricMotor1,1MT-NDE,1-MT-RH,OV Accel,Acceleration,g,6,49,1.230392,,,False,"Unstable (increasing trend, slope=6.0%/month, p=0.001) — ISO alarms remain active",6.03,0.00122,2.0,3.0,6.0
03730490-e586-4775-9f7d-24435dd06cae,2204674-82200,Pump1,4PP-NDE,4-PP-RV,MF RMS Accel,BandEnergyFromSpectrum,g,6,52,0.331627,0.4311,0.4974,True,Stable baseline,-2.2,0.13796,0.5,1.0,2.0
920f4ad8-e17b-4e95-bb07-fe8ccfbdeb6a,2204674-12200,ElectricMotor1,1MT-NDE,1-MT-Ax,MF Velocity (~3-8X),BandEnergyFromSpectrum,mm/s,6,43,2.403751,3.1249,3.6056,True,Stable baseline,-0.8,0.48271,1.0,3.0,5.0
6b94553b-624d-41d6-ae32-d3ba7ca02dce,4003245-01060 No.6,Pump1,4PP-NDE,4-PP-RV,OV Vel,VibrationVelocity,mm/s,6,46,6.203962,8.0652,9.3059,True,Stable baseline,0.06,0.9638,2.3,4.5,7.1
1d898064-4876-4e5b-885f-a3ac174fa02b,100-12-34-162-01,ElectricMotor1,2MT-DE,2-MT-Ax,Pk-Pk Accel,Acceleration,g,6,37,1.505936,1.9577,2.2589,True,Stable baseline,1.52,0.3271,3.0,6.0,9.0
df615b42-35ae-4d9e-8440-ec02f423d24f,2204674-86700,ElectricMotor1,1MT-NDE,1-MT-RV,MF Velocity (~3-8X),BandEnergyFromSpectrum,mm/s,6,52,5.501901,,,False,"Unstable (increasing trend, slope=6.6%/month, p=0.001) — ISO alarms remain active",6.58,0.00089,1.0,3.0,5.0
5d071c42-70ae-41ae-ab75-66543fc85f14,100-12-34-157-01,ElectricMotor1,1MT-NDE,1-MT-RH,Pk-Pk Accel,Acceleration,g,6,50,1.548401,2.0129,2.3226,True,Stable baseline,-0.3,0.80283,3.0,6.0,9.0
c5661652-b006-41ac-9678-a9f8cee30d2e,2204674-91700,ElectricMotor1,2MT-DE,2-MT-RH,MF RMS Accel,BandEnergyFromSpectrum,g,6,48,0.63272,0.8225,0.9491,True,Stable baseline,-0.24,0.83705,0.5,1.0,2.0
5d071c42-70ae-41ae-ab75-66543fc85f14,100-12-34-157-01,ElectricMotor1,1MT-NDE,1-MT-RH,OV Vel,VibrationVelocity,mm/s,6,44,4.21032,,,False,"Unstable (increasing trend, slope=6.2%/month, p=0.001) — ISO alarms remain active",6.19,0.00101,2.3,4.5,7.1
baa957f8-47b1-4422-b93b-9c0e9c3cf8a3,100-12-34-042-01,Pump1,3PP-DE,3-PP-RV,LF RMS Accel,BandEnergyFromSpectrum,g,6,47,0.037711,,,False,"Unstable (increasing trend, slope=6.1%/month, p=0.002) — ISO alarms remain active",6.07,0.00237,0.2,0.4,0.8
5a52a7bb-3ac4-4087-b2ae-b50b8ac5d619,2204674-12700,Pump1,3PP-DE,3-PP-RH,HF RMS Accel,BandEnergyFromSpectrum,g,6,47,0.168968,0.2197,0.2535,True,Stable baseline,0.31,0.81198,1.5,3.0,6.0
dfd2a084-a9f2-4a9f-bd33-34b210d47d0e,100-12-34-032-01,ElectricMotor1,2MT-DE,2-MT-RH,HF RMS Accel,BandEnergyFromSpectrum,g,6,40,0.027468,0.0357,0.0412,True,Stable baseline,-0.42,0.62099,1.5,3.0,6.0
44b72af3-d034-498f-8d9f-e5fe074eebbd,2204674-85200,ElectricMotor1,2MT-DE,2-MT-RH,OV Vel,VibrationVelocity,mm/s,6,41,0.35353,0.4596,0.5303,True,Stable baseline,2.58,0.00975,2.3,4.5,7.1
4a5f1f07-5d69-47ff-ad0c-51f038ca26f5,2204674-80200,ElectricMotor1,2MT-DE,2-MT-RV,MF RMS Accel,BandEnergyFromSpectrum,g,6,57,0.276926,0.36,0.4154,True,Stable baseline,-1.33,0.07285,0.5,1.0,2.0
1183b785-83bc-4239-9fd1-4c4e5ad0d5f0,2204673-64200,Pump1,4PP-NDE,4-PP-Ax,MF RMS Accel,BandEnergyFromSpectrum,g,6,50,0.193765,0.2519,0.2906,True,Stable baseline,2.15,0.00074,0.5,1.0,2.0
6b5b6534-5ed7-4bf6-959a-47e0f9d1edb4,100-12-34-772-01,ElectricMotor1,1MT-NDE,1-MT-RV,MF RMS Accel,BandEnergyFromSpectrum,g,6,47,0.032772,0.0426,0.0492,True,Stable baseline,-0.37,0.76538,0.5,1.0,2.0
03730490-e586-4775-9f7d-24435dd06cae,2204674-82200,Pump1,3PP-DE,3-PP-Ax,HF RMS Accel,BandEnergyFromSpectrum,g,6,48,0.053838,0.07,0.0808,True,Stable baseline,-1.18,0.34565,1.5,3.0,6.0
cb82f5f4-a90f-417b-9120-982c9cc359e8,100-12-34-182-01,ElectricMotor1,2MT-DE,2-MT-RH,OV Vel,VibrationVelocity,mm/s,6,48,1.741232,,,False,"Unstable (increasing trend, slope=6.5%/month, p=0.000) — ISO alarms remain active",6.52,0.0,2.3,4.5,7.1
8f669413-f706-47d4-92c1-000af5b89657,2204673-65200,Pump1,3PP-DE,3-PP-Ax,MF Velocity (~3-8X),BandEnergyFromSpectrum,mm/s,6,54,0.411489,,,False,"Unstable (increasing trend, slope=6.9%/month, p=0.001) — ISO alarms remain active",6.91,0.00085,1.0,3.0,5.0
df615b42-35ae-4d9e-8440-ec02f423d24f,2204674-86700,Pump1,3PP-DE,3-PP-Ax,OV Accel,Acceleration,g,6,47,1.116561,1.4515,1.6748,True,Stable baseline,-0.32,0.82887,2.0,3.0,6.0
baa957f8-47b1-4422-b93b-9c0e9c3cf8a3,100-12-34-042-01,ElectricMotor1,1MT-NDE,1-MT-Ax,OV Accel,Acceleration,g,6,34,0.181916,0.2365,0.2729,True,Stable baseline,0.87,0.38048,2.0,3.0,6.0
6b60b0aa-ef09-4630-b0c3-9a82f9488b6f,100-12-34-137-01,GearBox1,3GB-InDE,3-GB-Ax,OV Vel,VibrationVelocity,mm/s,6,60,0.615882,0.8006,0.9238,True,Stable baseline,1.69,0.02435,2.3,4.5,7.1
ddec0803-5671-4d5f-bcd2-6ad1ec7ba006,2204674-18200,Pump1,4PP-NDE,4-PP-RH,OV Accel,Acceleration,g,6,48,0.313957,0.4081,0.4709,True,Stable baseline,0.99,0.17178,2.0,3.0,6.0
6b5b6534-5ed7-4bf6-959a-47e0f9d1edb4,100-12-34-772-01,Pump1,3PP-DE,3-PP-RH,LF RMS Accel,BandEnergyFromSpectrum,g,6,42,0.125807,0.1635,0.1887,True,Stable baseline,-0.42,0.76687,0.2,0.4,0.8
2f0c1896-955a-4c2b-b25f-c632bd837c5d,100-12-34-122-01,ElectricMotor1,2MT-DE,2-MT-RV,HF RMS Accel,BandEnergyFromSpectrum,g,6,41,0.077637,,,False,"Unstable (increasing trend, slope=6.3%/month, p=0.001) — ISO alarms remain active",6.28,0.00099,1.5,3.0,6.0
6b60b0aa-ef09-4630-b0c3-9a82f9488b6f,100-12-34-137-01,GearBox1,4GB-InNDE,4-GB-RH,OV Vel,VibrationVelocity,mm/s,6,52,0.641521,0.834,0.9623,True,Stable baseline,-0.89,0.46055,2.3,4.5,7.1
551c74fc-55de-40ed-aafc-1e0e6781fdfd,100-12-34-510-11,GearBox1,3GB-InDE,3-GB-Ax,HF RMS Accel,BandEnergyFromSpectrum,g,6,36,0.013432,0.0175,0.0201,True,Stable baseline,0.97,0.3623,1.5,3.0,6.0
4418a4f0-5185-4ca9-8a85-a8ed7d6d8870,100-12-34-177-01,Shaft1,8SH-NDE,8-SH-RV,OV Accel,Acceleration,g,6,49,0.376929,0.49,0.5654,True,Stable baseline,1.29,0.27006,2.0,3.0,6.0
43aad99e-1dbc-4d74-b061-e10b847dea3e,4003245-01030,ElectricMotor1,1MT-NDE,1-MT-Ax,MF RMS Accel,BandEnergyFromSpectrum,g,6,44,0.442441,0.5752,0.6637,True,Stable baseline,-0.58,0.46878,0.5,1.0,2.0
8f669413-f706-47d4-92c1-000af5b89657,2204673-65200,ElectricMotor1,2MT-DE,2-MT-RV,OV Accel,Acceleration,g,6,64,0.261652,0.3401,0.3925,True,Stable baseline,0.03,0.97837,2.0,3.0,6.0
ed08d57e-d030-4584-ba5c-b8e95227ae28,100-12-34-599-01,ElectricMotor1,2MT-DE,2-MT-Ax,Pk-Pk Accel,Acceleration,g,2,18,,,,,Insufficient data: 2 months (need 3),,,3.0,6.0,9.0
44b72af3-d034-498f-8d9f-e5fe074eebbd,2204674-85200,ElectricMotor1,1MT-NDE,1-MT-Ax,MF RMS Accel,BandEnergyFromSpectrum,g,6,47,0.051707,0.0672,0.0776,True,Stable baseline,0.14,0.9141,0.5,1.0,2.0
4a5f1f07-5d69-47ff-ad0c-51f038ca26f5,2204674-80200,Pump1,3PP-DE,3-PP-RH,LF RMS Accel,BandEnergyFromSpectrum,g,6,43,0.017871,,,False,"Unstable (increasing trend, slope=5.7%/month, p=0.001) — ISO alarms remain active",5.74,0.00062,0.2,0.4,0.8
4e95bfc9-5c27-4ef2-8f21-e1680ea3525a,100-12-34-052-01,Pump1,4PP-NDE,4-PP-RH,HF RMS Accel,BandEnergyFromSpectrum,g,6,42,0.018657,0.0243,0.028,True,Stable baseline,0.74,0.5249,1.5,3.0,6.0
4322796b-6387-4da8-b21c-a60391237dcb,4002861-50500,Pump1,3PP-DE,3-PP-RH,MF Velocity (~3-8X),BandEnergyFromSpectrum,mm/s,2,8,,,,,Insufficient data: 2 months (need 3),,,1.0,3.0,5.0
6b60b0aa-ef09-4630-b0c3-9a82f9488b6f,100-12-34-137-01,ElectricMotor1,2MT-DE,2-MT-RV,MF Velocity (~3-8X),BandEnergyFromSpectrum,mm/s,6,61,0.553085,0.719,0.8296,True,Stable baseline,0.01,0.99511,1.0,3.0,5.0
ed08d57e-d030-4584-ba5c-b8e95227ae28,100-12-34-599-01,ElectricMotor1,1MT-NDE,1-MT-RV,MF Velocity (~3-8X),BandEnergyFromSpectrum,mm/s,6,50,0.306673,0.3987,0.46,True,Stable baseline,-0.4,0.7542,1.0,3.0,5.0
df615b42-35ae-4d9e-8440-ec02f423d24f,2204674-86700,Pump1,4PP-NDE,4-PP-RH,MF RMS Accel,BandEnergyFromSpectrum,g,6,32,0.462636,0.6014,0.694,True,Stable baseline,-0.84,0.39415,0.5,1.0,2.0
c6e1ea8c-b0aa-4ab3-b1ab-4a7c92913666,4003245-01050,ElectricMotor1,2MT-DE,2-MT-Ax,OV Vel,VibrationVelocity,mm/s,2,14,,,,,Insufficient data: 2 months (need 3),,,2.3,4.5,7.1
4e95bfc9-5c27-4ef2-8f21-e1680ea3525a,100-12-34-052-01,ElectricMotor1,1MT-NDE,1-MT-RH,OV Accel,Acceleration,g,6,54,0.179245,0.233,0.2689,True,Stable baseline,-0.03,0.97741,2.0,3.0,6.0
6b94553b-624d-41d6-ae32-d3ba7ca02dce,4003245-01060 No.6,Pump1,3PP-DE,3-PP-Ax,HF RMS Accel,BandEnergyFromSpectrum,g,6,41,0.135033,0.1755,0.2026,True,Stable baseline,-0.2,0.84025,1.5,3.0,6.0
df615b42-35ae-4d9e-8440-ec02f423d24f,2204674-86700,ElectricMotor1,2MT-DE,2-MT-Ax,MF Velocity (~3-8X),BandEnergyFromSpectrum,mm/s,6,51,1.959669,2.5476,2.9395,True,Stable baseline,0.52,0.64981,1.0,3.0,5.0
6b60b0aa-ef09-4630-b0c3-9a82f9488b6f,100-12-34-137-01,ElectricMotor1,1MT-NDE,1-MT-RH,OV Accel,Acceleration,g,6,34,0.511981,0.6656,0.768,True,Stable baseline,0.28,0.79039,2.0,3.0,6.0
44b72af3-d034-498f-8d9f-e5fe074eebbd,2204674-85200,Pump1,3PP-DE,3-PP-RH,MF RMS Accel,BandEnergyFromSpectrum,g,6,58,0.038986,0.0507,0.0585,True,Stable baseline,-0.44,0.66385,0.5,1.0,2.0
f0256864-92af-49d6-b5bb-fa91f04642f9,4003245-01070,Pump1,4PP-NDE,4-PP-RV,Pk-Pk Accel,Acceleration,g,6,53,10.883069,14.148,16.3246,True,Stable baseline,1.22,0.12583,3.0,6.0,9.0
d02dc63f-663b-465c-8e99-133e530a34f3,2204674-18700,ElectricMotor1,1MT-NDE,1-MT-Ax,MF RMS Accel,BandEnergyFromSpectrum,g,6,48,0.205555,0.2672,0.3083,True,Stable baseline,0.61,0.55701,0.5,1.0,2.0
4418a4f0-5185-4ca9-8a85-a8ed7d6d8870,100-12-34-177-01,ElectricMotor1,2MT-DE,2-MT-Ax,OV Accel,Acceleration,g,6,47,0.141218,0.1836,0.2118,True,Stable baseline,-1.08,0.50126,2.0,3.0,6.0
1183b785-83bc-4239-9fd1-4c4e5ad0d5f0,2204673-64200,ElectricMotor1,2MT-DE,2-MT-RV,HF RMS Accel,BandEnergyFromSpectrum,g,6,41,0.043266,0.0562,0.0649,True,Stable baseline,1.09,0.43896,1.5,3.0,6.0
cb82f5f4-a90f-417b-9120-982c9cc359e8,100-12-34-182-01,Pump1,4PP-NDE,4-PP-RH,OV Accel,Acceleration,g,6,46,1.03714,,,False,"Unstable (increasing trend, slope=7.2%/month, p=0.001) — ISO alarms remain active",7.16,0.0006,2.0,3.0,6.0
4a5f1f07-5d69-47ff-ad0c-51f038ca26f5,2204674-80200,ElectricMotor1,2MT-DE,2-MT-Ax,LF RMS Accel,BandEnergyFromSpectrum,g,1,8,,,,,Insufficient data: 1 months (need 3),,,0.2,0.4,0.8
baa957f8-47b1-4422-b93b-9c0e9c3cf8a3,100-12-34-042-01,Pump1,4PP-NDE,4-PP-Ax,MF RMS Accel,BandEnergyFromSpectrum,g,6,63,0.049608,0.0645,0.0744,True,Stable baseline,-2.09,0.06707,0.5,1.0,2.0
6b94553b-624d-41d6-ae32-d3ba7ca02dce,4003245-01060 No.6,ElectricMotor1,2MT-DE,2-MT-RH,OV Accel,Acceleration,g,6,56,1.249148,1.6239,1.8737,True,Stable baseline,0.25,0.76494,2.0,3.0,6.0
10694b53-68ec-4cc5-ba70-011ea9cfc8cb,100-12-34-442-01,Pump1,4PP-NDE,4-PP-RV,OV Accel,Acceleration,g,6,53,0.439961,0.5719,0.6599,True,Stable baseline,2.08,0.13052,2.0,3.0,6.0
03730490-e586-4775-9f7d-24435dd06cae,2204674-82200,Pump1,3PP-DE,3-PP-RV,HF RMS Accel,BandEnergyFromSpectrum,g,2,21,,,,,Insufficient data: 2 months (need 3),,,1.5,3.0,6.0
6b60b0aa-ef09-4630-b0c3-9a82f9488b6f,100-12-34-137-01,GearBox1,4GB-InNDE,4-GB-Ax,MF RMS Accel,BandEnergyFromSpectrum,g,6,41,0.648362,0.8429,0.9725,True,Stable baseline,0.86,0.41104,0.5,1.0,2.0
6b60b0aa-ef09-4630-b0c3-9a82f9488b6f,100-12-34-137-01,ElectricMotor1,1MT-NDE,1-MT-RV,OV Accel,Acceleration,g,6,59,0.33183,0.4314,0.4977,True,Stable baseline,0.79,0.47578,2.0,3.0,6.0
44b72af3-d034-498f-8d9f-e5fe074eebbd,2204674-85200,Pump1,4PP-NDE,4-PP-RH,MF Velocity (~3-8X),BandEnergyFromSpectrum,mm/s,1,5,,,,,Insufficient data: 1 months (need 3),,,1.0,3.0,5.0
6b94553b-624d-41d6-ae32-d3ba7ca02dce,4003245-01060 No.6,ElectricMotor1,1MT-NDE,1-MT-Ax,HF RMS Accel,BandEnergyFromSpectrum,g,6,42,0.090874,,,False,"Unstable (increasing trend, slope=7.4%/month, p=0.001) — ISO alarms remain active",7.36,0.00139,1.5,3.0,6.0
5d071c42-70ae-41ae-ab75-66543fc85f14,100-12-34-157-01,Pump1,4PP-NDE,4-PP-RV,OV Accel,Acceleration,g,6,30,0.18088,0.2351,0.2713,True,Stable baseline,-0.24,0.82768,2.0,3.0,6.0
f0256864-92af-49d6-b5bb-fa91f04642f9,4003245-01070,Pump1,3PP-DE,3-PP-RH,MF RMS Accel,BandEnergyFromSpectrum,g,2,13,,,,,Insufficient data: 2 months (need 3),,,0.5,1.0,2.0
c6e1ea8c-b0aa-4ab3-b1ab-4a7c92913666,4003245-01050,Pump1,3PP-DE,3-PP-RH,OV Accel,Acceleration,g,6,40,5.321336,6.9177,7.982,True,Stable baseline,0.64,0.63269,2.0,3.0,6.0
f0256864-92af-49d6-b5bb-fa91f04642f9,4003245-01070,ElectricMotor1,2MT-DE,2-MT-RV,OV Vel,VibrationVelocity,mm/s,6,35,3.186588,4.1426,4.7799,True,Stable baseline,1.73,0.08,2.3,4.5,7.1
551c74fc-55de-40ed-aafc-1e0e6781fdfd,100-12-34-510-11,GearBox1,3GB-InDE,3-GB-Ax,OV Accel,Acceleration,g,6,37,0.458296,0.5958,0.6874,True,Stable baseline,-0.23,0.82593,2.0,3.0,6.0
baa957f8-47b1-4422-b93b-9c0e9c3cf8a3,100-12-34-042-01,ElectricMotor1,2MT-DE,2-MT-RV,Pk-Pk Accel,Acceleration,g,6,45,0.986728,1.2827,1.4801,True,Stable baseline,0.45,0.77272,3.0,6.0,9.0
ddec0803-5671-4d5f-bcd2-6ad1ec7ba006,2204674-18200,Pump1,4PP-NDE,4-PP-RV,LF RMS Accel,BandEnergyFromSpectrum,g,6,44,0.005923,0.0077,0.0089,True,Stable baseline,-1.92,0.03831,0.2,0.4,0.8
f0256864-92af-49d6-b5bb-fa91f04642f9,4003245-01070,ElectricMotor1,1MT-NDE,1-MT-Ax,HF RMS Accel,BandEnergyFromSpectrum,g,1,5,,,,,Insufficient data: 1 months (need 3),,,1.5,3.0,6.0
9cd3dcc6-d8f4-42a8-bfd4-4957a1c3d83b,2204674-84200,Pump1,3PP-DE,3-PP-RV,MF RMS Accel,BandEnergyFromSpectrum,g,6,42,0.182262,0.2369,0.2734,True,Stable baseline,1.21,0.31297,0.5,1.0,2.0
8c097769-c06f-45ff-b124-b425f9a07faf,2204674-25200,LobulusCompressor1,4LC-NDE,4-LC-RV,MF RMS Accel,BandEnergyFromSpectrum,g,6,51,0.232074,0.3017,0.3481,True,Stable baseline,-1.8,0.07485,0.5,1.0,2.0
ddec0803-5671-4d5f-bcd2-6ad1ec7ba006,2204674-18200,ElectricMotor1,2MT-DE,2-MT-Ax,Pk-Pk Accel,Acceleration,g,6,56,0.994176,,,False,"Unstable (increasing trend, slope=5.5%/month, p=0.002) — ISO alarms remain active",5.54,0.0021,3.0,6.0,9.0
8f669413-f706-47d4-92c1-000af5b89657,2204673-65200,ElectricMotor1,1MT-NDE,1-MT-RV,OV Accel,Acceleration,g,6,54,0.207824,0.2702,0.3117,True,Stable baseline,0.59,0.56745,2.0,3.0,6.0
4418a4f0-5185-4ca9-8a85-a8ed7d6d8870,100-12-34-177-01,ElectricMotor1,1MT-NDE,1-MT-RV,MF RMS Accel,BandEnergyFromSpectrum,g,6,44,0.340529,0.4427,0.5108,True,Stable baseline,0.85,0.32476,0.5,1.0,2.0
f0256864-92af-49d6-b5bb-fa91f04642f9,4003245-01070,ElectricMotor1,2MT-DE,2-MT-Ax,Pk-Pk Accel,Acceleration,g,6,40,0.509644,0.6625,0.7645,True,Stable baseline,-0.31,0.82071,3.0,6.0,9.0
4a5f1f07-5d69-47ff-ad0c-51f038ca26f5,2204674-80200,ElectricMotor1,1MT-NDE,1-MT-RV,MF Velocity (~3-8X),BandEnergyFromSpectrum,mm/s,6,47,0.654534,0.8509,0.9818,True,Stable baseline,-0.39,0.699,1.0,3.0,5.0
920f4ad8-e17b-4e95-bb07-fe8ccfbdeb6a,2204674-12200,Pump1,4PP-NDE,4-PP-RH,OV Vel,VibrationVelocity,mm/s,1,6,,,,,Insufficient data: 1 months (need 3),,,2.3,4.5,7.1
1d898064-4876-4e5b-885f-a3ac174fa02b,100-12-34-162-01,Pump1,3PP-DE,3-PP-RV,LF RMS Accel,BandEnergyFromSpectrum,g,6,30,0.067972,,,False,"Unstable (increasing trend, slope=6.9%/month, p=0.000) — ISO alarms remain active",6.91,0.00015,0.2,0.4,0.8
df615b42-35ae-4d9e-8440-ec02f423d24f,2204674-86700,ElectricMotor1,2MT-DE,2-MT-RH,LF RMS Accel,BandEnergyFromSpectrum,g,2,10,,,,,Insufficient data: 2 months (need 3),,,0.2,0.4,0.8
c5661652-b006-41ac-9678-a9f8cee30d2e,2204674-91700,ElectricMotor1,2MT-DE,2-MT-Ax,Pk-Pk Accel,Acceleration,g,6,38,1.69396,,,False,"Unstable (increasing trend, slope=7.2%/month, p=0.000) — ISO alarms remain active",7.2,7e-05,3.0,6.0,9.0
61567fca-5d02-4da4-933d-d5959c33b06d,100-12-34-510-21,ElectricMotor1,2MT-DE,2-MT-Ax,OV Accel,Acceleration,g,6,55,0.495663,0.6444,0.7435,True,Stable baseline,-0.15,0.87534,2.0,3.0,6.0
1183b785-83bc-4239-9fd1-4c4e5ad0d5f0,2204673-64200,ElectricMotor1,2MT-DE,2-MT-Ax,HF RMS Accel,BandEnergyFromSpectrum,g,6,55,0.013606,0.0177,0.0204,True,Stable baseline,-0.14,0.85297,1.5,3.0,6.0
61567fca-5d02-4da4-933d-d5959c33b06d,100-12-34-510-21,ElectricMotor1,1MT-NDE,1-MT-R=,LF RMS Accel,BandEnergyFromSpectrum,g,6,55,0.239483,0.3113,0.3592,True,Stable baseline,-1.09,0.10815,0.2,0.4,0.8
6b60b0aa-ef09-4630-b0c3-9a82f9488b6f,100-12-34-137-01,Shaft1,8SH-NDE,8-SH-RH,LF RMS Accel,BandEnergyFromSpectrum,g,6,41,0.014204,,,False,"Unstable (increasing trend, slope=6.3%/month, p=0.008) — ISO alarms remain active",6.31,0.00768,0.2,0.4,0.8
8f669413-f706-47d4-92c1-000af5b89657,2204673-65200,Pump1,3PP-DE,3-PP-RV,MF Velocity (~3-8X),BandEnergyFromSpectrum,mm/s,6,46,0.287145,0.3733,0.4307,True,Stable baseline,-0.56,0.7187,1.0,3.0,5.0
2f0c1896-955a-4c2b-b25f-c632bd837c5d,100-12-34-122-01,Pump1,3PP-DE,3-PP-RH,HF RMS Accel,BandEnergyFromSpectrum,g,6,41,0.158301,0.2058,0.2375,True,Stable baseline,0.68,0.63502,1.5,3.0,6.0
95d59ee7-03e4-4a9e-b4c3-1eb0f2b52d18,100-12-34-452-01,Pump1,4PP-NDE,4-PP-RH,LF RMS Accel,BandEnergyFromSpectrum,g,6,46,0.056364,0.0733,0.0845,True,Stable baseline,0.14,0.92551,0.2,0.4,0.8
6b60b0aa-ef09-4630-b0c3-9a82f9488b6f,100-12-34-137-01,GearBox1,4GB-InNDE,4-GB-RH,MF Velocity (~3-8X),BandEnergyFromSpectrum,mm/s,6,51,0.546261,0.7101,0.8194,True,Stable baseline,-0.02,0.98721,1.0,3.0,5.0
f0256864-92af-49d6-b5bb-fa91f04642f9,4003245-01070,ElectricMotor1,2MT-DE,2-MT-RV,HF RMS Accel,BandEnergyFromSpectrum,g,6,50,0.141273,0.1837,0.2119,True,Stable baseline,1.63,0.24048,1.5,3.0,6.0
2f0c1896-955a-4c2b-b25f-c632bd837c5d,100-12-34-122-01,Pump1,4PP-NDE,4-PP-Ax,MF Velocity (~3-8X),BandEnergyFromSpectrum,mm/s,6,37,2.571501,3.343,3.8573,True,Stable baseline,-0.49,0.69551,1.0,3.0,5.0
5d071c42-70ae-41ae-ab75-66543fc85f14,100-12-34-157-01,Pump1,3PP-DE,3-PP-RH,OV Vel,VibrationVelocity,mm/s,6,60,1.710563,2.2237,2.5658,True,Stable baseline,0.43,0.73556,2.3,4.5,7.1
4418a4f0-5185-4ca9-8a85-a8ed7d6d8870,100-12-34-177-01,Shaft1,7SH-DE,7-SH-RH,MF Velocity (~3-8X),BandEnergyFromSpectrum,mm/s,6,50,0.139353,0.1812,0.209,True,Stable baseline,-0.02,0.9713,0.5,1.0,3.0
8c097769-c06f-45ff-b124-b425f9a07faf,2204674-25200,LobulusCompressor1,4LC-NDE,4-LC-RV,Pk-Pk Accel,Acceleration,g,6,46,2.753385,3.5794,4.1301,True,Stable baseline,-1.5,0.25659,3.0,6.0,9.0
1d898064-4876-4e5b-885f-a3ac174fa02b,100-12-34-162-01,ElectricMotor1,1MT-NDE,1-MT-RV,OV Accel,Acceleration,g,6,38,0.115685,0.1504,0.1735,True,Stable baseline,0.72,0.63839,2.0,3.0,6.0
4418a4f0-5185-4ca9-8a85-a8ed7d6d8870,100-12-34-177-01,Shaft1,7SH-DE,7-SH-RH,OV Vel,VibrationVelocity,mm/s,6,49,0.741295,,,False,"Unstable (increasing trend, slope=7.4%/month, p=0.000) — ISO alarms remain active",7.37,0.00044,2.3,4.5,7.1
5d071c42-70ae-41ae-ab75-66543fc85f14,100-12-34-157-01,ElectricMotor1,1MT-NDE,1-MT-RH,OV Accel,Acceleration,g,6,47,0.230211,0.2993,0.3453,True,Stable baseline,-0.4,0.781,2.0,3.0,6.0
35d9d455-0054-49d3-9f6a-0283ac9ca08a,Turbo 6,ElectricMotor1,1MT-NDE,1-MT-RV,OV Accel,Acceleration,g,6,39,0.761349,0.9898,1.142,True,Stable baseline,-0.57,0.68355,2.0,3.0,6.0
63f8e6fe-5f68-4171-9ca8-5bb946a1571d,2204674-91200,ElectricMotor1,2MT-DE,2-MT-RV,Pk-Pk Accel,Acceleration,g,6,44,7.87358,,,False,"Unstable (increasing trend, slope=6.2%/month, p=0.001) — ISO alarms remain active",6.19,0.00111,3.0,6.0,9.0
4418a4f0-5185-4ca9-8a85-a8ed7d6d8870,100-12-34-177-01,Shaft1,7SH-DE,7-SH-RV,OV Accel,Acceleration,g,6,52,0.435912,0.5667,0.6539,True,Stable baseline,0.36,0.62922,2.0,3.0,6.0
43aad99e-1dbc-4d74-b061-e10b847dea3e,4003245-01030,ElectricMotor1,1MT-NDE,1-MT-RH,OV Vel,VibrationVelocity,mm/s,6,35,1.486553,,,False,"Unstable (increasing trend, slope=7.2%/month, p=0.001) — ISO alarms remain active",7.15,0.00102,2.3,4.5,7.1
5a52a7bb-3ac4-4087-b2ae-b50b8ac5d619,2204674-12700,ElectricMotor1,1MT-NDE,1-MT-RH,HF RMS Accel,BandEnergyFromSpectrum,g,6,54,0.023975,0.0312,0.036,True,Stable baseline,1.17,0.44194,1.5,3.0,6.0
5d071c42-70ae-41ae-ab75-66543fc85f14,100-12-34-157-01,Pump1,4PP-NDE,4-PP-Ax,HF RMS Accel,BandEnergyFromSpectrum,g,6,43,0.059079,0.0768,0.0886,True,Stable baseline,1.81,0.04798,1.5,3.0,6.0
03730490-e586-4775-9f7d-24435dd06cae,2204674-82200,ElectricMotor1,2MT-DE,2-MT-RV,OV Vel,VibrationVelocity,mm/s,6,45,1.15217,1.4978,1.7283,True,Stable baseline,-1.8,0.28193,2.3,4.5,7.1
03730490-e586-4775-9f7d-24435dd06cae,2204674-82200,ElectricMotor1,2MT-DE,2-MT-RH,OV Vel,VibrationVelocity,mm/s,6,42,0.661733,0.8603,0.9926,True,Stable baseline,-2.63,0.0346,2.3,4.5,7.1
4e95bfc9-5c27-4ef2-8f21-e1680ea3525a,100-12-34-052-01,Pump1,3PP-DE,3-PP-RH,LF RMS Accel,BandEnergyFromSpectrum,g,6,54,0.056352,0.0733,0.0845,True,Stable baseline,0.23,0.86234,0.2,0.4,0.8
2f0c1896-955a-4c2b-b25f-c632bd837c5d,100-12-34-122-01,Pump1,4PP-NDE,4-PP-Ax,MF RMS Accel,BandEnergyFromSpectrum,g,6,43,0.852012,,,False,"Unstable (increasing trend, slope=6.3%/month, p=0.000) — ISO alarms remain active",6.28,0.00022,0.5,1.0,2.0
4e95bfc9-5c27-4ef2-8f21-e1680ea3525a,100-12-34-052-01,ElectricMotor1,1MT-NDE,1-MT-RH,OV Vel,VibrationVelocity,mm/s,6,49,2.863897,3.7231,4.2958,True,Stable baseline,0.07,0.95937,2.3,4.5,7.1
63f8e6fe-5f68-4171-9ca8-5bb946a1571d,2204674-91200,ElectricMotor1,2MT-DE,2-MT-RH,MF Velocity (~3-8X),BandEnergyFromSpectrum,mm/s,6,53,1.226429,1.5944,1.8396,True,Stable baseline,-0.33,0.63686,1.0,3.0,5.0
df615b42-35ae-4d9e-8440-ec02f423d24f,2204674-86700,Pump1,3PP-DE,3-PP-RH,OV Accel,Acceleration,g,6,34,0.648841,0.8435,0.9733,True,Stable baseline,0.95,0.283,2.0,3.0,6.0
6ede0422-81cb-4ec5-a1c5-1d25b11af911,100-12-34-112-01,Pump1,4PP-NDE,4-PP-RV,MF Velocity (~3-8X),BandEnergyFromSpectrum,mm/s,6,47,0.107416,0.1396,0.1611,True,Stable baseline,-0.11,0.91171,1.0,3.0,5.0
4322796b-6387-4da8-b21c-a60391237dcb,4002861-50500,ElectricMotor1,1MT-NDE,1-MT-RH,Pk-Pk Accel,Acceleration,g,6,52,7.799655,10.1396,11.6995,True,Stable baseline,0.52,0.73616,3.0,6.0,9.0
920f4ad8-e17b-4e95-bb07-fe8ccfbdeb6a,2204674-12200,Pump1,3PP-DE,3-PP-RH,LF RMS Accel,BandEnergyFromSpectrum,g,6,39,0.072352,0.0941,0.1085,True,Stable baseline,1.37,0.36755,0.2,0.4,0.8
df615b42-35ae-4d9e-8440-ec02f423d24f,2204674-86700,ElectricMotor1,1MT-NDE,1-MT-RH,MF Velocity (~3-8X),BandEnergyFromSpectrum,mm/s,6,43,2.651489,3.4469,3.9772,True,Stable baseline,0.57,0.58419,1.0,3.0,5.0
03730490-e586-4775-9f7d-24435dd06cae,2204674-82200,ElectricMotor1,2MT-DE,2-MT-RH,Pk-Pk Accel,Acceleration,g,6,39,1.227001,1.5951,1.8405,True,Stable baseline,-0.32,0.85501,3.0,6.0,9.0
5d071c42-70ae-41ae-ab75-66543fc85f14,100-12-34-157-01,ElectricMotor1,2MT-DE,2-MT-RH,LF RMS Accel,BandEnergyFromSpectrum,g,6,37,0.075278,0.0979,0.1129,True,Stable baseline,0.7,0.60991,0.2,0.4,0.8
6ede0422-81cb-4ec5-a1c5-1d25b11af911,100-12-34-112-01,Pump1,4PP-NDE,4-PP-RV,LF RMS Accel,BandEnergyFromSpectrum,g,6,59,0.008049,0.0105,0.0121,True,Stable baseline,0.17,0.92015,0.2,0.4,0.8
ddec0803-5671-4d5f-bcd2-6ad1ec7ba006,2204674-18200,ElectricMotor1,1MT-NDE,1-MT-RH,OV Vel,VibrationVelocity,mm/s,6,53,1.261653,1.6401,1.8925,True,Stable baseline,0.26,0.85953,2.3,4.5,7.1
551c74fc-55de-40ed-aafc-1e0e6781fdfd,100-12-34-510-11,ElectricMotor1,1MT-NDE,1-MT-Ax,MF RMS Accel,BandEnergyFromSpectrum,g,6,45,0.313615,0.4077,0.4704,True,Stable baseline,1.8,0.26815,0.5,1.0,2.0
6b60b0aa-ef09-4630-b0c3-9a82f9488b6f,100-12-34-137-01,Shaft1,8SH-NDE,8-SH-RV,OV Vel,VibrationVelocity,mm/s,1,12,,,,,Insufficient data: 1 months (need 3),,,2.3,4.5,7.1
f0256864-92af-49d6-b5bb-fa91f04642f9,4003245-01070,Pump1,4PP-NDE,4-PP-Ax,HF RMS Accel,BandEnergyFromSpectrum,g,6,37,0.161837,0.2104,0.2428,True,Stable baseline,1.11,0.40542,1.5,3.0,6.0
1d898064-4876-4e5b-885f-a3ac174fa02b,100-12-34-162-01,Pump1,3PP-DE,3-PP-RH,Pk-Pk Accel,Acceleration,g,6,47,2.552934,3.3188,3.8294,True,Stable baseline,2.34,0.00472,3.0,6.0,9.0
03730490-e586-4775-9f7d-24435dd06cae,2204674-82200,Pump1,4PP-NDE,4-PP-RH,HF RMS Accel,BandEnergyFromSpectrum,g,2,20,,,,,Insufficient data: 2 months (need 3),,,1.5,3.0,6.0
d02dc63f-663b-465c-8e99-133e530a34f3,2204674-18700,Pump1,3PP-DE,3-PP-RH,LF RMS Accel,BandEnergyFromSpectrum,g,6,52,0.070148,,,False,"Unstable (increasing trend, slope=6.3%/month, p=0.000) — ISO alarms remain active",6.27,0.00021,0.2,0.4,0.8
ed08d57e-d030-4584-ba5c-b8e95227ae28,100-12-34-599-01,ElectricMotor1,2MT-DE,2-MT-RH,HF RMS Accel,BandEnergyFromSpectrum,g,6,36,0.239804,0.3117,0.3597,True,Stable baseline,0.54,0.68371,1.5,3.0,6.0
5d071c42-70ae-41ae-ab75-66543fc85f14,100-12-34-157-01,Pump1,3PP-DE,3-PP-RV,LF RMS Accel,BandEnergyFromSpectrum,g,6,40,0.114346,0.1487,0.1715,True,Stable baseline,0.39,0.76573,0.2,0.4,0.8
03730490-e586-4775-9f7d-24435dd06cae,2204674-82200,Pump1,3PP-DE,3-PP-Ax,Pk-Pk Accel,Acceleration,g,6,47,1.756277,2.2832,2.6344,True,Stable baseline,1.92,0.11131,3.0,6.0,9.0
baa957f8-47b1-4422-b93b-9c0e9c3cf8a3,100-12-34-042-01,Pump1,3PP-DE,3-PP-RV,MF Velocity (~3-8X),BandEnergyFromSpectrum,mm/s,6,53,0.345482,0.4491,0.5182,True,Stable baseline,0.36,0.775,1.0,3.0,5.0
551c74fc-55de-40ed-aafc-1e0e6781fdfd,100-12-34-510-11,ElectricMotor1,2MT-DE,2-MT-RH,OV Vel,VibrationVelocity,mm/s,6,37,2.310644,,,False,"Unstable (increasing trend, slope=6.0%/month, p=0.001) — ISO alarms remain active",6.04,0.00068,2.3,4.5,7.1
551c74fc-55de-40ed-aafc-1e0e6781fdfd,100-12-34-510-11,ElectricMotor1,1MT-NDE,1-MT-RV,Pk-Pk Accel,Acceleration,g,6,35,2.041132,2.6535,3.0617,True,Stable baseline,0.83,0.39085,3.0,6.0,9.0
6ede0422-81cb-4ec5-a1c5-1d25b11af911,100-12-34-112-01,ElectricMotor1,2MT-DE,2-MT-RV,HF RMS Accel,BandEnergyFromSpectrum,g,6,47,0.014382,0.0187,0.0216,True,Stable baseline,-0.82,0.31597,1.5,3.0,6.0
8c097769-c06f-45ff-b124-b425f9a07faf,2204674-25200,ElectricMotor1,1MT-NDE,1-MT-RV,LF RMS Accel,BandEnergyFromSpectrum,g,6,46,0.076422,,,False,"Unstable (increasing trend, slope=7.9%/month, p=0.000) — ISO alarms remain active",7.89,0.00018,0.2,0.4,0.8
8c097769-c06f-45ff-b124-b425f9a07faf,2204674-25200,LobulusCompressor1,3LC-DE,3-LC-Ax,MF RMS Accel,BandEnergyFromSpectrum,g,6,49,0.372755,0.4846,0.5591,True,Stable baseline,1.16,0.36601,0.5,1.0,2.0
9cd3dcc6-d8f4-42a8-bfd4-4957a1c3d83b,2204674-84200,Pump1,3PP-DE,3-PP-RH,OV Vel,VibrationVelocity,mm/s,6,44,0.298409,0.3879,0.4476,True,Stable baseline,1.54,0.2729,2.3,4.5,7.1
44b72af3-d034-498f-8d9f-e5fe074eebbd,2204674-85200,Pump1,3PP-DE,3-PP-Ax,MF RMS Accel,BandEnergyFromSpectrum,g,6,47,0.037639,0.0489,0.0565,True,Stable baseline,0.74,0.44752,0.5,1.0,2.0
44b72af3-d034-498f-8d9f-e5fe074eebbd,2204674-85200,Pump1,4PP-NDE,4-PP-RH,Pk-Pk Accel,Acceleration,g,6,45,0.906536,,,False,"Unstable (increasing trend, slope=6.7%/month, p=0.000) — ISO alarms remain active",6.75,0.00045,3.0,6.0,9.0
4e95bfc9-5c27-4ef2-8f21-e1680ea3525a,100-12-34-052-01,ElectricMotor1,2MT-DE,2-MT-RV,LF RMS Accel,BandEnergyFromSpectrum,g,6,43,0.024435,0.0318,0.0367,True,Stable baseline,-0.06,0.96858,0.2,0.4,0.8
ddec0803-5671-4d5f-bcd2-6ad1ec7ba006,2204674-18200,Pump1,3PP-DE,3-PP-Ax,OV Vel,VibrationVelocity,mm/s,6,47,0.448363,0.5829,0.6725,True,Stable baseline,1.6,0.23862,2.3,4.5,7.1
6ede0422-81cb-4ec5-a1c5-1d25b11af911,100-12-34-112-01,ElectricMotor1,2MT-DE,2-MT-RH,MF RMS Accel,BandEnergyFromSpectrum,g,6,52,0.070752,,,False,"Unstable (increasing trend, slope=6.7%/month, p=0.001) — ISO alarms remain active",6.74,0.00147,0.5,1.0,2.0
4e95bfc9-5c27-4ef2-8f21-e1680ea3525a,100-12-34-052-01,ElectricMotor1,2MT-DE,2-MT-Ax,OV Vel,VibrationVelocity,mm/s,6,45,1.41118,1.8345,2.1168,True,Stable baseline,0.92,0.33436,2.3,4.5,7.1
44b72af3-d034-498f-8d9f-e5fe074eebbd,2204674-85200,Pump1,3PP-DE,3-PP-RV,HF RMS Accel,BandEnergyFromSpectrum,g,6,48,0.024805,0.0322,0.0372,True,Stable baseline,0.36,0.81273,1.5,3.0,6.0
dfd2a084-a9f2-4a9f-bd33-34b210d47d0e,100-12-34-032-01,ElectricMotor1,1MT-NDE,1-MT-RH,OV Accel,Acceleration,g,6,53,0.101566,0.132,0.1523,True,Stable baseline,0.7,0.57796,2.0,3.0,6.0
6b94553b-624d-41d6-ae32-d3ba7ca02dce,4003245-01060 No.6,ElectricMotor1,2MT-DE,2-MT-RH,HF RMS Accel,BandEnergyFromSpectrum,g,6,45,1.179157,1.5329,1.7687,True,Stable baseline,-0.06,0.96005,1.5,3.0,6.0
95d59ee7-03e4-4a9e-b4c3-1eb0f2b52d18,100-12-34-452-01,Pump1,4PP-NDE,4-PP-RH,Pk-Pk Accel,Acceleration,g,6,44,3.066163,3.986,4.5992,True,Stable baseline,-1.11,0.25601,3.0,6.0,9.0
44b72af3-d034-498f-8d9f-e5fe074eebbd,2204674-85200,Pump1,3PP-DE,3-PP-Ax,Pk-Pk Accel,Acceleration,g,6,36,0.462913,0.6018,0.6944,True,Stable baseline,0.85,0.5928,3.0,6.0,9.0
cb82f5f4-a90f-417b-9120-982c9cc359e8,100-12-34-182-01,ElectricMotor1,2MT-DE,2-MT-RV,MF Velocity (~3-8X),BandEnergyFromSpectrum,mm/s,6,45,0.387294,0.5035,0.5809,True,Stable baseline,-0.7,0.35038,1.0,3.0,5.0
44b72af3-d034-498f-8d9f-e5fe074eebbd,2204674-85200,ElectricMotor1,1MT-NDE,1-MT-RH,MF Velocity (~3-8X),BandEnergyFromSpectrum,mm/s,6,48,0.085997,0.1118,0.129,True,Stable baseline,-1.01,0.53571,1.0,3.0,5.0
f0256864-92af-49d6-b5bb-fa91f04642f9,4003245-01070,ElectricMotor1,1MT-NDE,1-MT-RH,OV Vel,VibrationVelocity,mm/s,6,47,2.084587,2.71,3.1269,True,Stable baseline,-0.27,0.85632,2.3,4.5,7.1
cb82f5f4-a90f-417b-9120-982c9cc359e8,100-12-34-182-01,Pump1,3PP-DE,3-PP-RV,MF RMS Accel,BandEnergyFromSpectrum,g,6,47,1.010646,1.3138,1.516,True,Stable baseline,-0.03,0.96455,0.5,1.0,2.0
8c097769-c06f-45ff-b124-b425f9a07faf,2204674-25200,ElectricMotor1,2MT-DE,2-MT-RV,MF Velocity (~3-8X),BandEnergyFromSpectrum,mm/s,2,9,,,,,Insufficient data: 2 months (need 3),,,1.0,3.0,5.0
cb82f5f4-a90f-417b-9120-982c9cc359e8,100-12-34-182-01,ElectricMotor1,1MT-NDE,1-MT-Ax,LF RMS Accel,BandEnergyFromSpectrum,g,6,53,0.114696,0.1491,0.172,True,Stable baseline,0.56,0.66985,0.2,0.4,0.8
f0256864-92af-49d6-b5bb-fa91f04642f9,4003245-01070,ElectricMotor1,2MT-DE,2-MT-RH,MF Velocity (~3-8X),BandEnergyFromSpectrum,mm/s,6,55,0.4588,0.5964,0.6882,True,Stable baseline,0.88,0.50251,1.0,3.0,5.0
63f8e6fe-5f68-4171-9ca8-5bb946a1571d,2204674-91200,ElectricMotor1,2MT-DE,2-MT-RV,OV Accel,Acceleration,g,6,51,0.765678,,,False,"Unstable (increasing trend, slope=5.9%/month, p=0.001) — ISO alarms remain active",5.92,0.00137,2.0,3.0,6.0
920f4ad8-e17b-4e95-bb07-fe8ccfbdeb6a,2204674-12200,ElectricMotor1,2MT-DE,2-MT-RH,MF RMS Accel,BandEnergyFromSpectrum,g,6,48,0.086376,0.1123,0.1296,True,Stable baseline,-1.7,0.29119,0.5,1.0,2.0
ed08d57e-d030-4584-ba5c-b8e95227ae28,100-12-34-599-01,ElectricMotor1,2MT-DE,2-MT-RH,MF RMS Accel,BandEnergyFromSpectrum,g,1,11,,,,,Insufficient data: 1 months (need 3),,,0.5,1.0,2.0
971c1886-fae1-4e46-bdc2-fedaf770dc42,2204673-20200,ElectricMotor1,1MT-NDE,1-MT-RV,MF Velocity (~3-8X),BandEnergyFromSpectrum,mm/s,6,50,1.027103,1.3352,1.5407,True,Stable baseline,0.22,0.76472,1.0,3.0,5.0
f0256864-92af-49d6-b5bb-fa91f04642f9,4003245-01070,ElectricMotor1,2MT-DE,2-MT-RH,OV Vel,VibrationVelocity,mm/s,6,56,3.931141,5.1105,5.8967,True,Stable baseline,0.5,0.60017,2.3,4.5,7.1
ddec0803-5671-4d5f-bcd2-6ad1ec7ba006,2204674-18200,Pump1,4PP-NDE,4-PP-Ax,HF RMS Accel,BandEnergyFromSpectrum,g,6,59,0.042959,0.0558,0.0644,True,Stable baseline,-0.55,0.70069,1.5,3.0,6.0
95d59ee7-03e4-4a9e-b4c3-1eb0f2b52d18,100-12-34-452-01,Pump1,3PP-DE,3-PP-RV,MF Velocity (~3-8X),BandEnergyFromSpectrum,mm/s,6,44,0.554967,0.7215,0.8324,True,Stable baseline,0.51,0.66502,1.0,3.0,5.0
ddec0803-5671-4d5f-bcd2-6ad1ec7ba006,2204674-18200,ElectricMotor1,1MT-NDE,1-MT-RH,LF RMS Accel,BandEnergyFromSpectrum,g,6,44,0.025858,,,False,"Unstable (increasing trend, slope=6.9%/month, p=0.000) — ISO alarms remain active",6.89,9e-05,0.2,0.4,0.8
baa957f8-47b1-4422-b93b-9c0e9c3cf8a3,100-12-34-042-01,Pump1,4PP-NDE,4-PP-Ax,OV Accel,Acceleration,g,2,13,,,,,Insufficient data: 2 months (need 3),,,2.0,3.0,6.0
c6e1ea8c-b0aa-4ab3-b1ab-4a7c92913666,4003245-01050,ElectricMotor1,1MT-NDE,1-MT-RV,LF RMS Accel,BandEnergyFromSpectrum,g,6,48,0.059326,0.0771,0.089,True,Stable baseline,0.19,0.88072,0.2,0.4,0.8
4e95bfc9-5c27-4ef2-8f21-e1680ea3525a,100-12-34-052-01,Pump1,4PP-NDE,4-PP-Ax,Pk-Pk Accel,Acceleration,g,6,46,0.527268,0.6854,0.7909,True,Stable baseline,-0.1,0.94776,3.0,6.0,9.0
95d59ee7-03e4-4a9e-b4c3-1eb0f2b52d18,100-12-34-452-01,ElectricMotor1,1MT-NDE,1-MT-RV,OV Vel,VibrationVelocity,mm/s,6,45,4.579186,,,False,"Unstable (increasing trend, slope=6.6%/month, p=0.000) — ISO alarms remain active",6.58,0.00011,2.3,4.5,7.1
10694b53-68ec-4cc5-ba70-011ea9cfc8cb,100-12-34-442-01,Pump1,4PP-NDE,4-PP-Ax,LF RMS Accel,BandEnergyFromSpectrum,g,6,39,0.074681,0.0971,0.112,True,Stable baseline,-1.8,0.12335,0.2,0.4,0.8
2f0c1896-955a-4c2b-b25f-c632bd837c5d,100-12-34-122-01,ElectricMotor1,1MT-NDE,1-MT-RV,MF Velocity (~3-8X),BandEnergyFromSpectrum,mm/s,6,42,0.505243,0.6568,0.7579,True,Stable baseline,-0.22,0.85558,1.0,3.0,5.0
c5661652-b006-41ac-9678-a9f8cee30d2e,2204674-91700,ElectricMotor1,2MT-DE,2-MT-RH,HF RMS Accel,BandEnergyFromSpectrum,g,6,42,0.21423,0.2785,0.3213,True,Stable baseline,0.02,0.9883,1.5,3.0,6.0
4418a4f0-5185-4ca9-8a85-a8ed7d6d8870,100-12-34-177-01,ElectricMotor1,1MT-NDE,1-MT-Ax,OV Vel,VibrationVelocity,mm/s,6,36,0.789967,1.027,1.185,True,Stable baseline,-0.44,0.68203,2.3,4.5,7.1
baa957f8-47b1-4422-b93b-9c0e9c3cf8a3,100-12-34-042-01,Pump1,3PP-DE,3-PP-Ax,OV Accel,Acceleration,g,6,37,0.043704,0.0568,0.0656,True,Stable baseline,-0.52,0.71695,2.0,3.0,6.0
43aad99e-1dbc-4d74-b061-e10b847dea3e,4003245-01030,Pump1,4PP-NDE,4-PP-RV,OV Vel,VibrationVelocity,mm/s,6,35,2.831649,,,False,"Unstable (increasing trend, slope=6.0%/month, p=0.003) — ISO alarms remain active",5.98,0.00264,2.3,4.5,7.1
ed08d57e-d030-4584-ba5c-b8e95227ae28,100-12-34-599-01,ElectricMotor1,2MT-DE,2-MT-Ax,LF RMS Accel,BandEnergyFromSpectrum,g,6,40,0.01142,0.0148,0.0171,True,Stable baseline,-0.43,0.69681,0.2,0.4,0.8
8f669413-f706-47d4-92c1-000af5b89657,2204673-65200,Pump1,3PP-DE,3-PP-RV,Pk-Pk Accel,Acceleration,g,6,47,0.827891,1.0763,1.2418,True,Stable baseline,0.0,0.99936,3.0,6.0,9.0
4a5f1f07-5d69-47ff-ad0c-51f038ca26f5,2204674-80200,Pump1,3PP-DE,3-PP-RV,MF RMS Accel,BandEnergyFromSpectrum,g,6,44,0.562125,0.7308,0.8432,True,Stable baseline,-0.76,0.58304,0.5,1.0,2.0
03730490-e586-4775-9f7d-24435dd06cae,2204674-82200,ElectricMotor1,2MT-DE,2-MT-RV,Pk-Pk Accel,Acceleration,g,6,43,1.395715,1.8144,2.0936,True,Stable baseline,-0.24,0.46512,3.0,6.0,9.0
6b94553b-624d-41d6-ae32-d3ba7ca02dce,4003245-01060 No.6,Pump1,4PP-NDE,4-PP-RV,LF RMS Accel,BandEnergyFromSpectrum,g,6,50,0.558426,,,False,"Unstable (increasing trend, slope=6.5%/month, p=0.002) — ISO alarms remain active",6.5,0.00173,0.2,0.4,0.8
6b60b0aa-ef09-4630-b0c3-9a82f9488b6f,100-12-34-137-01,GearBox1,3GB-InDE,3-GB-RH,OV Vel,VibrationVelocity,mm/s,6,36,0.376881,0.4899,0.5653,True,Stable baseline,-0.01,0.996,2.3,4.5,7.1
4418a4f0-5185-4ca9-8a85-a8ed7d6d8870,100-12-34-177-01,GearBox1,3GB-InDE,3-GB-Ax,OV Vel,VibrationVelocity,mm/s,6,47,0.772334,,,False,"Unstable (increasing trend, slope=7.0%/month, p=0.000) — ISO alarms remain active",7.0,0.00017,2.3,4.5,7.1
61567fca-5d02-4da4-933d-d5959c33b06d,100-12-34-510-21,ElectricMotor1,2MT-DE,2-MT-RT,HF RMS Accel,BandEnergyFromSpectrum,g,6,25,0.303599,0.3947,0.4554,True,Stable baseline,2.68,0.07012,1.5,3.0,6.0
551c74fc-55de-40ed-aafc-1e0e6781fdfd,100-12-34-510-11,ElectricMotor1,2MT-DE,2-MT-RV,OV Vel,VibrationVelocity,mm/s,6,53,2.030839,2.6401,3.0463,True,Stable baseline,0.51,0.68563,2.3,4.5,7.1
95d59ee7-03e4-4a9e-b4c3-1eb0f2b52d18,100-12-34-452-01,ElectricMotor1,2MT-DE,2-MT-Ax,MF Velocity (~3-8X),BandEnergyFromSpectrum,mm/s,6,43,0.798355,1.0379,1.1975,True,Stable baseline,-0.35,0.80842,1.0,3.0,5.0
df615b42-35ae-4d9e-8440-ec02f423d24f,2204674-86700,Pump1,4PP-NDE,4-PP-Ax,OV Accel,Acceleration,g,6,39,0.967171,1.2573,1.4508,True,Stable baseline,-1.38,0.35828,2.0,3.0,6.0
c6e1ea8c-b0aa-4ab3-b1ab-4a7c92913666,4003245-01050,ElectricMotor1,2MT-DE,2-MT-RH,HF RMS Accel,BandEnergyFromSpectrum,g,6,48,1.552403,2.0181,2.3286,True,Stable baseline,-0.19,0.89218,1.5,3.0,6.0
920f4ad8-e17b-4e95-bb07-fe8ccfbdeb6a,2204674-12200,ElectricMotor1,2MT-DE,2-MT-RV,OV Vel,VibrationVelocity,mm/s,6,38,1.293146,1.6811,1.9397,True,Stable baseline,0.74,0.22604,2.3,4.5,7.1
551c74fc-55de-40ed-aafc-1e0e6781fdfd,100-12-34-510-11,ElectricMotor1,2MT-DE,2-MT-RV,MF Velocity (~3-8X),BandEnergyFromSpectrum,mm/s,6,53,0.41754,0.5428,0.6263,True,Stable baseline,0.49,0.70653,1.0,3.0,5.0
8f669413-f706-47d4-92c1-000af5b89657,2204673-65200,ElectricMotor1,1MT-NDE,1-MT-RV,HF RMS Accel,BandEnergyFromSpectrum,g,6,35,0.042014,0.0546,0.063,True,Stable baseline,0.34,0.77455,1.5,3.0,6.0
44b72af3-d034-498f-8d9f-e5fe074eebbd,2204674-85200,Pump1,4PP-NDE,4-PP-Ax,LF RMS Accel,BandEnergyFromSpectrum,g,6,47,0.062914,0.0818,0.0944,True,Stable baseline,1.94,0.21915,0.2,0.4,0.8
ddec0803-5671-4d5f-bcd2-6ad1ec7ba006,2204674-18200,ElectricMotor1,2MT-DE,2-MT-RH,OV Accel,Acceleration,g,6,42,0.344621,0.448,0.5169,True,Stable baseline,0.53,0.65854,2.0,3.0,6.0
6b94553b-624d-41d6-ae32-d3ba7ca02dce,4003245-01060 No.6,ElectricMotor1,1MT-NDE,1-MT-RH,MF RMS Accel,BandEnergyFromSpectrum,g,6,40,3.265783,,,False,"Unstable (increasing trend, slope=7.6%/month, p=0.000) — ISO alarms remain active",7.61,0.00033,0.5,1.0,2.0
5a52a7bb-3ac4-4087-b2ae-b50b8ac5d619,2204674-12700,Pump1,3PP-DE,3-PP-RH,Pk-Pk Accel,Acceleration,g,6,54,1.347974,1.7524,2.022,True,Stable baseline,2.88,0.00228,3.0,6.0,9.0
8f669413-f706-47d4-92c1-000af5b89657,2204673-65200,Pump1,4PP-NDE,4-PP-RH,OV Vel,VibrationVelocity,mm/s,6,35,0.440619,0.5728,0.6609,True,Stable baseline,-0.38,0.73691,2.3,4.5,7.1
971c1886-fae1-4e46-bdc2-fedaf770dc42,2204673-20200,Pump1,4PP-NDE,4-PP-Ax,MF Velocity (~3-8X),BandEnergyFromSpectrum,mm/s,6,57,1.914123,,,False,"Unstable (increasing trend, slope=6.1%/month, p=0.001) — ISO alarms remain active",6.06,0.00148,1.0,3.0,5.0
df615b42-35ae-4d9e-8440-ec02f423d24f,2204674-86700,ElectricMotor1,1MT-NDE,1-MT-Ax,OV Accel,Acceleration,g,6,57,0.814659,1.0591,1.222,True,Stable baseline,1.82,0.10655,2.0,3.0,6.0
920f4ad8-e17b-4e95-bb07-fe8ccfbdeb6a,2204674-12200,Pump1,3PP-DE,3-PP-RH,MF Velocity (~3-8X),BandEnergyFromSpectrum,mm/s,6,38,0.604948,0.7864,0.9074,True,Stable baseline,-2.63,0.09729,1.0,3.0,5.0
df615b42-35ae-4d9e-8440-ec02f423d24f,2204674-86700,ElectricMotor1,1MT-NDE,1-MT-Ax,OV Vel,VibrationVelocity,mm/s,6,41,5.819011,7.5647,8.7285,True,Stable baseline,-2.37,0.06647,2.3,4.5,7.1
95d59ee7-03e4-4a9e-b4c3-1eb0f2b52d18,100-12-34-452-01,Pump1,3PP-DE,3-PP-Ax,HF RMS Accel,BandEnergyFromSpectrum,g,6,47,0.042036,0.0546,0.0631,True,Stable baseline,-0.12,0.93958,1.5,3.0,6.0
9cd3dcc6-d8f4-42a8-bfd4-4957a1c3d83b,2204674-84200,Pump1,4PP-NDE,4-PP-RH,MF Velocity (~3-8X),BandEnergyFromSpectrum,mm/s,6,44,0.16796,,,False,"Unstable (increasing trend, slope=6.5%/month, p=0.000) — ISO alarms remain active",6.51,0.0001,1.0,3.0,5.0
4418a4f0-5185-4ca9-8a85-a8ed7d6d8870,100-12-34-177-01,GearBox1,3GB-InDE,3-GB-Ax,OV Accel,Acceleration,g,6,37,0.204958,0.2664,0.3074,True,Stable baseline,-0.64,0.41439,2.0,3.0,6.0
d02dc63f-663b-465c-8e99-133e530a34f3,2204674-18700,Pump1,3PP-DE,3-PP-RV,OV Vel,VibrationVelocity,mm/s,6,48,0.832019,1.0816,1.248,True,Stable baseline,-1.19,0.25239,2.3,4.5,7.1
c6e1ea8c-b0aa-4ab3-b1ab-4a7c92913666,4003245-01050,ElectricMotor1,2MT-DE,2-MT-Ax,OV Accel,Acceleration,g,6,44,0.217147,0.2823,0.3257,True,Stable baseline,-1.54,0.0774,2.0,3.0,6.0
ddec0803-5671-4d5f-bcd2-6ad1ec7ba006,2204674-18200,ElectricMotor1,1MT-NDE,1-MT-RH,OV Accel,Acceleration,g,6,56,0.856484,1.1134,1.2847,True,Stable baseline,1.05,0.18273,2.0,3.0,6.0
ddec0803-5671-4d5f-bcd2-6ad1ec7ba006,2204674-18200,Pump1,4PP-NDE,4-PP-Ax,OV Accel,Acceleration,g,6,42,0.178861,0.2325,0.2683,True,Stable baseline,-0.12,0.95095,2.0,3.0,6.0
43aad99e-1dbc-4d74-b061-e10b847dea3e,4003245-01030,Pump1,3PP-DE,3-PP-RV,MF Velocity (~3-8X),BandEnergyFromSpectrum,mm/s,6,43,2.184202,,,False,"Unstable (increasing trend, slope=7.0%/month, p=0.000) — ISO alarms remain active",7.05,0.00039,1.0,3.0,5.0
10694b53-68ec-4cc5-ba70-011ea9cfc8cb,100-12-34-442-01,Pump1,4PP-NDE,4-PP-RV,HF RMS Accel,BandEnergyFromSpectrum,g,6,49,0.179819,,,False,"Unstable (increasing trend, slope=7.3%/month, p=0.000) — ISO alarms remain active",7.29,0.00033,1.5,3.0,6.0
df615b42-35ae-4d9e-8440-ec02f423d24f,2204674-86700,ElectricMotor1,2MT-DE,2-MT-RH,MF Velocity (~3-8X),BandEnergyFromSpectrum,mm/s,6,47,2.453916,3.1901,3.6809,True,Stable baseline,-0.0,0.99782,1.0,3.0,5.0
6b94553b-624d-41d6-ae32-d3ba7ca02dce,4003245-01060 No.6,ElectricMotor1,1MT-NDE,1-MT-RH,Pk-Pk Accel,Acceleration,g,6,34,10.971206,14.2626,16.4568,True,Stable baseline,1.25,0.29559,3.0,6.0,9.0
4322796b-6387-4da8-b21c-a60391237dcb,4002861-50500,ElectricMotor1,1MT-NDE,1-MT-Ax,LF RMS Accel,BandEnergyFromSpectrum,g,6,38,0.024272,0.0316,0.0364,True,Stable baseline,1.27,0.22231,0.2,0.4,0.8
6ede0422-81cb-4ec5-a1c5-1d25b11af911,100-12-34-112-01,ElectricMotor1,1MT-NDE,1-MT-RH,OV Accel,Acceleration,g,6,41,0.100668,0.1309,0.151,True,Stable baseline,2.47,0.00823,2.0,3.0,6.0
6b60b0aa-ef09-4630-b0c3-9a82f9488b6f,100-12-34-137-01,GearBox1,3GB-InDE,3-GB-RH,Pk-Pk Accel,Acceleration,g,1,11,,,,,Insufficient data: 1 months (need 3),,,3.0,6.0,9.0
9cd3dcc6-d8f4-42a8-bfd4-4957a1c3d83b,2204674-84200,ElectricMotor1,2MT-DE,2-MT-Ax,OV Vel,VibrationVelocity,mm/s,6,56,0.260784,0.339,0.3912,True,Stable baseline,-0.3,0.72542,2.3,4.5,7.1
9cd3dcc6-d8f4-42a8-bfd4-4957a1c3d83b,2204674-84200,Pump1,3PP-DE,3-PP-Ax,MF RMS Accel,BandEnergyFromSpectrum,g,6,31,0.230718,,,False,"Unstable (increasing trend, slope=6.6%/month, p=0.000) — ISO alarms remain active",6.58,0.00035,0.5,1.0,2.0
8c097769-c06f-45ff-b124-b425f9a07faf,2204674-25200,LobulusCompressor1,4LC-NDE,4-LC-RV,MF Velocity (~3-8X),BandEnergyFromSpectrum,mm/s,6,49,0.491755,0.6393,0.7376,True,Stable baseline,0.51,0.53835,1.0,3.0,5.0
10694b53-68ec-4cc5-ba70-011ea9cfc8cb,100-12-34-442-01,Pump1,4PP-NDE,4-PP-Ax,OV Vel,VibrationVelocity,mm/s,6,53,2.388796,,,False,"Unstable (increasing trend, slope=6.1%/month, p=0.001) — ISO alarms remain active",6.08,0.00131,2.3,4.5,7.1
4418a4f0-5185-4ca9-8a85-a8ed7d6d8870,100-12-34-177-01,Shaft1,7SH-DE,7-SH-RH,LF RMS Accel,BandEnergyFromSpectrum,g,6,48,0.017999,0.0234,0.027,True,Stable baseline,2.04,0.14357,0.2,0.4,0.8
1d898064-4876-4e5b-885f-a3ac174fa02b,100-12-34-162-01,ElectricMotor1,2MT-DE,2-MT-RV,MF RMS Accel,BandEnergyFromSpectrum,g,6,56,0.088587,0.1152,0.1329,True,Stable baseline,1.39,0.36234,0.5,1.0,2.0
4a5f1f07-5d69-47ff-ad0c-51f038ca26f5,2204674-80200,ElectricMotor1,1MT-NDE,1-MT-RV,HF RMS Accel,BandEnergyFromSpectrum,g,6,50,0.012179,0.0158,0.0183,True,Stable baseline,-2.22,0.11467,1.5,3.0,6.0
5a52a7bb-3ac4-4087-b2ae-b50b8ac5d619,2204674-12700,Pump1,3PP-DE,3-PP-Ax,LF RMS Accel,BandEnergyFromSpectrum,g,6,48,0.033651,0.0437,0.0505,True,Stable baseline,0.16,0.9103,0.2,0.4,0.8
f0256864-92af-49d6-b5bb-fa91f04642f9,4003245-01070,Pump1,3PP-DE,3-PP-RV,LF RMS Accel,BandEnergyFromSpectrum,g,6,43,0.513899,,,False,"Unstable (increasing trend, slope=7.6%/month, p=0.001) — ISO alarms remain active",7.64,0.00106,0.2,0.4,0.8
1d898064-4876-4e5b-885f-a3ac174fa02b,100-12-34-162-01,Pump1,3PP-DE,3-PP-RV,OV Accel,Acceleration,g,6,48,0.316012,0.4108,0.474,True,Stable baseline,1.29,0.14424,2.0,3.0,6.0
10694b53-68ec-4cc5-ba70-011ea9cfc8cb,100-12-34-442-01,ElectricMotor1,2MT-DE,2-MT-Ax,OV Accel,Acceleration,g,6,41,0.110663,0.1439,0.166,True,Stable baseline,-0.47,0.80041,2.0,3.0,6.0
5a52a7bb-3ac4-4087-b2ae-b50b8ac5d619,2204674-12700,Pump1,3PP-DE,3-PP-RH,OV Accel,Acceleration,g,6,36,0.262507,,,False,"Unstable (increasing trend, slope=7.0%/month, p=0.000) — ISO alarms remain active",6.96,0.00025,2.0,3.0,6.0
43aad99e-1dbc-4d74-b061-e10b847dea3e,4003245-01030,ElectricMotor1,1MT-NDE,1-MT-Ax,OV Vel,VibrationVelocity,mm/s,6,58,2.051861,2.6674,3.0778,True,Stable baseline,-1.96,0.09725,2.3,4.5,7.1
5a52a7bb-3ac4-4087-b2ae-b50b8ac5d619,2204674-12700,ElectricMotor1,1MT-NDE,1-MT-Ax,MF RMS Accel,BandEnergyFromSpectrum,g,6,42,0.231448,0.3009,0.3472,True,Stable baseline,0.55,0.52223,0.5,1.0,2.0
8f669413-f706-47d4-92c1-000af5b89657,2204673-65200,Pump1,3PP-DE,3-PP-RH,Pk-Pk Accel,Acceleration,g,6,46,2.123431,2.7605,3.1851,True,Stable baseline,-1.86,0.05292,3.0,6.0,9.0
c5661652-b006-41ac-9678-a9f8cee30d2e,2204674-91700,ElectricMotor1,2MT-DE,2-MT-RV,HF RMS Accel,BandEnergyFromSpectrum,g,6,55,0.152982,0.1989,0.2295,True,Stable baseline,-1.13,0.45081,1.5,3.0,6.0
10694b53-68ec-4cc5-ba70-011ea9cfc8cb,100-12-34-442-01,Pump1,3PP-DE,3-PP-RH,HF RMS Accel,BandEnergyFromSpectrum,g,6,34,0.575924,0.7487,0.8639,True,Stable baseline,2.31,0.11981,1.5,3.0,6.0
6b94553b-624d-41d6-ae32-d3ba7ca02dce,4003245-01060 No.6,ElectricMotor1,2MT-DE,2-MT-RV,MF RMS Accel,BandEnergyFromSpectrum,g,6,44,0.954062,1.2403,1.4311,True,Stable baseline,0.14,0.92444,0.5,1.0,2.0
6ede0422-81cb-4ec5-a1c5-1d25b11af911,100-12-34-112-01,ElectricMotor1,1MT-NDE,1-MT-RV,LF RMS Accel,BandEnergyFromSpectrum,g,6,42,0.012623,0.0164,0.0189,True,Stable baseline,-0.99,0.50307,0.2,0.4,0.8
cb82f5f4-a90f-417b-9120-982c9cc359e8,100-12-34-182-01,ElectricMotor1,1MT-NDE,1-MT-RV,MF RMS Accel,BandEnergyFromSpectrum,g,6,62,0.092583,0.1204,0.1389,True,Stable baseline,-2.54,0.04684,0.5,1.0,2.0
4418a4f0-5185-4ca9-8a85-a8ed7d6d8870,100-12-34-177-01,ElectricMotor1,1MT-NDE,1-MT-Ax,LF RMS Accel,BandEnergyFromSpectrum,g,6,48,0.043888,0.0571,0.0658,True,Stable baseline,0.05,0.97974,0.2,0.4,0.8
44b72af3-d034-498f-8d9f-e5fe074eebbd,2204674-85200,Pump1,4PP-NDE,4-PP-RV,MF Velocity (~3-8X),BandEnergyFromSpectrum,mm/s,6,49,0.199817,0.2598,0.2997,True,Stable baseline,-0.62,0.70432,1.0,3.0,5.0
63f8e6fe-5f68-4171-9ca8-5bb946a1571d,2204674-91200,ElectricMotor1,2MT-DE,2-MT-RV,MF Velocity (~3-8X),BandEnergyFromSpectrum,mm/s,6,42,3.339889,,,False,"Unstable (increasing trend, slope=6.6%/month, p=0.001) — ISO alarms remain active",6.56,0.00092,1.0,3.0,5.0
95d59ee7-03e4-4a9e-b4c3-1eb0f2b52d18,100-12-34-452-01,ElectricMotor1,2MT-DE,2-MT-RH,LF RMS Accel,BandEnergyFromSpectrum,g,6,46,0.068376,,,False,"Unstable (increasing trend, slope=6.4%/month, p=0.000) — ISO alarms remain active",6.42,0.00028,0.2,0.4,0.8
df615b42-35ae-4d9e-8440-ec02f423d24f,2204674-86700,ElectricMotor1,2MT-DE,2-MT-Ax,OV Vel,VibrationVelocity,mm/s,6,50,3.756134,4.883,5.6342,True,Stable baseline,-2.22,0.09133,2.3,4.5,7.1
8f669413-f706-47d4-92c1-000af5b89657,2204673-65200,ElectricMotor1,2MT-DE,2-MT-Ax,LF RMS Accel,BandEnergyFromSpectrum,g,6,53,0.06328,,,False,"Unstable (increasing trend, slope=6.2%/month, p=0.003) — ISO alarms remain active",6.22,0.00327,0.2,0.4,0.8
43aad99e-1dbc-4d74-b061-e10b847dea3e,4003245-01030,ElectricMotor1,2MT-DE,2-MT-RH,MF RMS Accel,BandEnergyFromSpectrum,g,6,55,0.504849,0.6563,0.7573,True,Stable baseline,-0.34,0.71516,0.5,1.0,2.0
8c097769-c06f-45ff-b124-b425f9a07faf,2204674-25200,ElectricMotor1,2MT-DE,2-MT-RH,HF RMS Accel,BandEnergyFromSpectrum,g,6,37,0.618848,,,False,"Unstable (increasing trend, slope=7.1%/month, p=0.001) — ISO alarms remain active",7.11,0.00128,1.5,3.0,6.0
44b72af3-d034-498f-8d9f-e5fe074eebbd,2204674-85200,Pump1,3PP-DE,3-PP-Ax,HF RMS Accel,BandEnergyFromSpectrum,g,6,55,0.010768,,,False,"Unstable (increasing trend, slope=6.9%/month, p=0.001) — ISO alarms remain active",6.86,0.00062,1.5,3.0,6.0
dfd2a084-a9f2-4a9f-bd33-34b210d47d0e,100-12-34-032-01,ElectricMotor1,1MT-NDE,1-MT-RH,HF RMS Accel,BandEnergyFromSpectrum,g,6,43,0.024516,0.0319,0.0368,True,Stable baseline,0.8,0.42417,1.5,3.0,6.0
df615b42-35ae-4d9e-8440-ec02f423d24f,2204674-86700,Pump1,4PP-NDE,4-PP-RV,OV Vel,VibrationVelocity,mm/s,6,33,2.960135,3.8482,4.4402,True,Stable baseline,0.07,0.94866,2.3,4.5,7.1
61567fca-5d02-4da4-933d-d5959c33b06d,100-12-34-510-21,ElectricMotor1,1MT-NDE,1-MT-Ax,OV Vel,VibrationVelocity,mm/s,2,21,,,,,Insufficient data: 2 months (need 3),,,2.3,4.5,7.1
2f0c1896-955a-4c2b-b25f-c632bd837c5d,100-12-34-122-01,ElectricMotor1,1MT-NDE,1-MT-Ax,HF RMS Accel,BandEnergyFromSpectrum,g,6,48,0.007056,0.0092,0.0106,True,Stable baseline,0.0,0.9975,1.5,3.0,6.0
df615b42-35ae-4d9e-8440-ec02f423d24f,2204674-86700,Pump1,3PP-DE,3-PP-RV,OV Accel,Acceleration,g,6,50,1.13886,,,False,"Unstable (increasing trend, slope=5.7%/month, p=0.001) — ISO alarms remain active",5.72,0.00102,2.0,3.0,6.0
2f0c1896-955a-4c2b-b25f-c632bd837c5d,100-12-34-122-01,Pump1,4PP-NDE,4-PP-Ax,HF RMS Accel,BandEnergyFromSpectrum,g,6,27,0.055317,,,False,"Unstable (increasing trend, slope=6.8%/month, p=0.000) — ISO alarms remain active",6.81,0.00046,1.5,3.0,6.0
f0256864-92af-49d6-b5bb-fa91f04642f9,4003245-01070,ElectricMotor1,1MT-NDE,1-MT-RV,OV Accel,Acceleration,g,6,48,0.316302,0.4112,0.4745,True,Stable baseline,-0.33,0.55063,2.0,3.0,6.0
8c097769-c06f-45ff-b124-b425f9a07faf,2204674-25200,LobulusCompressor1,6LC-NDE,6-LC-RV,MF Velocity (~3-8X),BandEnergyFromSpectrum,mm/s,6,40,0.323165,0.4201,0.4847,True,Stable baseline,-0.51,0.68412,1.0,3.0,5.0
ddec0803-5671-4d5f-bcd2-6ad1ec7ba006,2204674-18200,Pump1,4PP-NDE,4-PP-RH,MF RMS Accel,BandEnergyFromSpectrum,g,6,49,0.11312,0.1471,0.1697,True,Stable baseline,-0.42,0.74054,0.5,1.0,2.0
f0256864-92af-49d6-b5bb-fa91f04642f9,4003245-01070,ElectricMotor1,2MT-DE,2-MT-RV,MF Velocity (~3-8X),BandEnergyFromSpectrum,mm/s,6,54,0.985386,1.281,1.4781,True,Stable baseline,-0.26,0.83697,1.0,3.0,5.0
cb82f5f4-a90f-417b-9120-982c9cc359e8,100-12-34-182-01,Pump1,4PP-NDE,4-PP-RH,HF RMS Accel,BandEnergyFromSpectrum,g,6,57,0.724308,0.9416,1.0865,True,Stable baseline,-0.84,0.21601,1.5,3.0,6.0
1183b785-83bc-4239-9fd1-4c4e5ad0d5f0,2204673-64200,Pump1,3PP-DE,3-PP-RV,OV Vel,VibrationVelocity,mm/s,1,11,,,,,Insufficient data: 1 months (need 3),,,2.3,4.5,7.1
03730490-e586-4775-9f7d-24435dd06cae,2204674-82200,ElectricMotor1,1MT-NDE,1-MT-RH,HF RMS Accel,BandEnergyFromSpectrum,g,6,53,0.093174,0.1211,0.1398,True,Stable baseline,0.06,0.95517,1.5,3.0,6.0
1183b785-83bc-4239-9fd1-4c4e5ad0d5f0,2204673-64200,Pump1,3PP-DE,3-PP-RH,MF RMS Accel,BandEnergyFromSpectrum,g,6,42,0.127887,0.1663,0.1918,True,Stable baseline,-0.02,0.98349,0.5,1.0,2.0
4418a4f0-5185-4ca9-8a85-a8ed7d6d8870,100-12-34-177-01,Shaft1,7SH-DE,7-SH-RH,Pk-Pk Accel,Acceleration,g,6,38,2.676036,3.4788,4.0141,True,Stable baseline,-1.15,0.1848,2.0,4.0,6.0
2f0c1896-955a-4c2b-b25f-c632bd837c5d,100-12-34-122-01,ElectricMotor1,2MT-DE,2-MT-RV,LF RMS Accel,BandEnergyFromSpectrum,g,6,38,0.059174,,,False,"Unstable (increasing trend, slope=6.4%/month, p=0.002) — ISO alarms remain active",6.44,0.00164,0.2,0.4,0.8
6b5b6534-5ed7-4bf6-959a-47e0f9d1edb4,100-12-34-772-01,ElectricMotor1,1MT-NDE,1-MT-Ax,HF RMS Accel,BandEnergyFromSpectrum,g,6,36,0.004153,0.0054,0.0062,True,Stable baseline,-0.33,0.74256,1.5,3.0,6.0
6ede0422-81cb-4ec5-a1c5-1d25b11af911,100-12-34-112-01,ElectricMotor1,1MT-NDE,1-MT-RH,HF RMS Accel,BandEnergyFromSpectrum,g,6,48,0.086668,0.1127,0.13,True,Stable baseline,0.51,0.68431,1.5,3.0,6.0
df615b42-35ae-4d9e-8440-ec02f423d24f,2204674-86700,Pump1,4PP-NDE,4-PP-RV,Pk-Pk Accel,Acceleration,g,2,8,,,,,Insufficient data: 2 months (need 3),,,3.0,6.0,9.0
6ede0422-81cb-4ec5-a1c5-1d25b11af911,100-12-34-112-01,Pump1,3PP-DE,3-PP-RH,OV Vel,VibrationVelocity,mm/s,6,44,0.248518,,,False,"Unstable (increasing trend, slope=5.7%/month, p=0.002) — ISO alarms remain active",5.72,0.00195,2.3,4.5,7.1
61567fca-5d02-4da4-933d-d5959c33b06d,100-12-34-510-21,ElectricMotor1,2MT-DE,2-MT-RT,MF Velocity (~3-8X),BandEnergyFromSpectrum,mm/s,6,37,0.885556,,,False,"Unstable (increasing trend, slope=6.3%/month, p=0.000) — ISO alarms remain active",6.28,0.00019,1.0,3.0,5.0
2f0c1896-955a-4c2b-b25f-c632bd837c5d,100-12-34-122-01,ElectricMotor1,1MT-NDE,1-MT-RV,OV Vel,VibrationVelocity,mm/s,6,37,1.560282,2.0284,2.3404,True,Stable baseline,-1.14,0.43072,2.3,4.5,7.1
1d898064-4876-4e5b-885f-a3ac174fa02b,100-12-34-162-01,Pump1,3PP-DE,3-PP-Ax,OV Accel,Acceleration,g,6,45,0.294941,0.3834,0.4424,True,Stable baseline,0.02,0.9884,2.0,3.0,6.0
cb82f5f4-a90f-417b-9120-982c9cc359e8,100-12-34-182-01,Pump1,4PP-NDE,4-PP-RV,MF Velocity (~3-8X),BandEnergyFromSpectrum,mm/s,6,42,0.696068,,,False,"Unstable (increasing trend, slope=7.2%/month, p=0.001) — ISO alarms remain active",7.19,0.00053,1.0,3.0,5.0
4a5f1f07-5d69-47ff-ad0c-51f038ca26f5,2204674-80200,ElectricMotor1,2MT-DE,2-MT-RH,HF RMS Accel,BandEnergyFromSpectrum,g,6,46,0.126269,0.1641,0.1894,True,Stable baseline,-0.42,0.6109,1.5,3.0,6.0
4322796b-6387-4da8-b21c-a60391237dcb,4002861-50500,Pump1,4PP-NDE,4-PP-RV,MF RMS Accel,BandEnergyFromSpectrum,g,6,40,0.517768,0.6731,0.7767,True,Stable baseline,-1.12,0.33898,0.5,1.0,2.0
920f4ad8-e17b-4e95-bb07-fe8ccfbdeb6a,2204674-12200,ElectricMotor1,2MT-DE,2-MT-RH,Pk-Pk Accel,Acceleration,g,6,45,0.799969,1.04,1.2,True,Stable baseline,0.98,0.34269,3.0,6.0,9.0
03730490-e586-4775-9f7d-24435dd06cae,2204674-82200,Pump1,3PP-DE,3-PP-RH,OV Vel,VibrationVelocity,mm/s,2,17,,,,,Insufficient data: 2 months (need 3),,,2.3,4.5,7.1
43aad99e-1dbc-4d74-b061-e10b847dea3e,4003245-01030,ElectricMotor1,2MT-DE,2-MT-RV,HF RMS Accel,BandEnergyFromSpectrum,g,6,52,0.444893,0.5784,0.6673,True,Stable baseline,0.48,0.75151,1.5,3.0,6.0
8c097769-c06f-45ff-b124-b425f9a07faf,2204674-25200,LobulusCompressor1,6LC-NDE,6-LC-Ax,MF Velocity (~3-8X),BandEnergyFromSpectrum,mm/s,6,42,0.060171,0.0782,0.0903,True,Stable baseline,-1.96,0.15233,1.0,3.0,5.0
4a5f1f07-5d69-47ff-ad0c-51f038ca26f5,2204674-80200,Pump1,4PP-NDE,4-PP-RV,Pk-Pk Accel,Acceleration,g,6,56,5.962867,7.7517,8.9443,True,Stable baseline,0.24,0.8577,3.0,6.0,9.0
6b5b6534-5ed7-4bf6-959a-47e0f9d1edb4,100-12-34-772-01,Pump1,4PP-NDE,4-PP-Ax,LF RMS Accel,BandEnergyFromSpectrum,g,6,53,0.057825,0.0752,0.0867,True,Stable baseline,0.48,0.67551,0.2,0.4,0.8
4e95bfc9-5c27-4ef2-8f21-e1680ea3525a,100-12-34-052-01,ElectricMotor1,1MT-NDE,1-MT-RV,MF Velocity (~3-8X),BandEnergyFromSpectrum,mm/s,6,48,0.804721,1.0461,1.2071,True,Stable baseline,-0.91,0.53365,1.0,3.0,5.0
971c1886-fae1-4e46-bdc2-fedaf770dc42,2204673-20200,ElectricMotor1,2MT-DE,2-MT-RH,MF Velocity (~3-8X),BandEnergyFromSpectrum,mm/s,6,45,0.266595,,,False,"Unstable (increasing trend, slope=6.6%/month, p=0.001) — ISO alarms remain active",6.58,0.00101,1.0,3.0,5.0
6ede0422-81cb-4ec5-a1c5-1d25b11af911,100-12-34-112-01,Pump1,3PP-DE,3-PP-RV,LF RMS Accel,BandEnergyFromSpectrum,g,6,47,0.010036,0.013,0.0151,True,Stable baseline,-0.11,0.94096,0.2,0.4,0.8
df615b42-35ae-4d9e-8440-ec02f423d24f,2204674-86700,ElectricMotor1,1MT-NDE,1-MT-RV,MF RMS Accel,BandEnergyFromSpectrum,g,6,48,0.973307,1.2653,1.46,True,Stable baseline,0.37,0.83623,0.5,1.0,2.0
dfd2a084-a9f2-4a9f-bd33-34b210d47d0e,100-12-34-032-01,ElectricMotor1,1MT-NDE,1-MT-Ax,OV Accel,Acceleration,g,6,47,0.034215,0.0445,0.0513,True,Stable baseline,2.48,0.07921,2.0,3.0,6.0
c5661652-b006-41ac-9678-a9f8cee30d2e,2204674-91700,ElectricMotor1,2MT-DE,2-MT-RV,OV Accel,Acceleration,g,6,46,0.537236,,,False,"Unstable (increasing trend, slope=7.5%/month, p=0.000) — ISO alarms remain active",7.5,2e-05,2.0,3.0,6.0
d02dc63f-663b-465c-8e99-133e530a34f3,2204674-18700,Pump1,3PP-DE,3-PP-RH,Pk-Pk Accel,Acceleration,g,6,47,0.971832,1.2634,1.4577,True,Stable baseline,-0.14,0.8987,3.0,6.0,9.0
d02dc63f-663b-465c-8e99-133e530a34f3,2204674-18700,Pump1,3PP-DE,3-PP-RV,MF Velocity (~3-8X),BandEnergyFromSpectrum,mm/s,6,45,0.341216,0.4436,0.5118,True,Stable baseline,-1.01,0.53656,1.0,3.0,5.0
03730490-e586-4775-9f7d-24435dd06cae,2204674-82200,Pump1,3PP-DE,3-PP-RV,OV Vel,VibrationVelocity,mm/s,6,43,1.350517,1.7557,2.0258,True,Stable baseline,-0.48,0.66878,2.3,4.5,7.1
d02dc63f-663b-465c-8e99-133e530a34f3,2204674-18700,Pump1,3PP-DE,3-PP-Ax,OV Accel,Acceleration,g,6,43,0.130379,0.1695,0.1956,True,Stable baseline,1.86,0.19332,2.0,3.0,6.0
1d898064-4876-4e5b-885f-a3ac174fa02b,100-12-34-162-01,ElectricMotor1,2MT-DE,2-MT-RH,OV Accel,Acceleration,g,6,43,0.138605,0.1802,0.2079,True,Stable baseline,0.81,0.51282,2.0,3.0,6.0
4418a4f0-5185-4ca9-8a85-a8ed7d6d8870,100-12-34-177-01,GearBox1,3GB-InDE,3-GB-RV,Pk-Pk Accel,Acceleration,g,6,45,1.407895,,,False,"Unstable (increasing trend, slope=8.0%/month, p=0.000) — ISO alarms remain active",7.95,0.00019,3.0,6.0,9.0
6b94553b-624d-41d6-ae32-d3ba7ca02dce,4003245-01060 No.6,ElectricMotor1,2MT-DE,2-MT-RH,MF Velocity (~3-8X),BandEnergyFromSpectrum,mm/s,1,5,,,,,Insufficient data: 1 months (need 3),,,1.0,3.0,5.0
4322796b-6387-4da8-b21c-a60391237dcb,4002861-50500,Pump1,3PP-DE,3-PP-RV,MF RMS Accel,BandEnergyFromSpectrum,g,6,46,1.699898,2.2099,2.5498,True,Stable baseline,1.43,0.19698,0.5,1.0,2.0
4418a4f0-5185-4ca9-8a85-a8ed7d6d8870,100-12-34-177-01,GearBox1,3GB-InDE,3-GB-RH,MF RMS Accel,BandEnergyFromSpectrum,g,6,59,0.342002,0.4446,0.513,True,Stable baseline,-0.7,0.67257,0.5,1.0,2.0
4418a4f0-5185-4ca9-8a85-a8ed7d6d8870,100-12-34-177-01,GearBox1,4GB-InNDE,4-GB-RH,LF RMS Accel,BandEnergyFromSpectrum,g,6,56,0.020738,0.027,0.0311,True,Stable baseline,-0.11,0.93246,0.2,0.4,0.8
df615b42-35ae-4d9e-8440-ec02f423d24f,2204674-86700,ElectricMotor1,1MT-NDE,1-MT-RH,LF RMS Accel,BandEnergyFromSpectrum,g,6,54,0.519917,0.6759,0.7799,True,Stable baseline,-0.85,0.52085,0.2,0.4,0.8
5d071c42-70ae-41ae-ab75-66543fc85f14,100-12-34-157-01,ElectricMotor1,2MT-DE,2-MT-RV,HF RMS Accel,BandEnergyFromSpectrum,g,6,57,0.036758,0.0478,0.0551,True,Stable baseline,-1.03,0.52222,1.5,3.0,6.0
baa957f8-47b1-4422-b93b-9c0e9c3cf8a3,100-12-34-042-01,Pump1,3PP-DE,3-PP-Ax,LF RMS Accel,BandEnergyFromSpectrum,g,6,42,0.023863,,,False,"Unstable (increasing trend, slope=5.5%/month, p=0.001) — ISO alarms remain active",5.51,0.00101,0.2,0.4,0.8
cb82f5f4-a90f-417b-9120-982c9cc359e8,100-12-34-182-01,ElectricMotor1,2MT-DE,2-MT-Ax,MF Velocity (~3-8X),BandEnergyFromSpectrum,mm/s,6,42,0.316525,,,False,"Unstable (increasing trend, slope=6.6%/month, p=0.001) — ISO alarms remain active",6.56,0.00086,1.0,3.0,5.0
43aad99e-1dbc-4d74-b061-e10b847dea3e,4003245-01030,Pump1,3PP-DE,3-PP-Ax,Pk-Pk Accel,Acceleration,g,6,37,3.639221,4.731,5.4588,True,Stable baseline,-1.44,0.22852,3.0,6.0,9.0
d02dc63f-663b-465c-8e99-133e530a34f3,2204674-18700,ElectricMotor1,2MT-DE,2-MT-RV,OV Vel,VibrationVelocity,mm/s,6,53,0.858787,1.1164,1.2882,True,Stable baseline,0.04,0.96338,2.3,4.5,7.1
8f669413-f706-47d4-92c1-000af5b89657,2204673-65200,ElectricMotor1,2MT-DE,2-MT-RH,Pk-Pk Accel,Acceleration,g,6,32,1.201057,1.5614,1.8016,True,Stable baseline,1.67,0.14578,3.0,6.0,9.0
920f4ad8-e17b-4e95-bb07-fe8ccfbdeb6a,2204674-12200,ElectricMotor1,2MT-DE,2-MT-Ax,HF RMS Accel,BandEnergyFromSpectrum,g,6,41,0.009616,,,False,"Unstable (increasing trend, slope=6.4%/month, p=0.001) — ISO alarms remain active",6.44,0.00143,1.5,3.0,6.0
4e95bfc9-5c27-4ef2-8f21-e1680ea3525a,100-12-34-052-01,ElectricMotor1,1MT-NDE,1-MT-RV,MF RMS Accel,BandEnergyFromSpectrum,g,2,16,,,,,Insufficient data: 2 months (need 3),,,0.5,1.0,2.0
95d59ee7-03e4-4a9e-b4c3-1eb0f2b52d18,100-12-34-452-01,Pump1,3PP-DE,3-PP-RV,OV Vel,VibrationVelocity,mm/s,2,12,,,,,Insufficient data: 2 months (need 3),,,2.3,4.5,7.1
43aad99e-1dbc-4d74-b061-e10b847dea3e,4003245-01030,Pump1,4PP-NDE,4-PP-RV,MF Velocity (~3-8X),BandEnergyFromSpectrum,mm/s,6,59,2.309513,3.0024,3.4643,True,Stable baseline,-0.42,0.80629,1.0,3.0,5.0
03730490-e586-4775-9f7d-24435dd06cae,2204674-82200,Pump1,4PP-NDE,4-PP-RH,MF RMS Accel,BandEnergyFromSpectrum,g,6,46,0.233086,0.303,0.3496,True,Stable baseline,0.17,0.90463,0.5,1.0,2.0
c5661652-b006-41ac-9678-a9f8cee30d2e,2204674-91700,ElectricMotor1,1MT-NDE,1-MT-RV,LF RMS Accel,BandEnergyFromSpectrum,g,6,52,0.154093,0.2003,0.2311,True,Stable baseline,0.21,0.84401,0.2,0.4,0.8
4418a4f0-5185-4ca9-8a85-a8ed7d6d8870,100-12-34-177-01,GearBox1,4GB-InNDE,4-GB-RV,MF Velocity (~3-8X),BandEnergyFromSpectrum,mm/s,6,47,0.285565,0.3712,0.4283,True,Stable baseline,0.06,0.96379,1.0,3.0,5.0
971c1886-fae1-4e46-bdc2-fedaf770dc42,2204673-20200,Pump1,3PP-DE,3-PP-RH,OV Vel,VibrationVelocity,mm/s,6,35,1.127357,1.4656,1.691,True,Stable baseline,0.05,0.95925,2.3,4.5,7.1
6b5b6534-5ed7-4bf6-959a-47e0f9d1edb4,100-12-34-772-01,ElectricMotor1,2MT-DE,2-MT-RH,HF RMS Accel,BandEnergyFromSpectrum,g,6,36,0.058699,,,False,"Unstable (increasing trend, slope=5.9%/month, p=0.000) — ISO alarms remain active",5.89,6e-05,1.5,3.0,6.0
6b94553b-624d-41d6-ae32-d3ba7ca02dce,4003245-01060 No.6,Pump1,3PP-DE,3-PP-Ax,OV Vel,VibrationVelocity,mm/s,6,40,2.356562,3.0635,3.5348,True,Stable baseline,1.07,0.23017,2.3,4.5,7.1
4418a4f0-5185-4ca9-8a85-a8ed7d6d8870,100-12-34-177-01,ElectricMotor1,1MT-NDE,1-MT-RV,Pk-Pk Accel,Acceleration,g,6,46,1.644199,2.1375,2.4663,True,Stable baseline,1.54,0.08465,3.0,6.0,9.0
6b60b0aa-ef09-4630-b0c3-9a82f9488b6f,100-12-34-137-01,GearBox1,3GB-InDE,3-GB-RV,HF RMS Accel,BandEnergyFromSpectrum,g,6,33,0.056343,,,False,"Unstable (increasing trend, slope=6.9%/month, p=0.000) — ISO alarms remain active",6.95,5e-05,1.5,3.0,6.0
6b5b6534-5ed7-4bf6-959a-47e0f9d1edb4,100-12-34-772-01,ElectricMotor1,1MT-NDE,1-MT-RH,LF RMS Accel,BandEnergyFromSpectrum,g,6,42,0.119534,0.1554,0.1793,True,Stable baseline,-1.51,0.17842,0.2,0.4,0.8
44b72af3-d034-498f-8d9f-e5fe074eebbd,2204674-85200,ElectricMotor1,2MT-DE,2-MT-Ax,LF RMS Accel,BandEnergyFromSpectrum,g,6,46,0.009803,0.0127,0.0147,True,Stable baseline,-0.85,0.34452,0.2,0.4,0.8
d02dc63f-663b-465c-8e99-133e530a34f3,2204674-18700,Pump1,3PP-DE,3-PP-Ax,HF RMS Accel,BandEnergyFromSpectrum,g,1,11,,,,,Insufficient data: 1 months (need 3),,,1.5,3.0,6.0
164cfd2d-d063-4589-97cc-a51a08ac9d58,4003881-06100,ElectricMotor1,1MT-NDE,1-MT-Ax,LF RMS Accel,BandEnergyFromSpectrum,g,6,53,0.04065,0.0528,0.061,True,Stable baseline,2.28,0.03836,0.2,0.4,0.8
920f4ad8-e17b-4e95-bb07-fe8ccfbdeb6a,2204674-12200,Pump1,3PP-DE,3-PP-RV,OV Accel,Acceleration,g,1,11,,,,,Insufficient data: 1 months (need 3),,,2.0,3.0,6.0
63f8e6fe-5f68-4171-9ca8-5bb946a1571d,2204674-91200,ElectricMotor1,2MT-DE,2-MT-Ax,HF RMS Accel,BandEnergyFromSpectrum,g,6,35,0.011399,0.0148,0.0171,True,Stable baseline,0.22,0.85253,1.5,3.0,6.0
8c097769-c06f-45ff-b124-b425f9a07faf,2204674-25200,ElectricMotor1,2MT-DE,2-MT-RV,Pk-Pk Accel,Acceleration,g,6,53,1.055482,1.3721,1.5832,True,Stable baseline,-0.2,0.82553,3.0,6.0,9.0
95d59ee7-03e4-4a9e-b4c3-1eb0f2b52d18,100-12-34-452-01,ElectricMotor1,1MT-NDE,1-MT-Ax,OV Accel,Acceleration,g,6,55,0.250753,,,False,"Unstable (increasing trend, slope=7.0%/month, p=0.000) — ISO alarms remain active",7.03,1e-05,2.0,3.0,6.0
ddec0803-5671-4d5f-bcd2-6ad1ec7ba006,2204674-18200,ElectricMotor1,2MT-DE,2-MT-RV,HF RMS Accel,BandEnergyFromSpectrum,g,6,45,0.072047,0.0937,0.1081,True,Stable baseline,-0.25,0.82109,1.5,3.0,6.0
6b60b0aa-ef09-4630-b0c3-9a82f9488b6f,100-12-34-137-01,Shaft1,7SH-DE,7-SH-RV,MF RMS Accel,BandEnergyFromSpectrum,g,6,43,0.157915,,,False,"Unstable (increasing trend, slope=6.7%/month, p=0.002) — ISO alarms remain active",6.67,0.00183,0.5,1.0,2.0
d02dc63f-663b-465c-8e99-133e530a34f3,2204674-18700,ElectricMotor1,1MT-NDE,1-MT-RV,MF Velocity (~3-8X),BandEnergyFromSpectrum,mm/s,6,47,1.225811,1.5936,1.8387,True,Stable baseline,-0.85,0.46783,1.0,3.0,5.0
ddec0803-5671-4d5f-bcd2-6ad1ec7ba006,2204674-18200,ElectricMotor1,2MT-DE,2-MT-Ax,HF RMS Accel,BandEnergyFromSpectrum,g,6,57,0.022531,0.0293,0.0338,True,Stable baseline,-0.38,0.62478,1.5,3.0,6.0
6ede0422-81cb-4ec5-a1c5-1d25b11af911,100-12-34-112-01,Pump1,3PP-DE,3-PP-RV,OV Vel,VibrationVelocity,mm/s,6,42,0.312394,0.4061,0.4686,True,Stable baseline,-0.23,0.84651,2.3,4.5,7.1
03730490-e586-4775-9f7d-24435dd06cae,2204674-82200,Pump1,3PP-DE,3-PP-RV,MF RMS Accel,BandEnergyFromSpectrum,g,6,58,0.35782,0.4652,0.5367,True,Stable baseline,1.24,0.24304,0.5,1.0,2.0
baa957f8-47b1-4422-b93b-9c0e9c3cf8a3,100-12-34-042-01,ElectricMotor1,1MT-NDE,1-MT-RH,OV Accel,Acceleration,g,6,48,0.155071,0.2016,0.2326,True,Stable baseline,-0.14,0.86645,2.0,3.0,6.0
f0256864-92af-49d6-b5bb-fa91f04642f9,4003245-01070,Pump1,3PP-DE,3-PP-RH,OV Vel,VibrationVelocity,mm/s,6,42,16.850275,21.9054,25.2754,True,Stable baseline,-0.09,0.91239,2.3,4.5,7.1
ddec0803-5671-4d5f-bcd2-6ad1ec7ba006,2204674-18200,ElectricMotor1,1MT-NDE,1-MT-Ax,LF RMS Accel,BandEnergyFromSpectrum,g,6,42,0.069032,0.0897,0.1035,True,Stable baseline,-0.35,0.6833,0.2,0.4,0.8
4322796b-6387-4da8-b21c-a60391237dcb,4002861-50500,Pump1,4PP-NDE,4-PP-RH,HF RMS Accel,BandEnergyFromSpectrum,g,6,51,0.386124,,,False,"Unstable (increasing trend, slope=6.7%/month, p=0.002) — ISO alarms remain active",6.66,0.00209,1.5,3.0,6.0
4418a4f0-5185-4ca9-8a85-a8ed7d6d8870,100-12-34-177-01,GearBox1,3GB-InDE,3-GB-RH,MF Velocity (~3-8X),BandEnergyFromSpectrum,mm/s,6,51,0.192838,0.2507,0.2893,True,Stable baseline,-0.15,0.90204,1.0,3.0,5.0
4a5f1f07-5d69-47ff-ad0c-51f038ca26f5,2204674-80200,ElectricMotor1,1MT-NDE,1-MT-Ax,Pk-Pk Accel,Acceleration,g,2,18,,,,,Insufficient data: 2 months (need 3),,,3.0,6.0,9.0
7393cc61-8384-431b-b0d3-4a30cd4713c8,V503B Carbon Blender,GearBox2,10GB 1-OutDE,10-GB 1-RH,1X Vel,PeakValueFromSpectrum,mm/s,6,47,0.038176,0.0496,0.0573,True,Stable baseline,1.85,0.12863,2.0,4.0,6.4
ec7655a5-ca43-454f-8ba4-47bc4b71d723,K906 ZONE 4 FAN A,Fan1,3FN-DE,3-FN-Ax,MF Velocity (~3-8X),BandEnergyFromSpectrum,mm/s,6,33,1.736289,2.2572,2.6044,True,Stable baseline,-1.21,0.15525,1.0,3.0,5.0
5d071c42-70ae-41ae-ab75-66543fc85f14,100-12-34-157-01,ElectricMotor1,2MT-DE,2-MT-RH,Pk-Pk Accel,Acceleration,g,6,44,0.869632,1.1305,1.3044,True,Stable baseline,-1.78,0.16715,3.0,6.0,9.0
920f4ad8-e17b-4e95-bb07-fe8ccfbdeb6a,2204674-12200,ElectricMotor1,2MT-DE,2-MT-Ax,MF RMS Accel,BandEnergyFromSpectrum,g,6,50,0.162377,0.2111,0.2436,True,Stable baseline,0.78,0.41379,0.5,1.0,2.0
6b60b0aa-ef09-4630-b0c3-9a82f9488b6f,100-12-34-137-01,ElectricMotor1,1MT-NDE,1-MT-Ax,MF Velocity (~3-8X),BandEnergyFromSpectrum,mm/s,6,41,0.427599,0.5559,0.6414,True,Stable baseline,0.79,0.486,1.0,3.0,5.0
8c097769-c06f-45ff-b124-b425f9a07faf,2204674-25200,ElectricMotor1,2MT-DE,2-MT-Ax,Pk-Pk Accel,Acceleration,g,6,36,0.875746,1.1385,1.3136,True,Stable baseline,-0.7,0.424,3.0,6.0,9.0
d02dc63f-663b-465c-8e99-133e530a34f3,2204674-18700,Pump1,4PP-NDE,4-PP-Ax,LF RMS Accel,BandEnergyFromSpectrum,g,6,49,0.039631,,,False,"Unstable (increasing trend, slope=6.7%/month, p=0.002) — ISO alarms remain active",6.66,0.00165,0.2,0.4,0.8
4e95bfc9-5c27-4ef2-8f21-e1680ea3525a,100-12-34-052-01,ElectricMotor1,1MT-NDE,1-MT-RH,LF RMS Accel,BandEnergyFromSpectrum,g,6,45,0.113848,0.148,0.1708,True,Stable baseline,-0.8,0.55571,0.2,0.4,0.8
baa957f8-47b1-4422-b93b-9c0e9c3cf8a3,100-12-34-042-01,ElectricMotor1,2MT-DE,2-MT-Ax,LF RMS Accel,BandEnergyFromSpectrum,g,6,41,0.039378,,,False,"Unstable (increasing trend, slope=5.8%/month, p=0.000) — ISO alarms remain active",5.84,9e-05,0.2,0.4,0.8
920f4ad8-e17b-4e95-bb07-fe8ccfbdeb6a,2204674-12200,Pump1,4PP-NDE,4-PP-RH,MF RMS Accel,BandEnergyFromSpectrum,g,1,9,,,,,Insufficient data: 1 months (need 3),,,0.5,1.0,2.0
4418a4f0-5185-4ca9-8a85-a8ed7d6d8870,100-12-34-177-01,Shaft1,8SH-NDE,8-SH-RV,LF RMS Accel,BandEnergyFromSpectrum,g,6,48,0.02287,0.0297,0.0343,True,Stable baseline,-2.44,0.06275,0.2,0.4,0.8
6ede0422-81cb-4ec5-a1c5-1d25b11af911,100-12-34-112-01,ElectricMotor1,1MT-NDE,1-MT-RV,MF RMS Accel,BandEnergyFromSpectrum,g,6,47,0.109481,0.1423,0.1642,True,Stable baseline,-2.22,0.08591,0.5,1.0,2.0
6ede0422-81cb-4ec5-a1c5-1d25b11af911,100-12-34-112-01,Pump1,4PP-NDE,4-PP-Ax,LF RMS Accel,BandEnergyFromSpectrum,g,6,51,0.014723,,,False,"Unstable (increasing trend, slope=7.2%/month, p=0.001) — ISO alarms remain active",7.22,0.00087,0.2,0.4,0.8
6b5b6534-5ed7-4bf6-959a-47e0f9d1edb4,100-12-34-772-01,Pump1,4PP-NDE,4-PP-RH,LF RMS Accel,BandEnergyFromSpectrum,g,6,44,0.12457,0.1619,0.1869,True,Stable baseline,-0.04,0.97657,0.2,0.4,0.8
8f669413-f706-47d4-92c1-000af5b89657,2204673-65200,Pump1,4PP-NDE,4-PP-Ax,HF RMS Accel,BandEnergyFromSpectrum,g,6,43,0.027703,,,False,"Unstable (increasing trend, slope=6.0%/month, p=0.001) — ISO alarms remain active",5.98,0.00104,1.5,3.0,6.0
4418a4f0-5185-4ca9-8a85-a8ed7d6d8870,100-12-34-177-01,ElectricMotor1,2MT-DE,2-MT-Ax,LF RMS Accel,BandEnergyFromSpectrum,g,6,46,0.019466,0.0253,0.0292,True,Stable baseline,-0.74,0.61196,0.2,0.4,0.8
6b94553b-624d-41d6-ae32-d3ba7ca02dce,4003245-01060 No.6,ElectricMotor1,1MT-NDE,1-MT-RV,OV Vel,VibrationVelocity,mm/s,1,3,,,,,Insufficient data: 1 months (need 3),,,2.3,4.5,7.1
971c1886-fae1-4e46-bdc2-fedaf770dc42,2204673-20200,Pump1,3PP-DE,3-PP-Ax,MF RMS Accel,BandEnergyFromSpectrum,g,6,51,0.253388,0.3294,0.3801,True,Stable baseline,-0.21,0.88721,0.5,1.0,2.0
cb82f5f4-a90f-417b-9120-982c9cc359e8,100-12-34-182-01,Pump1,3PP-DE,3-PP-RV,Pk-Pk Accel,Acceleration,g,6,50,8.559831,11.1278,12.8397,True,Stable baseline,0.12,0.93714,3.0,6.0,9.0
f0256864-92af-49d6-b5bb-fa91f04642f9,4003245-01070,ElectricMotor1,2MT-DE,2-MT-RV,LF RMS Accel,BandEnergyFromSpectrum,g,6,50,0.199823,0.2598,0.2997,True,Stable baseline,0.31,0.77861,0.2,0.4,0.8
10694b53-68ec-4cc5-ba70-011ea9cfc8cb,100-12-34-442-01,Pump1,4PP-NDE,4-PP-RH,HF RMS Accel,BandEnergyFromSpectrum,g,1,3,,,,,Insufficient data: 1 months (need 3),,,1.5,3.0,6.0
4e95bfc9-5c27-4ef2-8f21-e1680ea3525a,100-12-34-052-01,Pump1,3PP-DE,3-PP-RH,Pk-Pk Accel,Acceleration,g,6,45,1.877748,,,False,"Unstable (increasing trend, slope=6.1%/month, p=0.000) — ISO alarms remain active",6.07,0.00029,3.0,6.0,9.0
d02dc63f-663b-465c-8e99-133e530a34f3,2204674-18700,ElectricMotor1,1MT-NDE,1-MT-RV,OV Vel,VibrationVelocity,mm/s,6,45,1.674952,,,False,"Unstable (increasing trend, slope=6.7%/month, p=0.001) — ISO alarms remain active",6.73,0.00104,2.3,4.5,7.1
08fe0314-df51-43f1-a75b-d168bd10ea43,Port Winch,DrivenGeneric2,6NDE-PMP,6-NDE-PMP-RV,2X Vel,PeakValueFromSpectrum,mm/s,6,47,1.904126,2.4754,2.8562,True,Stable baseline,1.36,0.45591,0.9,1.8,2.8
1d898064-4876-4e5b-885f-a3ac174fa02b,100-12-34-162-01,Pump1,3PP-DE,3-PP-RH,HF RMS Accel,BandEnergyFromSpectrum,g,6,45,0.269727,,,False,"Unstable (increasing trend, slope=6.9%/month, p=0.002) — ISO alarms remain active",6.93,0.00244,1.5,3.0,6.0
44b72af3-d034-498f-8d9f-e5fe074eebbd,2204674-85200,Pump1,3PP-DE,3-PP-Ax,OV Accel,Acceleration,g,6,46,0.079904,0.1039,0.1199,True,Stable baseline,-1.25,0.03629,2.0,3.0,6.0
6b60b0aa-ef09-4630-b0c3-9a82f9488b6f,100-12-34-137-01,Shaft1,8SH-NDE,8-SH-RH,OV Vel,VibrationVelocity,mm/s,6,41,1.497434,1.9467,2.2462,True,Stable baseline,0.06,0.97468,2.3,4.5,7.1
9cd3dcc6-d8f4-42a8-bfd4-4957a1c3d83b,2204674-84200,Pump1,4PP-NDE,4-PP-RV,OV Accel,Acceleration,g,6,44,0.160679,0.2089,0.241,True,Stable baseline,-0.78,0.57753,2.0,3.0,6.0
44b72af3-d034-498f-8d9f-e5fe074eebbd,2204674-85200,ElectricMotor1,2MT-DE,2-MT-RH,MF Velocity (~3-8X),BandEnergyFromSpectrum,mm/s,6,53,0.081339,0.1057,0.122,True,Stable baseline,-0.45,0.77755,1.0,3.0,5.0
10694b53-68ec-4cc5-ba70-011ea9cfc8cb,100-12-34-442-01,Pump1,4PP-NDE,4-PP-RV,Pk-Pk Accel,Acceleration,g,6,46,3.752959,,,False,"Unstable (increasing trend, slope=7.4%/month, p=0.000) — ISO alarms remain active",7.4,0.00023,3.0,6.0,9.0
61567fca-5d02-4da4-933d-d5959c33b06d,100-12-34-510-21,ElectricMotor1,2MT-DE,2-MT-R=,MF RMS Accel,BandEnergyFromSpectrum,g,6,48,0.348494,0.453,0.5227,True,Stable baseline,-0.36,0.77494,0.5,1.0,2.0
5d071c42-70ae-41ae-ab75-66543fc85f14,100-12-34-157-01,ElectricMotor1,1MT-NDE,1-MT-RH,MF RMS Accel,BandEnergyFromSpectrum,g,2,16,,,,,Insufficient data: 2 months (need 3),,,0.5,1.0,2.0
4e95bfc9-5c27-4ef2-8f21-e1680ea3525a,100-12-34-052-01,ElectricMotor1,1MT-NDE,1-MT-RV,LF RMS Accel,BandEnergyFromSpectrum,g,6,58,0.045295,0.0589,0.0679,True,Stable baseline,0.23,0.87664,0.2,0.4,0.8
df615b42-35ae-4d9e-8440-ec02f423d24f,2204674-86700,ElectricMotor1,2MT-DE,2-MT-RV,LF RMS Accel,BandEnergyFromSpectrum,g,6,49,0.567653,0.7379,0.8515,True,Stable baseline,-0.51,0.65871,0.2,0.4,0.8
4418a4f0-5185-4ca9-8a85-a8ed7d6d8870,100-12-34-177-01,Shaft1,8SH-NDE,8-SH-RH,MF Velocity (~3-8X),BandEnergyFromSpectrum,mm/s,6,53,0.516016,,,False,"Unstable (increasing trend, slope=6.3%/month, p=0.002) — ISO alarms remain active",6.32,0.00219,0.5,1.0,3.0
cb82f5f4-a90f-417b-9120-982c9cc359e8,100-12-34-182-01,ElectricMotor1,2MT-DE,2-MT-RV,MF RMS Accel,BandEnergyFromSpectrum,g,6,37,0.125506,0.1632,0.1883,True,Stable baseline,-0.54,0.60173,0.5,1.0,2.0
ddec0803-5671-4d5f-bcd2-6ad1ec7ba006,2204674-18200,ElectricMotor1,2MT-DE,2-MT-Ax,MF RMS Accel,BandEnergyFromSpectrum,g,6,45,0.115256,,,False,"Unstable (increasing trend, slope=6.9%/month, p=0.001) — ISO alarms remain active",6.94,0.00115,0.5,1.0,2.0
6ede0422-81cb-4ec5-a1c5-1d25b11af911,100-12-34-112-01,ElectricMotor1,2MT-DE,2-MT-Ax,MF RMS Accel,BandEnergyFromSpectrum,g,6,34,0.093643,,,False,"Unstable (increasing trend, slope=7.5%/month, p=0.001) — ISO alarms remain active",7.48,0.00085,0.5,1.0,2.0
6b60b0aa-ef09-4630-b0c3-9a82f9488b6f,100-12-34-137-01,Shaft1,7SH-DE,7-SH-RH,MF RMS Accel,BandEnergyFromSpectrum,g,6,31,0.116815,0.1519,0.1752,True,Stable baseline,-0.7,0.6074,0.5,1.0,2.0
95d59ee7-03e4-4a9e-b4c3-1eb0f2b52d18,100-12-34-452-01,ElectricMotor1,2MT-DE,2-MT-Ax,MF RMS Accel,BandEnergyFromSpectrum,g,6,46,0.243095,0.316,0.3646,True,Stable baseline,0.18,0.90179,0.5,1.0,2.0
4418a4f0-5185-4ca9-8a85-a8ed7d6d8870,100-12-34-177-01,Shaft1,8SH-NDE,8-SH-RV,Pk-Pk Accel,Acceleration,g,6,51,2.320338,3.0164,3.4805,True,Stable baseline,-0.2,0.87903,2.0,4.0,6.0
5a52a7bb-3ac4-4087-b2ae-b50b8ac5d619,2204674-12700,ElectricMotor1,2MT-DE,2-MT-Ax,OV Vel,VibrationVelocity,mm/s,6,47,1.483026,,,False,"Unstable (increasing trend, slope=6.9%/month, p=0.001) — ISO alarms remain active",6.91,0.00105,2.3,4.5,7.1
4418a4f0-5185-4ca9-8a85-a8ed7d6d8870,100-12-34-177-01,ElectricMotor1,2MT-DE,2-MT-Ax,HF RMS Accel,BandEnergyFromSpectrum,g,6,62,0.125979,0.1638,0.189,True,Stable baseline,1.94,0.0053,1.5,3.0,6.0
1d898064-4876-4e5b-885f-a3ac174fa02b,100-12-34-162-01,ElectricMotor1,2MT-DE,2-MT-Ax,OV Vel,VibrationVelocity,mm/s,2,21,,,,,Insufficient data: 2 months (need 3),,,2.3,4.5,7.1
6b94553b-624d-41d6-ae32-d3ba7ca02dce,4003245-01060 No.6,Pump1,4PP-NDE,4-PP-RV,Pk-Pk Accel,Acceleration,g,6,42,8.425167,10.9527,12.6378,True,Stable baseline,0.08,0.90956,3.0,6.0,9.0
43aad99e-1dbc-4d74-b061-e10b847dea3e,4003245-01030,ElectricMotor1,2MT-DE,2-MT-RH,Pk-Pk Accel,Acceleration,g,6,51,6.32061,8.2168,9.4809,True,Stable baseline,0.76,0.39518,3.0,6.0,9.0
6ede0422-81cb-4ec5-a1c5-1d25b11af911,100-12-34-112-01,ElectricMotor1,2MT-DE,2-MT-RH,Pk-Pk Accel,Acceleration,g,6,46,0.631044,0.8204,0.9466,True,Stable baseline,-0.6,0.37841,3.0,6.0,9.0
95d59ee7-03e4-4a9e-b4c3-1eb0f2b52d18,100-12-34-452-01,Pump1,3PP-DE,3-PP-RH,Pk-Pk Accel,Acceleration,g,6,42,3.391977,4.4096,5.088,True,Stable baseline,-0.75,0.49408,3.0,6.0,9.0
551c74fc-55de-40ed-aafc-1e0e6781fdfd,100-12-34-510-11,ElectricMotor1,1MT-NDE,1-MT-RH,LF RMS Accel,BandEnergyFromSpectrum,g,6,47,0.195048,,,False,"Unstable (increasing trend, slope=7.6%/month, p=0.000) — ISO alarms remain active",7.56,0.00048,0.2,0.4,0.8
5a52a7bb-3ac4-4087-b2ae-b50b8ac5d619,2204674-12700,Pump1,3PP-DE,3-PP-Ax,HF RMS Accel,BandEnergyFromSpectrum,g,6,46,0.032532,0.0423,0.0488,True,Stable baseline,0.03,0.97381,1.5,3.0,6.0
9cd3dcc6-d8f4-42a8-bfd4-4957a1c3d83b,2204674-84200,ElectricMotor1,1MT-NDE,1-MT-RH,LF RMS Accel,BandEnergyFromSpectrum,g,6,48,0.023808,0.031,0.0357,True,Stable baseline,0.09,0.91876,0.2,0.4,0.8
551c74fc-55de-40ed-aafc-1e0e6781fdfd,100-12-34-510-11,ElectricMotor1,1MT-NDE,1-MT-RH,HF RMS Accel,BandEnergyFromSpectrum,g,6,44,0.129314,0.1681,0.194,True,Stable baseline,1.84,0.12214,1.5,3.0,6.0
6ede0422-81cb-4ec5-a1c5-1d25b11af911,100-12-34-112-01,ElectricMotor1,1MT-NDE,1-MT-Ax,LF RMS Accel,BandEnergyFromSpectrum,g,6,52,0.009485,,,False,"Unstable (increasing trend, slope=6.0%/month, p=0.001) — ISO alarms remain active",5.98,0.00068,0.2,0.4,0.8
4418a4f0-5185-4ca9-8a85-a8ed7d6d8870,100-12-34-177-01,ElectricMotor1,2MT-DE,2-MT-Ax,OV Vel,VibrationVelocity,mm/s,6,55,0.621162,0.8075,0.9317,True,Stable baseline,-1.57,0.17523,2.3,4.5,7.1
dfd2a084-a9f2-4a9f-bd33-34b210d47d0e,100-12-34-032-01,ElectricMotor1,1MT-NDE,1-MT-Ax,OV Vel,VibrationVelocity,mm/s,6,39,0.820251,1.0663,1.2304,True,Stable baseline,1.45,0.19617,2.3,4.5,7.1
1d898064-4876-4e5b-885f-a3ac174fa02b,100-12-34-162-01,ElectricMotor1,1MT-NDE,1-MT-RH,Pk-Pk Accel,Acceleration,g,6,46,0.846404,1.1003,1.2696,True,Stable baseline,-0.15,0.84768,3.0,6.0,9.0
baa957f8-47b1-4422-b93b-9c0e9c3cf8a3,100-12-34-042-01,ElectricMotor1,1MT-NDE,1-MT-Ax,Pk-Pk Accel,Acceleration,g,6,35,0.937413,1.2186,1.4061,True,Stable baseline,0.36,0.57252,3.0,6.0,9.0
f0256864-92af-49d6-b5bb-fa91f04642f9,4003245-01070,Pump1,4PP-NDE,4-PP-RH,LF RMS Accel,BandEnergyFromSpectrum,g,6,53,0.342764,0.4456,0.5141,True,Stable baseline,0.56,0.69057,0.2,0.4,0.8
6b5b6534-5ed7-4bf6-959a-47e0f9d1edb4,100-12-34-772-01,Pump1,4PP-NDE,4-PP-RV,Pk-Pk Accel,Acceleration,g,1,9,,,,,Insufficient data: 1 months (need 3),,,3.0,6.0,9.0
6b94553b-624d-41d6-ae32-d3ba7ca02dce,4003245-01060 No.6,Pump1,3PP-DE,3-PP-RV,Pk-Pk Accel,Acceleration,g,6,48,13.98417,18.1794,20.9763,True,Stable baseline,0.19,0.77446,3.0,6.0,9.0
6ede0422-81cb-4ec5-a1c5-1d25b11af911,100-12-34-112-01,ElectricMotor1,2MT-DE,2-MT-RH,OV Accel,Acceleration,g,6,35,0.084469,0.1098,0.1267,True,Stable baseline,1.11,0.2073,2.0,3.0,6.0
4418a4f0-5185-4ca9-8a85-a8ed7d6d8870,100-12-34-177-01,Shaft1,8SH-NDE,8-SH-RV,OV Vel,VibrationVelocity,mm/s,6,38,1.796642,2.3356,2.695,True,Stable baseline,1.82,0.06955,2.3,4.5,7.1
c6e1ea8c-b0aa-4ab3-b1ab-4a7c92913666,4003245-01050,ElectricMotor1,2MT-DE,2-MT-Ax,MF RMS Accel,BandEnergyFromSpectrum,g,6,47,0.135152,,,False,"Unstable (increasing trend, slope=6.1%/month, p=0.001) — ISO alarms remain active",6.07,0.00124,0.5,1.0,2.0
8c097769-c06f-45ff-b124-b425f9a07faf,2204674-25200,LobulusCompressor1,3LC-DE,3-LC-RV,OV Vel,VibrationVelocity,mm/s,6,43,1.568954,2.0396,2.3534,True,Stable baseline,0.34,0.82235,2.3,4.5,7.1
920f4ad8-e17b-4e95-bb07-fe8ccfbdeb6a,2204674-12200,Pump1,4PP-NDE,4-PP-RV,MF RMS Accel,BandEnergyFromSpectrum,g,6,42,0.572757,,,False,"Unstable (increasing trend, slope=7.3%/month, p=0.001) — ISO alarms remain active",7.33,0.00085,0.5,1.0,2.0
cb82f5f4-a90f-417b-9120-982c9cc359e8,100-12-34-182-01,Pump1,3PP-DE,3-PP-RH,MF RMS Accel,BandEnergyFromSpectrum,g,6,41,0.721605,,,False,"Unstable (increasing trend, slope=6.7%/month, p=0.001) — ISO alarms remain active",6.72,0.00106,0.5,1.0,2.0
551c74fc-55de-40ed-aafc-1e0e6781fdfd,100-12-34-510-11,GearBox1,4GB-InNDE,4-GB-RV,MF RMS Accel,BandEnergyFromSpectrum,g,6,39,0.539555,,,False,"Unstable (increasing trend, slope=6.8%/month, p=0.001) — ISO alarms remain active",6.8,0.00085,0.5,1.0,2.0
5a52a7bb-3ac4-4087-b2ae-b50b8ac5d619,2204674-12700,Pump1,4PP-NDE,4-PP-RH,MF Velocity (~3-8X),BandEnergyFromSpectrum,mm/s,6,39,0.227385,,,False,"Unstable (increasing trend, slope=6.7%/month, p=0.001) — ISO alarms remain active",6.68,0.00054,1.0,3.0,5.0
d02dc63f-663b-465c-8e99-133e530a34f3,2204674-18700,ElectricMotor1,2MT-DE,2-MT-RV,Pk-Pk Accel,Acceleration,g,6,26,1.604421,2.0857,2.4066,True,Stable baseline,0.5,0.63291,3.0,6.0,9.0
551c74fc-55de-40ed-aafc-1e0e6781fdfd,100-12-34-510-11,GearBox1,4GB-InNDE,4-GB-Ax,LF RMS Accel,BandEnergyFromSpectrum,g,6,48,0.076228,0.0991,0.1143,True,Stable baseline,-2.36,0.00267,0.2,0.4,0.8
6b94553b-624d-41d6-ae32-d3ba7ca02dce,4003245-01060 No.6,Pump1,4PP-NDE,4-PP-Ax,MF Velocity (~3-8X),BandEnergyFromSpectrum,mm/s,6,43,2.372399,,,False,"Unstable (increasing trend, slope=6.4%/month, p=0.001) — ISO alarms remain active",6.36,0.00083,1.0,3.0,5.0
4a5f1f07-5d69-47ff-ad0c-51f038ca26f5,2204674-80200,Pump1,4PP-NDE,4-PP-RV,OV Vel,VibrationVelocity,mm/s,6,46,2.505339,,,False,"Unstable (increasing trend, slope=7.0%/month, p=0.000) — ISO alarms remain active",7.0,0.00019,2.3,4.5,7.1
5d071c42-70ae-41ae-ab75-66543fc85f14,100-12-34-157-01,ElectricMotor1,2MT-DE,2-MT-RV,MF Velocity (~3-8X),BandEnergyFromSpectrum,mm/s,6,50,0.232468,0.3022,0.3487,True,Stable baseline,0.23,0.87145,1.0,3.0,5.0
f0256864-92af-49d6-b5bb-fa91f04642f9,4003245-01070,ElectricMotor1,1MT-NDE,1-MT-RV,Pk-Pk Accel,Acceleration,g,6,45,1.848109,2.4025,2.7722,True,Stable baseline,-0.46,0.71976,3.0,6.0,9.0
43aad99e-1dbc-4d74-b061-e10b847dea3e,4003245-01030,Pump1,3PP-DE,3-PP-RH,OV Vel,VibrationVelocity,mm/s,6,49,1.175012,1.5275,1.7625,True,Stable baseline,1.94,0.13541,2.3,4.5,7.1
4322796b-6387-4da8-b21c-a60391237dcb,4002861-50500,ElectricMotor1,1MT-NDE,1-MT-RV,MF Velocity (~3-8X),BandEnergyFromSpectrum,mm/s,6,41,0.458726,,,False,"Unstable (increasing trend, slope=7.8%/month, p=0.000) — ISO alarms remain active",7.76,1e-05,1.0,3.0,5.0
9cd3dcc6-d8f4-42a8-bfd4-4957a1c3d83b,2204674-84200,Pump1,4PP-NDE,4-PP-RH,OV Accel,Acceleration,g,6,35,0.330234,0.4293,0.4954,True,Stable baseline,0.11,0.87122,2.0,3.0,6.0
10694b53-68ec-4cc5-ba70-011ea9cfc8cb,100-12-34-442-01,Pump1,4PP-NDE,4-PP-RH,LF RMS Accel,BandEnergyFromSpectrum,g,6,44,0.075432,0.0981,0.1131,True,Stable baseline,1.59,0.32607,0.2,0.4,0.8
61567fca-5d02-4da4-933d-d5959c33b06d,100-12-34-510-21,ElectricMotor1,1MT-NDE,1-MT-R=,2X Vel,PeakValueFromSpectrum,mm/s,6,42,0.296786,0.3858,0.4452,True,Stable baseline,0.34,0.60484,0.9,1.8,2.8
4418a4f0-5185-4ca9-8a85-a8ed7d6d8870,100-12-34-177-01,ElectricMotor1,1MT-NDE,1-MT-RH,Pk-Pk Accel,Acceleration,g,6,47,1.302281,1.693,1.9534,True,Stable baseline,-0.64,0.63142,3.0,6.0,9.0
4a5f1f07-5d69-47ff-ad0c-51f038ca26f5,2204674-80200,ElectricMotor1,2MT-DE,2-MT-RV,LF RMS Accel,BandEnergyFromSpectrum,g,1,10,,,,,Insufficient data: 1 months (need 3),,,0.2,0.4,0.8
6b5b6534-5ed7-4bf6-959a-47e0f9d1edb4,100-12-34-772-01,ElectricMotor1,2MT-DE,2-MT-RH,MF Velocity (~3-8X),BandEnergyFromSpectrum,mm/s,6,40,0.044534,0.0579,0.0668,True,Stable baseline,0.65,0.58616,1.0,3.0,5.0
8f669413-f706-47d4-92c1-000af5b89657,2204673-65200,Pump1,4PP-NDE,4-PP-RV,LF RMS Accel,BandEnergyFromSpectrum,g,6,54,0.022079,0.0287,0.0331,True,Stable baseline,-1.14,0.09122,0.2,0.4,0.8
920f4ad8-e17b-4e95-bb07-fe8ccfbdeb6a,2204674-12200,Pump1,4PP-NDE,4-PP-RH,LF RMS Accel,BandEnergyFromSpectrum,g,6,47,0.028193,0.0367,0.0423,True,Stable baseline,-1.54,0.20388,0.2,0.4,0.8
6b5b6534-5ed7-4bf6-959a-47e0f9d1edb4,100-12-34-772-01,Pump1,3PP-DE,3-PP-Ax,MF RMS Accel,BandEnergyFromSpectrum,g,1,12,,,,,Insufficient data: 1 months (need 3),,,0.5,1.0,2.0
d02dc63f-663b-465c-8e99-133e530a34f3,2204674-18700,Pump1,4PP-NDE,4-PP-Ax,MF Velocity (~3-8X),BandEnergyFromSpectrum,mm/s,6,50,0.278434,0.362,0.4177,True,Stable baseline,1.41,0.23122,1.0,3.0,5.0
d02dc63f-663b-465c-8e99-133e530a34f3,2204674-18700,ElectricMotor1,1MT-NDE,1-MT-RH,MF Velocity (~3-8X),BandEnergyFromSpectrum,mm/s,6,34,0.393183,0.5111,0.5898,True,Stable baseline,0.72,0.59483,1.0,3.0,5.0
551c74fc-55de-40ed-aafc-1e0e6781fdfd,100-12-34-510-11,ElectricMotor1,1MT-NDE,1-MT-Ax,LF RMS Accel,BandEnergyFromSpectrum,g,2,17,,,,,Insufficient data: 2 months (need 3),,,0.2,0.4,0.8
6b5b6534-5ed7-4bf6-959a-47e0f9d1edb4,100-12-34-772-01,ElectricMotor1,1MT-NDE,1-MT-Ax,MF Velocity (~3-8X),BandEnergyFromSpectrum,mm/s,6,40,0.170907,0.2222,0.2564,True,Stable baseline,2.04,0.12639,1.0,3.0,5.0
4322796b-6387-4da8-b21c-a60391237dcb,4002861-50500,ElectricMotor1,2MT-DE,2-MT-RV,OV Vel,VibrationVelocity,mm/s,6,52,0.937696,,,False,"Unstable (increasing trend, slope=5.5%/month, p=0.001) — ISO alarms remain active",5.53,0.001,2.3,4.5,7.1
1183b785-83bc-4239-9fd1-4c4e5ad0d5f0,2204673-64200,ElectricMotor1,2MT-DE,2-MT-RH,Pk-Pk Accel,Acceleration,g,6,41,2.671224,3.4726,4.0068,True,Stable baseline,-1.52,0.2776,3.0,6.0,9.0
44b72af3-d034-498f-8d9f-e5fe074eebbd,2204674-85200,ElectricMotor1,1MT-NDE,1-MT-RH,Pk-Pk Accel,Acceleration,g,6,43,3.510933,4.5642,5.2664,True,Stable baseline,-0.66,0.499,3.0,6.0,9.0
8c097769-c06f-45ff-b124-b425f9a07faf,2204674-25200,LobulusCompressor1,5LC-DE,5-LC-RH,Pk-Pk Accel,Acceleration,g,6,46,9.420835,12.2471,14.1313,True,Stable baseline,-1.32,0.27776,3.0,6.0,9.0
c6e1ea8c-b0aa-4ab3-b1ab-4a7c92913666,4003245-01050,ElectricMotor1,2MT-DE,2-MT-Ax,LF RMS Accel,BandEnergyFromSpectrum,g,6,33,0.126465,0.1644,0.1897,True,Stable baseline,1.46,0.10532,0.2,0.4,0.8
f0256864-92af-49d6-b5bb-fa91f04642f9,4003245-01070,ElectricMotor1,1MT-NDE,1-MT-Ax,OV Accel,Acceleration,g,6,40,0.281385,0.3658,0.4221,True,Stable baseline,1.15,0.44154,2.0,3.0,6.0
baa957f8-47b1-4422-b93b-9c0e9c3cf8a3,100-12-34-042-01,Pump1,4PP-NDE,4-PP-Ax,Pk-Pk Accel,Acceleration,g,6,53,0.345319,0.4489,0.518,True,Stable baseline,0.45,0.62512,3.0,6.0,9.0
df615b42-35ae-4d9e-8440-ec02f423d24f,2204674-86700,Pump1,3PP-DE,3-PP-RH,Pk-Pk Accel,Acceleration,g,6,32,6.245668,8.1194,9.3685,True,Stable baseline,-1.3,0.37566,3.0,6.0,9.0
6b60b0aa-ef09-4630-b0c3-9a82f9488b6f,100-12-34-137-01,ElectricMotor1,1MT-NDE,1-MT-RH,HF RMS Accel,BandEnergyFromSpectrum,g,6,49,0.44966,0.5846,0.6745,True,Stable baseline,-2.41,0.04961,1.5,3.0,6.0
6b5b6534-5ed7-4bf6-959a-47e0f9d1edb4,100-12-34-772-01,ElectricMotor1,1MT-NDE,1-MT-RH,MF Velocity (~3-8X),BandEnergyFromSpectrum,mm/s,6,45,0.087609,0.1139,0.1314,True,Stable baseline,0.54,0.6992,1.0,3.0,5.0
6b5b6534-5ed7-4bf6-959a-47e0f9d1edb4,100-12-34-772-01,ElectricMotor1,1MT-NDE,1-MT-Ax,LF RMS Accel,BandEnergyFromSpectrum,g,1,7,,,,,Insufficient data: 1 months (need 3),,,0.2,0.4,0.8
1d898064-4876-4e5b-885f-a3ac174fa02b,100-12-34-162-01,ElectricMotor1,1MT-NDE,1-MT-RV,OV Vel,VibrationVelocity,mm/s,6,56,1.078424,,,False,"Unstable (increasing trend, slope=6.8%/month, p=0.001) — ISO alarms remain active",6.77,0.00142,2.3,4.5,7.1
8c097769-c06f-45ff-b124-b425f9a07faf,2204674-25200,ElectricMotor1,1MT-NDE,1-MT-RH,Pk-Pk Accel,Acceleration,g,6,45,1.464768,,,False,"Unstable (increasing trend, slope=6.4%/month, p=0.002) — ISO alarms remain active",6.37,0.00187,3.0,6.0,9.0
920f4ad8-e17b-4e95-bb07-fe8ccfbdeb6a,2204674-12200,ElectricMotor1,2MT-DE,2-MT-RV,Pk-Pk Accel,Acceleration,g,6,40,1.294268,1.6825,1.9414,True,Stable baseline,1.67,0.22351,3.0,6.0,9.0
ed08d57e-d030-4584-ba5c-b8e95227ae28,100-12-34-599-01,ElectricMotor1,1MT-NDE,1-MT-RV,MF RMS Accel,BandEnergyFromSpectrum,g,6,59,0.11951,,,False,"Unstable (increasing trend, slope=6.2%/month, p=0.002) — ISO alarms remain active",6.21,0.00224,0.5,1.0,2.0
8c097769-c06f-45ff-b124-b425f9a07faf,2204674-25200,LobulusCompressor1,6LC-NDE,6-LC-Ax,MF RMS Accel,BandEnergyFromSpectrum,g,6,49,0.060185,0.0782,0.0903,True,Stable baseline,-2.17,0.0918,0.5,1.0,2.0
8f669413-f706-47d4-92c1-000af5b89657,2204673-65200,ElectricMotor1,1MT-NDE,1-MT-Ax,OV Accel,Acceleration,g,6,42,0.098014,0.1274,0.147,True,Stable baseline,-1.38,0.10793,2.0,3.0,6.0
551c74fc-55de-40ed-aafc-1e0e6781fdfd,100-12-34-510-11,ElectricMotor1,1MT-NDE,1-MT-RV,OV Vel,VibrationVelocity,mm/s,6,48,2.294366,,,False,"Unstable (increasing trend, slope=6.3%/month, p=0.000) — ISO alarms remain active",6.29,0.00032,2.3,4.5,7.1
4e95bfc9-5c27-4ef2-8f21-e1680ea3525a,100-12-34-052-01,Pump1,3PP-DE,3-PP-RV,LF RMS Accel,BandEnergyFromSpectrum,g,6,37,0.059959,0.0779,0.0899,True,Stable baseline,0.86,0.40038,0.2,0.4,0.8
9cd3dcc6-d8f4-42a8-bfd4-4957a1c3d83b,2204674-84200,ElectricMotor1,2MT-DE,2-MT-RV,HF RMS Accel,BandEnergyFromSpectrum,g,6,45,0.050559,0.0657,0.0758,True,Stable baseline,-1.12,0.15672,1.5,3.0,6.0
95d59ee7-03e4-4a9e-b4c3-1eb0f2b52d18,100-12-34-452-01,Pump1,4PP-NDE,4-PP-Ax,HF RMS Accel,BandEnergyFromSpectrum,g,6,39,0.021906,0.0285,0.0329,True,Stable baseline,-0.24,0.82275,1.5,3.0,6.0
44b72af3-d034-498f-8d9f-e5fe074eebbd,2204674-85200,ElectricMotor1,1MT-NDE,1-MT-RV,MF RMS Accel,BandEnergyFromSpectrum,g,6,50,0.179439,0.2333,0.2692,True,Stable baseline,-0.15,0.90444,0.5,1.0,2.0
cb82f5f4-a90f-417b-9120-982c9cc359e8,100-12-34-182-01,Pump1,3PP-DE,3-PP-Ax,MF RMS Accel,BandEnergyFromSpectrum,g,6,42,0.544708,0.7081,0.8171,True,Stable baseline,0.59,0.56382,0.5,1.0,2.0
920f4ad8-e17b-4e95-bb07-fe8ccfbdeb6a,2204674-12200,ElectricMotor1,1MT-NDE,1-MT-RV,LF RMS Accel,BandEnergyFromSpectrum,g,6,39,0.035925,,,False,"Unstable (increasing trend, slope=5.5%/month, p=0.001) — ISO alarms remain active",5.49,0.00096,0.2,0.4,0.8
c5661652-b006-41ac-9678-a9f8cee30d2e,2204674-91700,ElectricMotor1,2MT-DE,2-MT-RV,MF RMS Accel,BandEnergyFromSpectrum,g,2,14,,,,,Insufficient data: 2 months (need 3),,,0.5,1.0,2.0
44b72af3-d034-498f-8d9f-e5fe074eebbd,2204674-85200,ElectricMotor1,2MT-DE,2-MT-RH,Pk-Pk Accel,Acceleration,g,6,45,3.750932,4.8762,5.6264,True,Stable baseline,-0.76,0.57835,3.0,6.0,9.0
6b60b0aa-ef09-4630-b0c3-9a82f9488b6f,100-12-34-137-01,GearBox1,3GB-InDE,3-GB-Ax,MF RMS Accel,BandEnergyFromSpectrum,g,6,48,0.175912,,,False,"Unstable (increasing trend, slope=7.6%/month, p=0.000) — ISO alarms remain active",7.58,0.00043,0.5,1.0,2.0
971c1886-fae1-4e46-bdc2-fedaf770dc42,2204673-20200,ElectricMotor1,1MT-NDE,1-MT-RV,LF RMS Accel,BandEnergyFromSpectrum,g,6,50,0.057822,0.0752,0.0867,True,Stable baseline,-1.11,0.26741,0.2,0.4,0.8
61567fca-5d02-4da4-933d-d5959c33b06d,100-12-34-510-21,ElectricMotor1,2MT-DE,2-MT-R=,1X Vel,PeakValueFromSpectrum,mm/s,6,39,2.58316,3.3581,3.8747,True,Stable baseline,-1.53,0.08925,2.0,4.0,6.4
6b94553b-624d-41d6-ae32-d3ba7ca02dce,4003245-01060 No.6,ElectricMotor1,2MT-DE,2-MT-Ax,HF RMS Accel,BandEnergyFromSpectrum,g,6,58,0.079846,0.1038,0.1198,True,Stable baseline,0.87,0.4283,1.5,3.0,6.0
95d59ee7-03e4-4a9e-b4c3-1eb0f2b52d18,100-12-34-452-01,ElectricMotor1,2MT-DE,2-MT-RH,OV Vel,VibrationVelocity,mm/s,6,37,1.645384,,,False,"Unstable (increasing trend, slope=6.2%/month, p=0.001) — ISO alarms remain active",6.19,0.00071,2.3,4.5,7.1
10694b53-68ec-4cc5-ba70-011ea9cfc8cb,100-12-34-442-01,ElectricMotor1,2MT-DE,2-MT-Ax,LF RMS Accel,BandEnergyFromSpectrum,g,1,12,,,,,Insufficient data: 1 months (need 3),,,0.2,0.4,0.8
f0256864-92af-49d6-b5bb-fa91f04642f9,4003245-01070,Pump1,3PP-DE,3-PP-Ax,LF RMS Accel,BandEnergyFromSpectrum,g,6,32,0.330359,0.4295,0.4955,True,Stable baseline,1.98,0.21778,0.2,0.4,0.8
f0256864-92af-49d6-b5bb-fa91f04642f9,4003245-01070,Pump1,4PP-NDE,4-PP-RV,OV Vel,VibrationVelocity,mm/s,6,44,6.966167,9.056,10.4493,True,Stable baseline,-0.1,0.94656,2.3,4.5,7.1
f0256864-92af-49d6-b5bb-fa91f04642f9,4003245-01070,Pump1,4PP-NDE,4-PP-Ax,OV Accel,Acceleration,g,6,43,0.909736,1.1827,1.3646,True,Stable baseline,-1.56,0.1498,2.0,3.0,6.0
4a5f1f07-5d69-47ff-ad0c-51f038ca26f5,2204674-80200,ElectricMotor1,2MT-DE,2-MT-RV,Pk-Pk Accel,Acceleration,g,1,6,,,,,Insufficient data: 1 months (need 3),,,3.0,6.0,9.0
6b60b0aa-ef09-4630-b0c3-9a82f9488b6f,100-12-34-137-01,ElectricMotor1,2MT-DE,2-MT-RH,MF RMS Accel,BandEnergyFromSpectrum,g,1,6,,,,,Insufficient data: 1 months (need 3),,,0.5,1.0,2.0
61567fca-5d02-4da4-933d-d5959c33b06d,100-12-34-510-21,ElectricMotor1,1MT-NDE,1-MT-Ax,3X Vel,PeakValueFromSpectrum,mm/s,6,48,0.077835,0.1012,0.1168,True,Stable baseline,0.2,0.8225,0.7,1.35,2.15
4418a4f0-5185-4ca9-8a85-a8ed7d6d8870,100-12-34-177-01,Shaft1,7SH-DE,7-SH-RV,MF RMS Accel,BandEnergyFromSpectrum,g,6,43,0.057582,0.0749,0.0864,True,Stable baseline,-0.39,0.63532,0.5,1.0,2.0
baa957f8-47b1-4422-b93b-9c0e9c3cf8a3,100-12-34-042-01,ElectricMotor1,2MT-DE,2-MT-RH,OV Accel,Acceleration,g,6,56,0.11308,0.147,0.1696,True,Stable baseline,-1.15,0.31579,2.0,3.0,6.0
43aad99e-1dbc-4d74-b061-e10b847dea3e,4003245-01030,ElectricMotor1,2MT-DE,2-MT-RH,OV Accel,Acceleration,g,6,36,1.740613,2.2628,2.6109,True,Stable baseline,1.97,0.14754,2.0,3.0,6.0
4e95bfc9-5c27-4ef2-8f21-e1680ea3525a,100-12-34-052-01,ElectricMotor1,2MT-DE,2-MT-RH,HF RMS Accel,BandEnergyFromSpectrum,g,6,35,0.052402,0.0681,0.0786,True,Stable baseline,0.64,0.51928,1.5,3.0,6.0
971c1886-fae1-4e46-bdc2-fedaf770dc42,2204673-20200,Pump1,4PP-NDE,4-PP-RH,Pk-Pk Accel,Acceleration,g,6,50,1.420947,1.8472,2.1314,True,Stable baseline,-0.76,0.5192,3.0,6.0,9.0
4418a4f0-5185-4ca9-8a85-a8ed7d6d8870,100-12-34-177-01,ElectricMotor1,2MT-DE,2-MT-RH,MF RMS Accel,BandEnergyFromSpectrum,g,6,45,0.041864,0.0544,0.0628,True,Stable baseline,0.17,0.87643,0.5,1.0,2.0
6b60b0aa-ef09-4630-b0c3-9a82f9488b6f,100-12-34-137-01,Shaft1,8SH-NDE,8-SH-RV,Pk-Pk Accel,Acceleration,g,6,47,0.454122,,,False,"Unstable (increasing trend, slope=6.3%/month, p=0.000) — ISO alarms remain active",6.33,8e-05,2.0,4.0,6.0
971c1886-fae1-4e46-bdc2-fedaf770dc42,2204673-20200,Pump1,4PP-NDE,4-PP-RH,LF RMS Accel,BandEnergyFromSpectrum,g,6,36,0.050879,,,False,"Unstable (increasing trend, slope=7.5%/month, p=0.000) — ISO alarms remain active",7.5,0.00014,0.2,0.4,0.8
8c097769-c06f-45ff-b124-b425f9a07faf,2204674-25200,LobulusCompressor1,3LC-DE,3-LC-Ax,Pk-Pk Accel,Acceleration,g,6,36,3.137162,,,False,"Unstable (increasing trend, slope=7.8%/month, p=0.001) — ISO alarms remain active",7.79,0.00055,3.0,6.0,9.0
8c097769-c06f-45ff-b124-b425f9a07faf,2204674-25200,ElectricMotor1,2MT-DE,2-MT-RV,MF RMS Accel,BandEnergyFromSpectrum,g,6,45,0.159957,0.2079,0.2399,True,Stable baseline,-0.1,0.944,0.5,1.0,2.0
d02dc63f-663b-465c-8e99-133e530a34f3,2204674-18700,Pump1,4PP-NDE,4-PP-RV,OV Accel,Acceleration,g,6,47,0.205519,0.2672,0.3083,True,Stable baseline,-0.41,0.4679,2.0,3.0,6.0
4418a4f0-5185-4ca9-8a85-a8ed7d6d8870,100-12-34-177-01,GearBox1,3GB-InDE,3-GB-Ax,MF RMS Accel,BandEnergyFromSpectrum,g,6,32,0.192988,0.2509,0.2895,True,Stable baseline,-1.22,0.33467,0.5,1.0,2.0
5d071c42-70ae-41ae-ab75-66543fc85f14,100-12-34-157-01,ElectricMotor1,2MT-DE,2-MT-Ax,Pk-Pk Accel,Acceleration,g,6,50,0.923559,1.2006,1.3853,True,Stable baseline,0.23,0.88575,3.0,6.0,9.0
61567fca-5d02-4da4-933d-d5959c33b06d,100-12-34-510-21,ElectricMotor1,2MT-DE,2-MT-RT,OV Vel,VibrationVelocity,mm/s,6,40,6.463896,,,False,"Unstable (increasing trend, slope=5.5%/month, p=0.000) — ISO alarms remain active",5.46,0.00012,2.3,4.5,7.1
43aad99e-1dbc-4d74-b061-e10b847dea3e,4003245-01030,Pump1,3PP-DE,3-PP-RV,Pk-Pk Accel,Acceleration,g,6,44,7.275918,,,False,"Unstable (increasing trend, slope=6.9%/month, p=0.000) — ISO alarms remain active",6.92,7e-05,3.0,6.0,9.0
1d898064-4876-4e5b-885f-a3ac174fa02b,100-12-34-162-01,ElectricMotor1,1MT-NDE,1-MT-RV,Pk-Pk Accel,Acceleration,g,6,46,0.838429,1.09,1.2576,True,Stable baseline,0.71,0.43725,3.0,6.0,9.0
baa957f8-47b1-4422-b93b-9c0e9c3cf8a3,100-12-34-042-01,ElectricMotor1,1MT-NDE,1-MT-RV,MF Velocity (~3-8X),BandEnergyFromSpectrum,mm/s,2,11,,,,,Insufficient data: 2 months (need 3),,,1.0,3.0,5.0
4322796b-6387-4da8-b21c-a60391237dcb,4002861-50500,ElectricMotor1,1MT-NDE,1-MT-Ax,MF RMS Accel,BandEnergyFromSpectrum,g,6,45,0.234817,0.3053,0.3522,True,Stable baseline,1.99,0.12138,0.5,1.0,2.0
971c1886-fae1-4e46-bdc2-fedaf770dc42,2204673-20200,ElectricMotor1,1MT-NDE,1-MT-RH,MF RMS Accel,BandEnergyFromSpectrum,g,6,44,1.554795,,,False,"Unstable (increasing trend, slope=5.8%/month, p=0.001) — ISO alarms remain active",5.79,0.00086,0.5,1.0,2.0
920f4ad8-e17b-4e95-bb07-fe8ccfbdeb6a,2204674-12200,Pump1,3PP-DE,3-PP-Ax,LF RMS Accel,BandEnergyFromSpectrum,g,6,51,0.071406,0.0928,0.1071,True,Stable baseline,0.27,0.86411,0.2,0.4,0.8
6b5b6534-5ed7-4bf6-959a-47e0f9d1edb4,100-12-34-772-01,Pump1,3PP-DE,3-PP-Ax,Pk-Pk Accel,Acceleration,g,2,19,,,,,Insufficient data: 2 months (need 3),,,3.0,6.0,9.0
9cd3dcc6-d8f4-42a8-bfd4-4957a1c3d83b,2204674-84200,Pump1,4PP-NDE,4-PP-RH,HF RMS Accel,BandEnergyFromSpectrum,g,6,33,0.303638,0.3947,0.4555,True,Stable baseline,0.08,0.951,1.5,3.0,6.0
44b72af3-d034-498f-8d9f-e5fe074eebbd,2204674-85200,ElectricMotor1,2MT-DE,2-MT-Ax,OV Accel,Acceleration,g,6,46,0.061918,0.0805,0.0929,True,Stable baseline,-1.36,0.19393,2.0,3.0,6.0
6b5b6534-5ed7-4bf6-959a-47e0f9d1edb4,100-12-34-772-01,Pump1,3PP-DE,3-PP-Ax,LF RMS Accel,BandEnergyFromSpectrum,g,6,46,0.056278,0.0732,0.0844,True,Stable baseline,-1.86,0.096,0.2,0.4,0.8
4418a4f0-5185-4ca9-8a85-a8ed7d6d8870,100-12-34-177-01,Shaft1,8SH-NDE,8-SH-RH,OV Vel,VibrationVelocity,mm/s,6,38,0.663942,0.8631,0.9959,True,Stable baseline,0.05,0.9384,2.3,4.5,7.1
c6e1ea8c-b0aa-4ab3-b1ab-4a7c92913666,4003245-01050,ElectricMotor1,1MT-NDE,1-MT-RV,OV Accel,Acceleration,g,6,48,0.470592,0.6118,0.7059,True,Stable baseline,0.27,0.50522,2.0,3.0,6.0
4418a4f0-5185-4ca9-8a85-a8ed7d6d8870,100-12-34-177-01,ElectricMotor1,2MT-DE,2-MT-RH,HF RMS Accel,BandEnergyFromSpectrum,g,6,43,0.527617,0.6859,0.7914,True,Stable baseline,1.09,0.27584,1.5,3.0,6.0
9cd3dcc6-d8f4-42a8-bfd4-4957a1c3d83b,2204674-84200,ElectricMotor1,2MT-DE,2-MT-Ax,MF RMS Accel,BandEnergyFromSpectrum,g,6,50,0.087978,0.1144,0.132,True,Stable baseline,1.62,0.26366,0.5,1.0,2.0
4418a4f0-5185-4ca9-8a85-a8ed7d6d8870,100-12-34-177-01,GearBox1,3GB-InDE,3-GB-RV,OV Accel,Acceleration,g,6,47,0.145508,0.1892,0.2183,True,Stable baseline,0.58,0.70221,2.0,3.0,6.0
551c74fc-55de-40ed-aafc-1e0e6781fdfd,100-12-34-510-11,GearBox1,4GB-InNDE,4-GB-RH,MF Velocity (~3-8X),BandEnergyFromSpectrum,mm/s,6,40,2.25055,2.9257,3.3758,True,Stable baseline,2.02,0.16183,1.0,3.0,5.0
6b60b0aa-ef09-4630-b0c3-9a82f9488b6f,100-12-34-137-01,ElectricMotor1,2MT-DE,2-MT-RH,OV Accel,Acceleration,g,2,16,,,,,Insufficient data: 2 months (need 3),,,2.0,3.0,6.0
4a5f1f07-5d69-47ff-ad0c-51f038ca26f5,2204674-80200,Pump1,3PP-DE,3-PP-RV,Pk-Pk Accel,Acceleration,g,6,47,4.912561,,,False,"Unstable (increasing trend, slope=7.5%/month, p=0.000) — ISO alarms remain active",7.5,0.00042,3.0,6.0,9.0
971c1886-fae1-4e46-bdc2-fedaf770dc42,2204673-20200,ElectricMotor1,1MT-NDE,1-MT-RH,HF RMS Accel,BandEnergyFromSpectrum,g,6,39,0.083499,0.1085,0.1252,True,Stable baseline,0.6,0.43838,1.5,3.0,6.0
920f4ad8-e17b-4e95-bb07-fe8ccfbdeb6a,2204674-12200,Pump1,3PP-DE,3-PP-Ax,Pk-Pk Accel,Acceleration,g,6,51,2.835508,3.6862,4.2533,True,Stable baseline,-1.36,0.1734,3.0,6.0,9.0
2f0c1896-955a-4c2b-b25f-c632bd837c5d,100-12-34-122-01,ElectricMotor1,2MT-DE,2-MT-RH,MF Velocity (~3-8X),BandEnergyFromSpectrum,mm/s,6,32,0.28461,0.37,0.4269,True,Stable baseline,1.64,0.10948,1.0,3.0,5.0
ddec0803-5671-4d5f-bcd2-6ad1ec7ba006,2204674-18200,Pump1,4PP-NDE,4-PP-Ax,OV Vel,VibrationVelocity,mm/s,6,51,0.56113,,,False,"Unstable (increasing trend, slope=5.9%/month, p=0.001) — ISO alarms remain active",5.9,0.00132,2.3,4.5,7.1
c5661652-b006-41ac-9678-a9f8cee30d2e,2204674-91700,ElectricMotor1,1MT-NDE,1-MT-RH,Pk-Pk Accel,Acceleration,g,6,34,2.620314,,,False,"Unstable (increasing trend, slope=6.5%/month, p=0.001) — ISO alarms remain active",6.53,0.00063,3.0,6.0,9.0
baa957f8-47b1-4422-b93b-9c0e9c3cf8a3,100-12-34-042-01,Pump1,3PP-DE,3-PP-Ax,MF Velocity (~3-8X),BandEnergyFromSpectrum,mm/s,6,54,0.181503,0.236,0.2723,True,Stable baseline,-0.92,0.56906,1.0,3.0,5.0
2f0c1896-955a-4c2b-b25f-c632bd837c5d,100-12-34-122-01,Pump1,4PP-NDE,4-PP-RV,MF Velocity (~3-8X),BandEnergyFromSpectrum,mm/s,6,45,2.452534,3.1883,3.6788,True,Stable baseline,-0.43,0.69495,1.0,3.0,5.0
cb82f5f4-a90f-417b-9120-982c9cc359e8,100-12-34-182-01,Pump1,4PP-NDE,4-PP-Ax,OV Vel,VibrationVelocity,mm/s,6,36,2.051822,2.6674,3.0777,True,Stable baseline,-2.39,0.06507,2.3,4.5,7.1
baa957f8-47b1-4422-b93b-9c0e9c3cf8a3,100-12-34-042-01,Pump1,3PP-DE,3-PP-RH,MF RMS Accel,BandEnergyFromSpectrum,g,6,39,0.301972,0.3926,0.453,True,Stable baseline,1.47,0.19592,0.5,1.0,2.0
4418a4f0-5185-4ca9-8a85-a8ed7d6d8870,100-12-34-177-01,ElectricMotor1,2MT-DE,2-MT-Ax,MF RMS Accel,BandEnergyFromSpectrum,g,6,35,0.062607,0.0814,0.0939,True,Stable baseline,2.47,0.09258,0.5,1.0,2.0
df615b42-35ae-4d9e-8440-ec02f423d24f,2204674-86700,ElectricMotor1,1MT-NDE,1-MT-RH,OV Vel,VibrationVelocity,mm/s,6,54,5.413498,7.0375,8.1202,True,Stable baseline,0.19,0.87985,2.3,4.5,7.1
6b60b0aa-ef09-4630-b0c3-9a82f9488b6f,100-12-34-137-01,Shaft1,8SH-NDE,8-SH-RV,MF RMS Accel,BandEnergyFromSpectrum,g,6,42,0.025483,,,False,"Unstable (increasing trend, slope=7.0%/month, p=0.000) — ISO alarms remain active",7.03,3e-05,0.5,1.0,2.0
8c097769-c06f-45ff-b124-b425f9a07faf,2204674-25200,ElectricMotor1,1MT-NDE,1-MT-RH,OV Accel,Acceleration,g,6,42,0.628609,,,False,"Unstable (increasing trend, slope=5.6%/month, p=0.000) — ISO alarms remain active",5.58,0.00014,2.0,3.0,6.0
2f0c1896-955a-4c2b-b25f-c632bd837c5d,100-12-34-122-01,Pump1,3PP-DE,3-PP-Ax,Pk-Pk Accel,Acceleration,g,6,54,1.808751,2.3514,2.7131,True,Stable baseline,-1.23,0.4087,3.0,6.0,9.0
6b94553b-624d-41d6-ae32-d3ba7ca02dce,4003245-01060 No.6,Pump1,3PP-DE,3-PP-RH,MF Velocity (~3-8X),BandEnergyFromSpectrum,mm/s,6,39,1.856388,2.4133,2.7846,True,Stable baseline,1.53,0.12852,1.0,3.0,5.0
03730490-e586-4775-9f7d-24435dd06cae,2204674-82200,ElectricMotor1,1MT-NDE,1-MT-Ax,MF Velocity (~3-8X),BandEnergyFromSpectrum,mm/s,6,40,1.281338,1.6657,1.922,True,Stable baseline,-0.37,0.68694,1.0,3.0,5.0
44b72af3-d034-498f-8d9f-e5fe074eebbd,2204674-85200,Pump1,4PP-NDE,4-PP-Ax,MF RMS Accel,BandEnergyFromSpectrum,g,6,47,0.084693,0.1101,0.127,True,Stable baseline,0.14,0.92248,0.5,1.0,2.0
971c1886-fae1-4e46-bdc2-fedaf770dc42,2204673-20200,Pump1,4PP-NDE,4-PP-RV,Pk-Pk Accel,Acceleration,g,6,57,2.000362,2.6005,3.0005,True,Stable baseline,0.48,0.69632,3.0,6.0,9.0
8f669413-f706-47d4-92c1-000af5b89657,2204673-65200,Pump1,4PP-NDE,4-PP-RV,OV Vel,VibrationVelocity,mm/s,6,35,0.44653,0.5805,0.6698,True,Stable baseline,0.79,0.51676,2.3,4.5,7.1
971c1886-fae1-4e46-bdc2-fedaf770dc42,2204673-20200,Pump1,3PP-DE,3-PP-RV,MF RMS Accel,BandEnergyFromSpectrum,g,6,44,0.386559,0.5025,0.5798,True,Stable baseline,1.51,0.32569,0.5,1.0,2.0
cb82f5f4-a90f-417b-9120-982c9cc359e8,100-12-34-182-01,ElectricMotor1,1MT-NDE,1-MT-RH,MF RMS Accel,BandEnergyFromSpectrum,g,6,30,0.311904,0.4055,0.4679,True,Stable baseline,1.92,0.04237,0.5,1.0,2.0
8c097769-c06f-45ff-b124-b425f9a07faf,2204674-25200,LobulusCompressor1,6LC-NDE,6-LC-RH,MF Velocity (~3-8X),BandEnergyFromSpectrum,mm/s,6,38,0.078268,0.1017,0.1174,True,Stable baseline,-2.02,0.12157,1.0,3.0,5.0
1183b785-83bc-4239-9fd1-4c4e5ad0d5f0,2204673-64200,ElectricMotor1,2MT-DE,2-MT-Ax,OV Vel,VibrationVelocity,mm/s,6,31,6.599976,8.58,9.9,True,Stable baseline,-1.6,0.05054,2.3,4.5,7.1
95d59ee7-03e4-4a9e-b4c3-1eb0f2b52d18,100-12-34-452-01,Pump1,3PP-DE,3-PP-RH,MF RMS Accel,BandEnergyFromSpectrum,g,6,45,0.280836,0.3651,0.4213,True,Stable baseline,0.9,0.20827,0.5,1.0,2.0
4e95bfc9-5c27-4ef2-8f21-e1680ea3525a,100-12-34-052-01,Pump1,4PP-NDE,4-PP-RV,OV Accel,Acceleration,g,6,35,0.094709,0.1231,0.1421,True,Stable baseline,1.27,0.05025,2.0,3.0,6.0
971c1886-fae1-4e46-bdc2-fedaf770dc42,2204673-20200,Pump1,4PP-NDE,4-PP-Ax,HF RMS Accel,BandEnergyFromSpectrum,g,6,47,0.012055,0.0157,0.0181,True,Stable baseline,-0.62,0.63304,1.5,3.0,6.0
1183b785-83bc-4239-9fd1-4c4e5ad0d5f0,2204673-64200,Pump1,3PP-DE,3-PP-Ax,LF RMS Accel,BandEnergyFromSpectrum,g,6,41,0.027226,0.0354,0.0408,True,Stable baseline,-1.15,0.4093,0.2,0.4,0.8
10694b53-68ec-4cc5-ba70-011ea9cfc8cb,100-12-34-442-01,Pump1,4PP-NDE,4-PP-RH,MF Velocity (~3-8X),BandEnergyFromSpectrum,mm/s,6,44,0.380766,,,False,"Unstable (increasing trend, slope=8.3%/month, p=0.000) — ISO alarms remain active",8.33,0.00025,1.0,3.0,5.0
df615b42-35ae-4d9e-8440-ec02f423d24f,2204674-86700,ElectricMotor1,2MT-DE,2-MT-RH,OV Vel,VibrationVelocity,mm/s,6,50,5.861291,7.6197,8.7919,True,Stable baseline,2.06,0.09049,2.3,4.5,7.1
ddec0803-5671-4d5f-bcd2-6ad1ec7ba006,2204674-18200,Pump1,4PP-NDE,4-PP-Ax,MF Velocity (~3-8X),BandEnergyFromSpectrum,mm/s,6,40,0.318078,0.4135,0.4771,True,Stable baseline,-2.05,0.1675,1.0,3.0,5.0
c6e1ea8c-b0aa-4ab3-b1ab-4a7c92913666,4003245-01050,Pump1,4PP-NDE,4-PP-RV,MF RMS Accel,BandEnergyFromSpectrum,g,6,29,0.999832,,,False,"Unstable (increasing trend, slope=7.4%/month, p=0.000) — ISO alarms remain active",7.42,6e-05,0.5,1.0,2.0
4e95bfc9-5c27-4ef2-8f21-e1680ea3525a,100-12-34-052-01,Pump1,4PP-NDE,4-PP-Ax,OV Vel,VibrationVelocity,mm/s,6,53,1.010153,1.3132,1.5152,True,Stable baseline,-1.16,0.19801,2.3,4.5,7.1
44b72af3-d034-498f-8d9f-e5fe074eebbd,2204674-85200,ElectricMotor1,1MT-NDE,1-MT-Ax,Pk-Pk Accel,Acceleration,g,1,9,,,,,Insufficient data: 1 months (need 3),,,3.0,6.0,9.0
df615b42-35ae-4d9e-8440-ec02f423d24f,2204674-86700,ElectricMotor1,1MT-NDE,1-MT-RH,Pk-Pk Accel,Acceleration,g,1,12,,,,,Insufficient data: 1 months (need 3),,,3.0,6.0,9.0
920f4ad8-e17b-4e95-bb07-fe8ccfbdeb6a,2204674-12200,ElectricMotor1,1MT-NDE,1-MT-Ax,OV Vel,VibrationVelocity,mm/s,6,39,2.723202,3.5402,4.0848,True,Stable baseline,-0.26,0.80608,2.3,4.5,7.1
971c1886-fae1-4e46-bdc2-fedaf770dc42,2204673-20200,ElectricMotor1,2MT-DE,2-MT-RV,LF RMS Accel,BandEnergyFromSpectrum,g,2,14,,,,,Insufficient data: 2 months (need 3),,,0.2,0.4,0.8
4322796b-6387-4da8-b21c-a60391237dcb,4002861-50500,Pump1,4PP-NDE,4-PP-RH,LF RMS Accel,BandEnergyFromSpectrum,g,6,48,0.068477,0.089,0.1027,True,Stable baseline,1.17,0.39561,0.2,0.4,0.8
f0256864-92af-49d6-b5bb-fa91f04642f9,4003245-01070,ElectricMotor1,2MT-DE,2-MT-Ax,MF RMS Accel,BandEnergyFromSpectrum,g,6,57,0.040096,0.0521,0.0601,True,Stable baseline,-0.74,0.49812,0.5,1.0,2.0
8f669413-f706-47d4-92c1-000af5b89657,2204673-65200,Pump1,3PP-DE,3-PP-RV,OV Vel,VibrationVelocity,mm/s,6,36,0.529258,0.688,0.7939,True,Stable baseline,0.26,0.76135,2.3,4.5,7.1
baa957f8-47b1-4422-b93b-9c0e9c3cf8a3,100-12-34-042-01,Pump1,4PP-NDE,4-PP-RV,MF RMS Accel,BandEnergyFromSpectrum,g,6,42,0.037453,0.0487,0.0562,True,Stable baseline,0.36,0.77936,0.5,1.0,2.0
1183b785-83bc-4239-9fd1-4c4e5ad0d5f0,2204673-64200,ElectricMotor1,2MT-DE,2-MT-RV,MF Velocity (~3-8X),BandEnergyFromSpectrum,mm/s,6,45,2.08372,2.7088,3.1256,True,Stable baseline,-0.04,0.97394,1.0,3.0,5.0
2f0c1896-955a-4c2b-b25f-c632bd837c5d,100-12-34-122-01,ElectricMotor1,2MT-DE,2-MT-RV,OV Accel,Acceleration,g,6,50,0.132374,0.1721,0.1986,True,Stable baseline,1.35,0.36058,2.0,3.0,6.0
c6e1ea8c-b0aa-4ab3-b1ab-4a7c92913666,4003245-01050,Pump1,3PP-DE,3-PP-RV,Pk-Pk Accel,Acceleration,g,6,48,24.437026,31.7681,36.6555,True,Stable baseline,-0.15,0.90028,3.0,6.0,9.0
551c74fc-55de-40ed-aafc-1e0e6781fdfd,100-12-34-510-11,ElectricMotor1,1MT-NDE,1-MT-Ax,HF RMS Accel,BandEnergyFromSpectrum,g,6,41,0.145071,0.1886,0.2176,True,Stable baseline,0.99,0.4173,1.5,3.0,6.0
c706d65c-a78f-4fb0-9716-ca233e3dd7a5,Internal After Fire Pump,Pump1,3PP-DE,3-PP-Ax,1X Vel,PeakValueFromSpectrum,mm/s,6,42,1.281487,,,False,"Unstable (increasing trend, slope=7.8%/month, p=0.000) — ISO alarms remain active",7.76,0.00036,2.0,4.0,6.4
9cd3dcc6-d8f4-42a8-bfd4-4957a1c3d83b,2204674-84200,ElectricMotor1,2MT-DE,2-MT-RH,MF Velocity (~3-8X),BandEnergyFromSpectrum,mm/s,2,15,,,,,Insufficient data: 2 months (need 3),,,1.0,3.0,5.0
1183b785-83bc-4239-9fd1-4c4e5ad0d5f0,2204673-64200,Pump1,3PP-DE,3-PP-RV,MF RMS Accel,BandEnergyFromSpectrum,g,6,60,0.230926,0.3002,0.3464,True,Stable baseline,0.62,0.67932,0.5,1.0,2.0
971c1886-fae1-4e46-bdc2-fedaf770dc42,2204673-20200,ElectricMotor1,1MT-NDE,1-MT-Ax,MF Velocity (~3-8X),BandEnergyFromSpectrum,mm/s,6,39,0.484112,0.6293,0.7262,True,Stable baseline,-1.61,0.26692,1.0,3.0,5.0
4322796b-6387-4da8-b21c-a60391237dcb,4002861-50500,ElectricMotor1,1MT-NDE,1-MT-Ax,Pk-Pk Accel,Acceleration,g,6,55,0.904891,1.1764,1.3573,True,Stable baseline,0.05,0.97183,3.0,6.0,9.0
6b60b0aa-ef09-4630-b0c3-9a82f9488b6f,100-12-34-137-01,ElectricMotor1,1MT-NDE,1-MT-Ax,LF RMS Accel,BandEnergyFromSpectrum,g,6,40,0.014256,0.0185,0.0214,True,Stable baseline,-1.28,0.20025,0.2,0.4,0.8
c6e1ea8c-b0aa-4ab3-b1ab-4a7c92913666,4003245-01050,ElectricMotor1,1MT-NDE,1-MT-Ax,MF RMS Accel,BandEnergyFromSpectrum,g,6,53,0.107122,0.1393,0.1607,True,Stable baseline,-0.64,0.32969,0.5,1.0,2.0
d02dc63f-663b-465c-8e99-133e530a34f3,2204674-18700,ElectricMotor1,2MT-DE,2-MT-RV,MF Velocity (~3-8X),BandEnergyFromSpectrum,mm/s,6,41,0.479225,0.623,0.7188,True,Stable baseline,-0.18,0.90535,1.0,3.0,5.0
44b72af3-d034-498f-8d9f-e5fe074eebbd,2204674-85200,Pump1,4PP-NDE,4-PP-RV,HF RMS Accel,BandEnergyFromSpectrum,g,1,12,,,,,Insufficient data: 1 months (need 3),,,1.5,3.0,6.0
4322796b-6387-4da8-b21c-a60391237dcb,4002861-50500,Pump1,3PP-DE,3-PP-RV,HF RMS Accel,BandEnergyFromSpectrum,g,6,41,0.492236,,,False,"Unstable (increasing trend, slope=5.9%/month, p=0.000) — ISO alarms remain active",5.85,0.00019,1.5,3.0,6.0
6b5b6534-5ed7-4bf6-959a-47e0f9d1edb4,100-12-34-772-01,Pump1,4PP-NDE,4-PP-RV,OV Vel,VibrationVelocity,mm/s,6,56,1.964621,,,False,"Unstable (increasing trend, slope=6.5%/month, p=0.004) — ISO alarms remain active",6.5,0.00384,2.3,4.5,7.1
4418a4f0-5185-4ca9-8a85-a8ed7d6d8870,100-12-34-177-01,ElectricMotor1,1MT-NDE,1-MT-RV,OV Vel,VibrationVelocity,mm/s,6,39,1.501537,1.952,2.2523,True,Stable baseline,-0.58,0.70023,2.3,4.5,7.1
4322796b-6387-4da8-b21c-a60391237dcb,4002861-50500,ElectricMotor1,1MT-NDE,1-MT-RH,OV Accel,Acceleration,g,6,55,2.142894,,,False,"Unstable (increasing trend, slope=5.4%/month, p=0.002) — ISO alarms remain active",5.42,0.00161,2.0,3.0,6.0
ed08d57e-d030-4584-ba5c-b8e95227ae28,100-12-34-599-01,ElectricMotor1,1MT-NDE,1-MT-RH,OV Accel,Acceleration,g,6,48,0.347192,,,False,"Unstable (increasing trend, slope=5.7%/month, p=0.001) — ISO alarms remain active",5.71,0.00059,2.0,3.0,6.0
1183b785-83bc-4239-9fd1-4c4e5ad0d5f0,2204673-64200,ElectricMotor1,2MT-DE,2-MT-RH,MF Velocity (~3-8X),BandEnergyFromSpectrum,mm/s,6,45,3.043339,3.9563,4.565,True,Stable baseline,-1.03,0.4492,1.0,3.0,5.0
95d59ee7-03e4-4a9e-b4c3-1eb0f2b52d18,100-12-34-452-01,Pump1,4PP-NDE,4-PP-RH,OV Vel,VibrationVelocity,mm/s,6,38,1.195893,1.5547,1.7938,True,Stable baseline,0.53,0.7189,2.3,4.5,7.1
4322796b-6387-4da8-b21c-a60391237dcb,4002861-50500,ElectricMotor1,2MT-DE,2-MT-RV,LF RMS Accel,BandEnergyFromSpectrum,g,6,44,0.024294,,,False,"Unstable (increasing trend, slope=7.1%/month, p=0.000) — ISO alarms remain active",7.15,0.00038,0.2,0.4,0.8
4418a4f0-5185-4ca9-8a85-a8ed7d6d8870,100-12-34-177-01,ElectricMotor1,2MT-DE,2-MT-Ax,MF Velocity (~3-8X),BandEnergyFromSpectrum,mm/s,2,11,,,,,Insufficient data: 2 months (need 3),,,1.0,3.0,5.0
d02dc63f-663b-465c-8e99-133e530a34f3,2204674-18700,ElectricMotor1,2MT-DE,2-MT-RH,HF RMS Accel,BandEnergyFromSpectrum,g,6,44,0.165577,0.2153,0.2484,True,Stable baseline,0.33,0.83214,1.5,3.0,6.0
10694b53-68ec-4cc5-ba70-011ea9cfc8cb,100-12-34-442-01,Pump1,3PP-DE,3-PP-RV,MF RMS Accel,BandEnergyFromSpectrum,g,6,49,0.281895,0.3665,0.4228,True,Stable baseline,1.0,0.3164,0.5,1.0,2.0
d02dc63f-663b-465c-8e99-133e530a34f3,2204674-18700,ElectricMotor1,2MT-DE,2-MT-RH,LF RMS Accel,BandEnergyFromSpectrum,g,6,40,0.028029,,,False,"Unstable (increasing trend, slope=6.2%/month, p=0.002) — ISO alarms remain active",6.2,0.00174,0.2,0.4,0.8
eefbb2b9-3bbd-4a72-968e-91890e653b39,100-12-32-142-01,ElectricMotor1,2MT-DE,2-MT-RH,OV Accel,Acceleration,g,6,41,0.141804,0.1843,0.2127,True,Stable baseline,0.6,0.69213,2.0,3.0,6.0
d02dc63f-663b-465c-8e99-133e530a34f3,2204674-18700,ElectricMotor1,2MT-DE,2-MT-RV,MF RMS Accel,BandEnergyFromSpectrum,g,6,50,0.236475,0.3074,0.3547,True,Stable baseline,2.15,0.00477,0.5,1.0,2.0
4a5f1f07-5d69-47ff-ad0c-51f038ca26f5,2204674-80200,Pump1,4PP-NDE,4-PP-RH,OV Vel,VibrationVelocity,mm/s,6,45,1.052681,,,False,"Unstable (increasing trend, slope=6.4%/month, p=0.002) — ISO alarms remain active",6.37,0.00161,2.3,4.5,7.1
2f0c1896-955a-4c2b-b25f-c632bd837c5d,100-12-34-122-01,ElectricMotor1,2MT-DE,2-MT-Ax,Pk-Pk Accel,Acceleration,g,6,60,1.086724,1.4127,1.6301,True,Stable baseline,-1.46,0.24886,3.0,6.0,9.0
61567fca-5d02-4da4-933d-d5959c33b06d,100-12-34-510-21,ElectricMotor1,2MT-DE,2-MT-Ax,2X Vel,PeakValueFromSpectrum,mm/s,6,35,0.588725,0.7653,0.8831,True,Stable baseline,0.04,0.96868,0.9,1.8,2.8
2f0c1896-955a-4c2b-b25f-c632bd837c5d,100-12-34-122-01,ElectricMotor1,1MT-NDE,1-MT-RV,MF RMS Accel,BandEnergyFromSpectrum,g,6,41,0.137129,,,False,"Unstable (increasing trend, slope=6.5%/month, p=0.000) — ISO alarms remain active",6.54,5e-05,0.5,1.0,2.0
971c1886-fae1-4e46-bdc2-fedaf770dc42,2204673-20200,Pump1,3PP-DE,3-PP-RH,MF RMS Accel,BandEnergyFromSpectrum,g,6,45,0.152507,,,False,"Unstable (increasing trend, slope=6.4%/month, p=0.000) — ISO alarms remain active",6.44,0.00034,0.5,1.0,2.0
6b60b0aa-ef09-4630-b0c3-9a82f9488b6f,100-12-34-137-01,ElectricMotor1,2MT-DE,2-MT-Ax,HF RMS Accel,BandEnergyFromSpectrum,g,6,45,0.092685,0.1205,0.139,True,Stable baseline,-1.63,0.10473,1.5,3.0,6.0
8f669413-f706-47d4-92c1-000af5b89657,2204673-65200,ElectricMotor1,2MT-DE,2-MT-RV,MF RMS Accel,BandEnergyFromSpectrum,g,6,45,0.240341,0.3124,0.3605,True,Stable baseline,-0.91,0.41452,0.5,1.0,2.0
4418a4f0-5185-4ca9-8a85-a8ed7d6d8870,100-12-34-177-01,ElectricMotor1,1MT-NDE,1-MT-Ax,Pk-Pk Accel,Acceleration,g,6,48,0.847591,1.1019,1.2714,True,Stable baseline,-0.09,0.95937,3.0,6.0,9.0
f0256864-92af-49d6-b5bb-fa91f04642f9,4003245-01070,ElectricMotor1,2MT-DE,2-MT-RH,OV Accel,Acceleration,g,1,9,,,,,Insufficient data: 1 months (need 3),,,2.0,3.0,6.0
8f669413-f706-47d4-92c1-000af5b89657,2204673-65200,ElectricMotor1,1MT-NDE,1-MT-Ax,MF Velocity (~3-8X),BandEnergyFromSpectrum,mm/s,6,55,0.188633,0.2452,0.2829,True,Stable baseline,-0.39,0.67437,1.0,3.0,5.0
971c1886-fae1-4e46-bdc2-fedaf770dc42,2204673-20200,ElectricMotor1,1MT-NDE,1-MT-RV,OV Accel,Acceleration,g,6,42,0.367898,0.4783,0.5518,True,Stable baseline,-0.15,0.9297,2.0,3.0,6.0
9cd3dcc6-d8f4-42a8-bfd4-4957a1c3d83b,2204674-84200,ElectricMotor1,1MT-NDE,1-MT-RV,Pk-Pk Accel,Acceleration,g,6,36,0.886292,1.1522,1.3294,True,Stable baseline,-0.09,0.95718,3.0,6.0,9.0
8c097769-c06f-45ff-b124-b425f9a07faf,2204674-25200,LobulusCompressor1,5LC-DE,5-LC-Ax,LF RMS Accel,BandEnergyFromSpectrum,g,6,44,0.071733,,,False,"Unstable (increasing trend, slope=6.9%/month, p=0.001) — ISO alarms remain active",6.9,0.00091,0.2,0.4,0.8
6b94553b-624d-41d6-ae32-d3ba7ca02dce,4003245-01060 No.6,Pump1,3PP-DE,3-PP-RH,HF RMS Accel,BandEnergyFromSpectrum,g,2,10,,,,,Insufficient data: 2 months (need 3),,,1.5,3.0,6.0
95d59ee7-03e4-4a9e-b4c3-1eb0f2b52d18,100-12-34-452-01,Pump1,3PP-DE,3-PP-RV,HF RMS Accel,BandEnergyFromSpectrum,g,6,45,0.051914,0.0675,0.0779,True,Stable baseline,-1.03,0.3885,1.5,3.0,6.0
920f4ad8-e17b-4e95-bb07-fe8ccfbdeb6a,2204674-12200,ElectricMotor1,1MT-NDE,1-MT-RH,Pk-Pk Accel,Acceleration,g,6,32,2.02647,2.6344,3.0397,True,Stable baseline,-1.73,0.14648,3.0,6.0,9.0
4418a4f0-5185-4ca9-8a85-a8ed7d6d8870,100-12-34-177-01,GearBox1,4GB-InNDE,4-GB-Ax,OV Vel,VibrationVelocity,mm/s,2,23,,,,,Insufficient data: 2 months (need 3),,,2.3,4.5,7.1
03730490-e586-4775-9f7d-24435dd06cae,2204674-82200,ElectricMotor1,2MT-DE,2-MT-Ax,Pk-Pk Accel,Acceleration,g,6,43,1.647482,,,False,"Unstable (increasing trend, slope=7.0%/month, p=0.000) — ISO alarms remain active",7.02,0.0,3.0,6.0,9.0
43aad99e-1dbc-4d74-b061-e10b847dea3e,4003245-01030,ElectricMotor1,2MT-DE,2-MT-RV,MF RMS Accel,BandEnergyFromSpectrum,g,6,44,0.474333,0.6166,0.7115,True,Stable baseline,0.75,0.50268,0.5,1.0,2.0
6ede0422-81cb-4ec5-a1c5-1d25b11af911,100-12-34-112-01,Pump1,4PP-NDE,4-PP-Ax,MF RMS Accel,BandEnergyFromSpectrum,g,1,10,,,,,Insufficient data: 1 months (need 3),,,0.5,1.0,2.0
03730490-e586-4775-9f7d-24435dd06cae,2204674-82200,ElectricMotor1,2MT-DE,2-MT-Ax,OV Vel,VibrationVelocity,mm/s,6,50,0.74751,0.9718,1.1213,True,Stable baseline,-0.66,0.38389,2.3,4.5,7.1
baa957f8-47b1-4422-b93b-9c0e9c3cf8a3,100-12-34-042-01,Pump1,3PP-DE,3-PP-RH,MF Velocity (~3-8X),BandEnergyFromSpectrum,mm/s,6,49,0.846986,,,False,"Unstable (increasing trend, slope=6.5%/month, p=0.001) — ISO alarms remain active",6.53,0.0007,1.0,3.0,5.0
8f669413-f706-47d4-92c1-000af5b89657,2204673-65200,ElectricMotor1,2MT-DE,2-MT-RH,OV Accel,Acceleration,g,6,43,0.187634,0.2439,0.2815,True,Stable baseline,-0.09,0.92271,2.0,3.0,6.0
2f0c1896-955a-4c2b-b25f-c632bd837c5d,100-12-34-122-01,Pump1,3PP-DE,3-PP-RV,MF RMS Accel,BandEnergyFromSpectrum,g,6,48,0.651171,,,False,"Unstable (increasing trend, slope=6.3%/month, p=0.001) — ISO alarms remain active",6.3,0.00055,0.5,1.0,2.0
ed08d57e-d030-4584-ba5c-b8e95227ae28,100-12-34-599-01,ElectricMotor1,1MT-NDE,1-MT-Ax,MF Velocity (~3-8X),BandEnergyFromSpectrum,mm/s,6,46,0.232979,0.3029,0.3495,True,Stable baseline,-0.65,0.58745,1.0,3.0,5.0
43aad99e-1dbc-4d74-b061-e10b847dea3e,4003245-01030,ElectricMotor1,2MT-DE,2-MT-Ax,HF RMS Accel,BandEnergyFromSpectrum,g,6,42,0.087087,0.1132,0.1306,True,Stable baseline,-0.75,0.63546,1.5,3.0,6.0
920f4ad8-e17b-4e95-bb07-fe8ccfbdeb6a,2204674-12200,Pump1,3PP-DE,3-PP-Ax,OV Vel,VibrationVelocity,mm/s,6,38,2.866151,3.726,4.2992,True,Stable baseline,-0.17,0.89434,2.3,4.5,7.1
f0256864-92af-49d6-b5bb-fa91f04642f9,4003245-01070,Pump1,4PP-NDE,4-PP-RH,OV Vel,VibrationVelocity,mm/s,6,46,4.884741,,,False,"Unstable (increasing trend, slope=6.7%/month, p=0.001) — ISO alarms remain active",6.68,0.00073,2.3,4.5,7.1
1d898064-4876-4e5b-885f-a3ac174fa02b,100-12-34-162-01,ElectricMotor1,1MT-NDE,1-MT-RH,OV Accel,Acceleration,g,6,37,0.15497,,,False,"Unstable (increasing trend, slope=6.5%/month, p=0.001) — ISO alarms remain active",6.52,0.00074,2.0,3.0,6.0
